AGE_Y,lat,long,tempF,humidity,pm10,pm2_5,carbon_monoxide,carbon_dioxide,sulphur_dioxide,nitrogen_dioxide,ozone,count,Index,pm2_5_val,date
71.375,18.92856607,98.91584821,52.88,84,41.6375,moderate,1696.1666,476.5320213,8.054167,35.395832,90.041664,56,0,28.929167,01/01/2023
69.01515152,18.70000606,98.85387576,51.08,86,36.229168,moderate,1600.375,476.5320213,6.1229167,33.375,101.583336,66,1,25.179167,02/01/2023
70.93103448,18.87360944,98.85629528,50.7,73,35.470833,low,1442.375,476.5320213,4.36875,32.160416,77.333336,233,2,24.691666,03/01/2023
72.47089947,18.6553127,98.82190053,51.71,95,36.3875,moderate,1502.0416,476.5320213,4.5666666,26.879166,69.083336,189,3,25.324999,04/01/2023
71.62698413,18.80388889,98.8781373,54.84,94,31.420832,low,1420.4584,476.5320213,3.425,25.9,70.458336,126,4,21.908333,05/01/2023
71.80357143,19.15204405,98.93988393,55.24,87,19.0875,very low,686.375,476.5320213,2.08125,14.087501,70.375,168,5,13.320834,06/01/2023
70.17460317,18.95995238,98.87414286,51.91,79,27.887499,low,1211.25,476.5320213,3.0916665,22.800001,62.333332,63,6,19.516666,07/01/2023
65.40350877,18.79968772,98.78167895,49.87,65,37.670834,moderate,1670.9584,476.5320213,4.4270835,32.09375,81.75,57,7,26.3375,08/01/2023
70.49675325,18.99794416,98.97794123,51.64,62,44.441666,moderate,1834.625,476.5320213,4.80625,33.48125,83.333336,308,8,31.054167,09/01/2023
70.09663866,18.84059874,98.85392143,54.03,80,40.458332,moderate,1630.625,476.5320213,4.272917,33.45625,75.375,238,9,28.25,10/01/2023
70.97826087,18.63340707,98.78430598,54.7,72,42.745834,moderate,1302.5834,476.5320213,9.229167,26.677084,106.25,184,10,29.858332,11/01/2023
71.40714286,18.85574429,98.88133,54.09,64,33.620834,low,1367.0834,476.5320213,4.866667,26.760416,55.083332,140,11,23.4625,12/01/2023
69.72251309,18.93484241,98.92856387,51.84,64,36.600002,moderate,1650,476.5320213,4.0875,31.966667,70.291664,191,12,25.5625,13/01/2023
70.76388889,19.03867222,98.90957222,50.5,56,41.175,moderate,1779.6666,476.5320213,3.9354165,39.964584,78.958336,72,13,28.779167,14/01/2023
69.203125,18.81750781,98.86952813,51.17,58,43.666668,moderate,1769.0416,476.5320213,4.21875,36.48125,101.958336,64,14,30.483332,15/01/2023
70.3030303,18.94733723,98.95828701,50.81,47,37.916668,moderate,1429.625,476.5320213,12.447917,31.333334,123.833336,231,15,26.475,16/01/2023
69.95017794,18.91434626,98.87475943,51.46,55,39.404167,moderate,1050.7084,476.5320213,7.6583333,21.19375,104.083336,281,16,27.491667,17/01/2023
71.83414634,18.74023122,98.87196976,52.5,75,45.2625,moderate,1475.625,476.5320213,5.4562497,33.79375,86.625,205,17,31.583334,18/01/2023
68.53982301,19.06163628,98.97512655,52.5,89,41.054165,moderate,1322.5,476.5320213,5.025,29.447916,90.041664,113,18,28.620834,19/01/2023
70.87330317,18.93822217,98.92481855,53.56,78,43.954166,moderate,1301.5416,476.5320213,9.54375,26.69375,111.791664,221,19,30.65,20/01/2023
69,18.85750308,98.86660923,54.36,73,42.266666,moderate,1398.25,476.5320213,6.660417,32.147915,96.208336,65,20,29.487501,21/01/2023
67.65333333,18.806844,98.82468267,53.69,50,42.204166,moderate,905.5417,476.5320213,5.266667,11.78125,119.5,75,21,29.4625,22/01/2023
70.52631579,19.03878386,98.94496,53.94,38,44.908337,moderate,737.125,476.5320213,6.7291665,8.016666,120.5,285,22,31.345833,23/01/2023
71.06593407,18.94056337,98.88750989,55.04,40,51.1875,moderate,786.8333,476.5320213,11.181251,9.145833,116.708336,273,23,35.720833,24/01/2023
70.32544379,18.75880769,98.84371065,53.82,62,42.508335,moderate,1037,476.5320213,9.622916,18.112501,103.666664,169,24,29.675001,25/01/2023
70.57042254,18.8205,98.87771127,54.39,66,46.204166,moderate,1281.9584,476.5320213,7.8562503,27.425001,100.166664,142,25,32.2625,26/01/2023
69.54545455,19.10559587,98.95947107,56.34,62,52.649998,moderate,1548.4584,476.5320213,15.095833,32.95,129.5,121,26,36.649998,27/01/2023
70.37837838,19.03938784,98.93266622,54.86,64,44.7,moderate,1640.75,476.5320213,13.002083,37.033333,105.166664,74,27,31.129166,28/01/2023
72.71698113,18.73760377,98.8042,53.26,75,53.233334,moderate,2052,476.5320213,7.7999997,34.754166,95.458336,53,28,37.175,29/01/2023
71.041841,18.97134208,98.92070458,52.27,73,67.104164,high,2633.75,476.5320213,7.472917,47.78125,143.04167,240,29,46.904163,30/01/2023
71.7312253,18.92956008,98.87953953,53.89,68,58.8,high,1845.5416,476.5320213,11.308333,30.793749,146.79167,253,30,41.095833,31/01/2023
71.28085106,18.84951149,98.90945447,56.25,59,58.0625,high,1576.875,476.5320213,8.087501,30.606249,117.375,235,31,40.533333,01/02/2023
69.94871795,19.02660382,98.94503631,58.32,58,60.720837,high,1629.0834,476.5320213,8.564584,32.912502,136.54167,157,32,42.3625,02/02/2023
70.83333333,18.88165052,98.87682135,59.67,51,46.958332,moderate,1145.5834,476.5320213,5.491667,21.61875,113.416664,192,33,32.516666,03/02/2023
70.70588235,18.81765529,98.86902588,59.94,64,43.399998,moderate,936.625,476.5320213,4.2083335,18.854166,78.791664,85,34,30,04/02/2023
68.17857143,18.69759123,98.81162456,59.76,74,34.104168,low,809.2917,476.5320213,3.1812499,17.74375,62.583332,57,35,23.554167,05/02/2023
70.81171548,19.08602946,98.96743029,58.5,77,26.629166,low,1158.4166,476.5320213,3.5229168,22.018751,62.625,241,36,18.362501,06/02/2023
69.6123348,18.89065639,98.8704,55.58,46,28.5625,low,1295.1666,476.5320213,3.7208335,25.120834,77.875,227,37,19.841667,07/02/2023
71.62770563,18.77921509,98.87249138,54.18,43,37.479168,moderate,1561.7916,476.5320213,3.7958333,28.033333,73.708336,232,38,26.145834,08/02/2023
70.52459016,18.83752295,98.86292541,52.72,38,36.241665,moderate,1685.2084,476.5320213,3.7958333,30.283333,86.875,122,39,25.304167,09/02/2023
68.93167702,18.9873528,98.88122422,53.82,42,34.0125,low,1652.4166,476.5320213,3.5416667,25.079168,80.333336,161,40,23.720833,10/02/2023
71.70422535,18.86199296,98.91419155,54.09,46,36.379166,moderate,1653.8334,476.5320213,3.5166667,30.041666,79.208336,71,41,25.320833,11/02/2023
70.31481481,18.89841667,98.82862778,54.28,41,41.920834,moderate,901.4583,476.5320213,4.5,10.954166,103.666664,54,42,29.229166,12/02/2023
70.71052632,19.04531692,98.96904286,55,41,43.875,moderate,610.375,476.5320213,5.2458334,6.9,90.541664,266,43,30.570833,13/02/2023
69.33936652,18.91786471,98.88385068,54.28,39,51.399998,moderate,584.6667,476.5320213,5.320833,7.133333,93.166664,221,44,35.820835,14/02/2023
72.02830189,18.81236385,98.9085784,55.89,33,54.995834,high,599.2083,476.5320213,5.4208336,7.8333335,112.333336,213,45,38.2,15/02/2023
71.49425287,18.79255517,98.89904655,63.46,62,38.954166,moderate,875.875,476.5320213,2.3125,16.3625,94.208336,174,46,27.170832,16/02/2023
71.04819277,18.98420241,98.9275012,54.63,96,36.195835,moderate,1202.1666,476.5320213,2.425,22.1875,71.833336,166,47,25.304167,17/02/2023
71.06557377,18.88288852,98.90054426,53.47,94,41.545834,moderate,2015.7916,476.5320213,3.9750001,40.716667,91,61,48,29.029167,18/02/2023
67.12307692,18.91346154,98.89312154,56.5,67,39.545834,moderate,1897.75,476.5320213,4.7791667,36.545834,109.708336,65,49,27.574999,19/02/2023
70.1031746,18.99326746,98.94329087,57.58,51,62.183334,high,1975.0834,476.5320213,7.7125,39.375,104.25,252,50,43.2625,20/02/2023
70.43430657,18.94714562,98.90053759,60.53,64,51.879166,moderate,1664.7916,476.5320213,4.766667,33.204166,70.625,274,51,35.920834,21/02/2023
70.17777778,18.73835644,98.88265822,58.05,63,50.895832,moderate,1632.8334,476.5320213,4.3458333,35.287502,83.875,225,52,35.241665,22/02/2023
72.26035503,18.85092071,98.89297396,57.22,65,57.675,high,1793.625,476.5320213,3.8374999,33.899998,74.708336,169,53,39.925,23/02/2023
69.47761194,19.07630299,98.97892537,57.29,61,60.925,high,1962.5834,476.5320213,5.233333,40.391666,124.916664,134,54,42.291668,24/02/2023
69.6984127,18.88237619,98.86095079,60.46,51,57.270832,high,1555.375,476.5320213,9.966666,32.716667,97.75,63,55,39.658333,25/02/2023
69.5875,18.85164625,98.854865,57.43,69,47.925,moderate,1979,476.5320213,8.033334,37.695835,88.958336,80,56,33.4875,26/02/2023
70.68650794,19.14289685,98.93327992,56.61,69,57.337498,high,2053.2083,476.5320213,11.191667,42.470833,120.708336,254,57,39.658333,27/02/2023
69.93103448,18.91804069,98.89627206,59.74,51,70.950005,high,2012.375,476.5320213,10.183333,39.066666,148.54167,204,58,49.245834,28/02/2023
70.45698925,18.7395172,98.84963817,58.33,48,75.395836,high,1256,476.5320213,11.608334,11.787499,158.75,186,59,52.45,01/03/2023
71.15178571,18.87068496,98.88040442,60.08,39,69.99167,high,883.25,476.5320213,9.779166,6.679167,154.70833,113,60,48.716663,02/03/2023
71.20707071,18.90158442,98.8693201,60.15,39,55.162502,high,660.8333,476.5320213,6.054167,5.929167,115.875,199,61,38.320835,03/03/2023
73.68965517,18.91093966,98.95108448,58.55,50,61.879166,high,680.5833,476.5320213,8.266666,6.4249997,126.083336,58,62,42.895832,04/03/2023
72.14,18.779642,98.823924,57.36,50,68.433334,high,792.0833,476.5320213,6.620833,7.3583336,122.291664,50,63,47.233334,05/03/2023
70.875,18.87544306,98.90470694,58.86,51,63.712498,high,1229,476.5320213,4.6916666,24.479166,107.208336,72,64,44.07083,06/03/2023
69.88235294,18.8679872,98.8702917,58.44,54,64.441666,high,1286.2916,476.5320213,3.5291665,24.645834,93.5,289,65,44.675,07/03/2023
72.00862069,18.72980991,98.84972457,60.06,49,67.645836,high,1703.3334,476.5320213,4.2374997,34.649998,99.708336,232,66,46.970837,08/03/2023
69.45859873,18.94020828,98.89851656,62.74,47,70.316666,high,1144.7084,476.5320213,5.6541667,11.175,152.79167,157,67,48.899998,09/03/2023
69.73364486,19.02524047,98.91407163,61.86,50,66.333336,high,842.4583,476.5320213,6.179167,6.5958333,115.416664,215,68,46.05417,10/03/2023
70.29268293,18.7181988,98.83068434,63.72,42,82.65,high,1048.8334,476.5320213,8.108334,7.804167,121.708336,83,69,57.583332,11/03/2023
70.9375,18.85111563,98.79025938,65.84,40,93.73334,high,1361.7084,476.5320213,5.491667,22.5,109.375,64,70,65.362495,12/03/2023
71.58754864,18.99605564,98.97494125,62.29,71,87.55417,high,1798.5834,476.5320213,8.691667,34.4875,94.208336,257,71,60.920834,13/03/2023
68.68181818,18.85447727,98.8523375,58.17,93,75.620834,high,1780.6666,476.5320213,5.6625,35.212498,105.333336,264,72,52.558334,14/03/2023
69.38528139,18.71505628,98.86795584,59.86,72,61.774998,high,1872.4166,476.5320213,3.8374999,28.604166,82.458336,231,73,42.958332,15/03/2023
70.54395604,18.94304505,98.92255989,65.95,56,49.2,moderate,1287.2916,476.5320213,2.2083333,20.820833,79.666664,182,74,34.141666,16/03/2023
69.53571429,19.05745089,98.9403432,62.33,63,63.729168,high,1676.875,476.5320213,3.1083333,30.370834,92.291664,169,75,44.3,17/03/2023
68.9137931,18.74692586,98.7725,62.31,57,55.462498,high,1316,476.5320213,2.7291667,21.216667,71.5,58,76,38.579166,18/03/2023
66.44067797,18.80494237,98.86396102,62.6,64,52.033337,moderate,1228.2084,476.5320213,2.6333334,21.283335,77.916664,59,77,36.183334,19/03/2023
71.58113208,18.9823,98.9434917,62.82,60,42.825,moderate,1354.7916,476.5320213,2.6625001,17.820833,61.625,265,78,29.5875,20/03/2023
70.51760563,18.97180176,98.90657817,62.91,61,38.554165,moderate,1574.0416,476.5320213,3.425,23.304167,48.666668,284,79,26.608332,21/03/2023
69.35983264,18.78336875,98.84866667,61.14,71,27.154167,low,1246.0834,476.5320213,3.0125,21.804167,54.916668,240,80,18.725,22/03/2023
70.45390071,18.93656454,98.91165532,61.18,54,28.370834,low,1115.125,476.5320213,3.1791668,23.454168,63.666668,141,81,19.470833,23/03/2023
69.47798742,18.98317358,98.91785094,60.48,59,30.416666,low,1387.7084,476.5320213,3.075,23.370834,61.458332,159,82,20.916666,24/03/2023
71.75757576,18.73187273,98.81965455,61.02,61,43.75833,moderate,1555.9584,476.5320213,3.575,27.824999,72.458336,66,83,30.204168,25/03/2023
71,18.86909538,98.91504615,63.36,65,40.454166,moderate,1200.5,476.5320213,2.8708334,25.233332,75.75,65,84,27.941666,26/03/2023
70.78867925,19.05676917,98.8936485,63.05,66,45.8625,moderate,1512.25,476.5320213,3.6708333,29.033333,82.333336,266,85,31.7125,27/03/2023
70.12592593,18.85234333,98.87560148,61.57,53,53.354168,moderate,761.8333,476.5320213,3.8416665,10.866666,98.416664,270,86,37.037502,28/03/2023
69.73181818,18.81568091,98.90878182,62.1,49,86.270836,high,757.2917,476.5320213,4.875,10.525001,82.916664,220,87,60.0125,29/03/2023
70.6433121,18.97698981,98.92234713,61.97,43,90.65833,high,735.125,476.5320213,4.991667,8.841666,97.458336,157,88,62.9875,30/03/2023
70.34042553,18.93080106,98.92432275,62.64,56,67.895836,high,600.2083,476.5320213,4.1916666,6.1124997,97.583336,189,89,46.95,31/03/2023
74.19178082,19.01128493,98.9450589,64.94,51,67.166664,high,648.125,476.5320213,4.2875,5.6583333,116.291664,73,90,46.475002,01/04/2023
72.32258065,18.90266452,98.90057097,63.28,72,39.829166,moderate,454.41666,476.5320213,3.4375,5.6458335,83.791664,62,91,27.441666,02/04/2023
70.57575758,18.98482689,98.94266742,61.38,49,35.158333,low,436.41666,476.5320213,3.4583333,5.491667,72.333336,264,92,24.0625,03/04/2023
69.85858586,18.85291717,98.86128148,61.36,56,40.179165,moderate,470.5,476.5320213,3.7749999,5.233333,88.958336,297,93,27.520834,04/04/2023
69.79411765,18.78157479,98.87388697,60.08,46,56.337498,high,581.875,476.5320213,3.966667,5.8416667,98.5,238,94,38.912502,05/04/2023
66.6875,18.74542375,98.80549625,63.73,44,68.512505,high,709.7917,476.5320213,4.7083335,6.1541667,109.458336,80,95,47.57083,06/04/2023
69.99473684,19.04310789,98.93675105,66.54,48,75.39167,high,748.7083,476.5320213,4.9333334,6.5375,107.583336,190,96,52.30417,07/04/2023
68.74418605,18.87801163,98.93157907,66.9,40,62.462498,high,679.5833,476.5320213,4.4791665,5.7708335,106.125,43,97,43.129166,08/04/2023
69.96923077,18.92858462,98.89004769,67.05,36,50.254166,moderate,624.5417,476.5320213,4.241667,5.5375,102.083336,65,98,34.579166,09/04/2023
70.2037037,19.0086163,98.97272111,67.73,51,40.983334,moderate,529.7917,476.5320213,3.8083334,4.8125,94.833336,270,99,28.245834,10/04/2023
69.7519685,18.8971626,98.87645748,66.02,39,53.0125,moderate,638.375,476.5320213,4.6541667,5.7666664,100.166664,254,100,36.716667,11/04/2023
69.3377193,18.93714847,98.91367162,66.83,49,68.762505,high,712.6667,476.5320213,4.55,4.304167,115.166664,229,101,47.825,12/04/2023
69.81034483,18.88355862,98.82301552,67.86,57,51.208332,moderate,583.7917,476.5320213,3.7708333,3.4166667,104.166664,58,102,35.408333,13/04/2023
68.35135135,18.85964054,98.84147568,67.6,56,43.45,moderate,1048.5,476.5320213,4.1208334,20.762499,88.416664,74,103,30.054167,14/04/2023
72.60294118,18.88938971,98.81645735,65.98,40,61.720837,high,720.0833,476.5320213,5.1458335,6.7125,98.666664,68,104,42.879166,15/04/2023
68.88135593,18.89580508,98.85700678,67.96,36,53.645832,moderate,592.2083,476.5320213,4.2166667,5.1625,87.916664,59,105,37.025,16/04/2023
68.78873239,18.94041972,98.84814225,67.78,53,47.016666,moderate,516.5,476.5320213,3.5041666,4.545833,94.666664,71,106,32.412502,17/04/2023
70.63099631,18.89620849,98.86198118,64.81,47,46.575,moderate,629.375,476.5320213,3.6416667,6.2125,104.833336,271,107,32.204166,18/04/2023
70.55263158,18.71356157,98.8206655,68.27,53,51.545834,moderate,510.79166,476.5320213,4.0333333,3.9666665,100.208336,229,108,35.670834,19/04/2023
70.2,18.98103636,98.92152818,67.28,70,52.274998,moderate,491.20834,476.5320213,3.1416667,3.8999999,92.875,110,109,35.991665,20/04/2023
70.93103448,18.90033966,98.87408707,65.08,78,50.958332,moderate,448.16666,476.5320213,3.5833333,4.7374997,85.166664,232,110,34.866665,21/04/2023
70.27142857,18.87571429,98.85402,66.09,69,58.254166,high,445.75,476.5320213,3.3791666,4.7208333,82.5,70,111,39.8875,22/04/2023
70.84482759,18.7896931,98.87319138,63.72,72,46.100002,moderate,455.95834,476.5320213,2.9166667,5.3125,72.791664,58,112,31.3375,23/04/2023
69.86254296,19.07972662,98.96839625,67.28,57,48.75833,moderate,1042.875,476.5320213,3.2375,23.016668,60.833332,293,113,33.029167,24/04/2023
72.56944444,18.96712014,98.90151111,69.42,44,43.295834,moderate,1271.6666,476.5320213,2.8166666,23.804167,61.125,288,114,29.341667,25/04/2023
70.05069124,18.74594839,98.78283456,69.66,41,43.541668,moderate,779.7917,476.5320213,2.2666667,12.5,68.291664,217,115,29.966667,26/04/2023
69.20979021,19.02973147,98.92431678,66.61,62,46.583332,moderate,915.25,476.5320213,2.2749999,17.020834,64.208336,143,116,32.295834,27/04/2023
70.4519774,19.05022034,98.90702655,65.3,62,30.35,low,720.7917,476.5320213,2.1666667,14.170834,68.333336,177,117,20.6,28/04/2023
69.90322581,18.93848548,98.95493548,69.8,43,29.65,low,667.125,476.5320213,2.1541667,13.400001,70.083336,62,118,20.204166,29/04/2023
68.36170213,18.80383404,98.75590638,70.72,47,39.4875,moderate,486.79166,476.5320213,3.9875,4.204167,93.5,47,119,27.120834,30/04/2023
70.79583333,18.99750581,98.9291278,69.04,63,38.533333,moderate,552.4167,476.5320213,3.2124999,5.045833,92.208336,241,120,26.737501,01/05/2023
71.20577617,19.0095065,98.90486354,68.27,65,33.091667,low,520.25,476.5320213,2.5,6.2125,73.125,277,121,22.862501,02/05/2023
70.65652174,18.80714372,98.88736797,68.43,63,41.149998,moderate,475.33334,476.5320213,3.2375,5.8916664,64.083336,231,122,28.358332,03/05/2023
73.15584416,18.83268442,98.85272338,68.36,61,34.058334,low,434.45834,476.5320213,2.7625,4.875,62.458332,77,123,23.433334,04/05/2023
68,18.79085362,98.82576377,69.28,55,30.558334,low,432.58334,476.5320213,2.5583334,4.9249997,60.166668,69,124,20.845833,05/05/2023
68.94339623,19.0840717,98.96642075,70.79,50,21.170834,very low,380.5,476.5320213,2.3208334,5.233333,51.291668,53,125,14.458333,06/05/2023
70.28205128,19.11069744,98.8557,72.99,49,25.870834,low,390.5,476.5320213,2.7583332,5.4874997,48.625,39,126,17.791666,07/05/2023
71.32113821,18.99720325,98.97923252,72.68,53,31.820833,low,385.58334,476.5320213,2.1833334,3.8791666,80.25,246,127,21.945833,08/05/2023
70.6101083,18.85611336,98.85870325,68.63,72,31.758333,low,412.25,476.5320213,2.7291667,4.9625,70.916664,277,128,21.8125,09/05/2023
72.13333333,18.82206923,98.89226205,66.47,71,24.645834,low,371.875,476.5320213,2.1499999,4.4958334,67.416664,195,129,16.929167,10/05/2023
73.96899225,18.94463077,98.94668077,66.72,70,24.866667,low,820.9167,476.5320213,1.9083333,18.020834,63.541668,130,130,17.324999,11/05/2023
70.29299363,18.86275159,98.86044841,66.24,77,20.85,very low,670,476.5320213,1.3666667,11.358334,81.125,157,131,14.554166,12/05/2023
71.5625,18.72546458,98.81019167,64.85,79,12.304166,very low,454.41666,476.5320213,1.6958333,11.229167,41.791668,48,132,8.558333,13/05/2023
67.39655172,18.7807931,98.82411379,64.53,79,16.391666,very low,367.08334,476.5320213,1.0416666,8.183333,52.833332,58,133,10.962501,14/05/2023
70.98190045,19.05310633,98.97220271,64.8,69,21.891668,low,981.75,476.5320213,1.9916667,19.795834,57.208332,221,134,15.141666,15/05/2023
70.075,18.98667036,98.90938393,65.5,69,29.441666,low,1114.9584,476.5320213,2.5166667,20.237501,66.291664,280,135,19.7875,16/05/2023
70.73214286,18.84679821,98.84138929,65.68,68,33.791668,low,1314.6666,476.5320213,3.0083332,25.5625,68.666664,56,136,22.758333,17/05/2023
69.58490566,18.89415346,98.9185522,66.02,66,35.258335,low,1167.1666,476.5320213,2.8708334,23.154167,64.958336,159,137,23.641668,18/05/2023
71.26573427,18.89666713,98.85770559,66.81,65,35.204166,low,1173.4166,476.5320213,3.1375,22.291666,66.041664,143,138,23.779167,19/05/2023
70.78723404,18.89156596,98.8690383,67.03,66,27.845833,low,957.2917,476.5320213,2.2708333,20.358334,64.333336,47,139,18.433332,20/05/2023
65.6097561,18.82821707,98.84788537,67.44,67,32.162502,low,955.2083,476.5320213,2.1583333,19.341667,64.25,41,140,21.420832,21/05/2023
70.95348837,19.09374654,98.95181538,69.08,64,26.262499,low,534.9583,476.5320213,1.2666667,10.279166,74.625,260,141,17.616667,22/05/2023
70.9140625,19.02385039,98.91670781,68.94,67,29.970833,low,604.5417,476.5320213,1.5916667,12.133334,69.708336,256,142,20.466667,23/05/2023
70.592,18.67744802,98.76625913,66.27,76,27.591667,low,730.125,476.5320213,1.9666667,16.208334,62.833332,252,143,18.820833,24/05/2023
71.92913386,18.88802205,98.92903937,61.83,86,31.141665,low,704.1667,476.5320213,2.0958333,15.25,72.583336,127,144,20.883333,25/05/2023
70.76344086,19.07475161,98.93165538,68.18,67,24.895834,low,614.5,476.5320213,1.4125,13.75,61.75,186,145,16.675001,26/05/2023
72.81632653,18.879708,98.908934,69.17,62,28.779167,low,712.0417,476.5320213,1.6125001,16.116667,63.041668,50,146,19.449999,27/05/2023
70.58181818,18.82514,98.86617455,69.33,62,31.395834,low,734.8333,476.5320213,2.4125001,15.804166,79.125,55,147,21.383333,28/05/2023
69.88412017,18.95151845,98.92996996,67.08,73,47.379166,moderate,1096.1666,476.5320213,4.9375,22.045832,86.291664,233,148,32.745834,29/05/2023
71.42253521,19.01004401,98.91653028,68,68,32.225002,low,920.2917,476.5320213,4.6666665,17.933332,92.75,284,149,22.304167,30/05/2023
71.11398964,18.74254974,98.89217306,66.87,74,21.454168,very low,587.8333,476.5320213,1.6999999,10.875,73,193,150,14.8625,31/05/2023
69.69047619,19.03310357,98.94489048,67.39,76,16.329166,very low,606.4167,476.5320213,1.5041666,13.291667,65.875,84,151,11.391666,01/06/2023
70.08125,18.9692025,98.84954063,67.93,71,19.579166,very low,833.9167,476.5320213,1.7416667,14.8,61.583332,160,152,13.625,02/06/2023
70.65116279,18.92287907,98.94108372,67.82,68,22.85,low,1010.125,476.5320213,1.8833333,14.716667,54.208332,43,153,15.770833,03/06/2023
66.5625,18.79326061,98.87121515,68,69,17.008333,very low,550.9583,476.5320213,1.3458333,12.837501,53,33,154,11.729167,04/06/2023
70.01408451,18.78872113,98.85232676,66.06,78,20.004168,very low,617.8333,476.5320213,1.5541667,14.116666,54.208332,71,155,13.854167,05/06/2023
71.24,18.8443788,98.8612272,66.6,77,21.737501,low,643.2917,476.5320213,1.6750001,15.329166,62.166668,250,156,15.0625,06/06/2023
70.37234043,18.62989947,98.8281016,66.65,79,20.583334,very low,680.7917,476.5320213,1.8625001,16.699999,55.916668,188,157,14.295834,07/06/2023
72.2,18.9662234,98.93026879,65.16,81,20.3125,very low,847.125,476.5320213,1.7458334,19.766666,51.25,141,158,14.208333,08/06/2023
69.68382353,18.94255294,98.83585294,66.24,77,20.829166,very low,869.625,476.5320213,1.7916666,18.220833,59.125,136,159,14.5125,09/06/2023
69.98148148,18.72116481,98.81920185,65.97,74,29.716667,low,1225.4166,476.5320213,2.1791666,24.041666,62.625,54,160,20.679167,10/06/2023
71.62790698,18.92796744,98.87566512,67.96,70,22.512499,low,1010.0833,476.5320213,2.3458333,22.387499,57.166668,43,161,15.695834,11/06/2023
71.1440678,18.99463008,98.98040763,66.88,74,20.566668,very low,775.4167,476.5320213,1.6833334,16.958334,64.916664,236,162,14.279167,12/06/2023
71.22457627,18.88910212,98.87513856,65.98,77,11.145833,very low,471.54166,476.5320213,0.8458333,12.075,49.416668,236,163,7.808333,13/06/2023
71.7,18.74027318,98.85720182,65.75,74,13.075,very low,631.6667,476.5320213,1.25,15.104167,49.041668,220,164,9.150001,14/06/2023
70.41843972,18.95811844,98.89647021,64.96,79,20.1,very low,935.2083,476.5320213,2.0291667,19.745832,55.666668,141,165,14.070834,15/06/2023
69.4375,19.08041491,98.9570354,66.69,75,20.870832,very low,951.75,476.5320213,2.0375001,17.045834,52.166668,161,166,14.429166,16/06/2023
69.18867925,18.8713963,98.89054815,67.84,73,16.945833,very low,818.125,476.5320213,1.9625,15.9375,44.875,54,167,11.666667,17/06/2023
71.73913043,18.81343043,98.85073913,69.4,68,17.104166,very low,766.9583,476.5320213,1.775,15.1875,53.166668,46,168,11.891666,18/06/2023
71.23181818,18.99812045,98.98473636,68.2,72,17.008333,very low,834.375,476.5320213,1.8833333,14.541667,43.791668,220,169,11.820834,19/06/2023
71.37979094,18.96187909,98.88362404,67.62,71,13.933333,very low,535.1667,476.5320213,1.6333333,12.2375,47.291668,287,170,9.729167,20/06/2023
70.98611111,18.7126412,98.86108889,66.6,73,15.733334,very low,958.7083,476.5320213,2.4041667,15.016666,37.958332,216,171,10.962501,21/06/2023
70.3358209,18.95217704,98.88637333,66.33,69,15.570834,very low,956.0417,476.5320213,2.5,15.170834,40,135,172,10.891666,22/06/2023
69.85826772,18.99848203,98.92847109,66.04,73,13.95,very low,748.5,476.5320213,1.8874999,11.591667,33.083332,128,173,9.758333,23/06/2023
73.74358974,19.12828462,98.97166923,67.12,71,16.954166,very low,1014.125,476.5320213,2.2166667,14.091667,34.708332,39,174,11.866666,24/06/2023
73.44444444,18.73725333,98.82182667,65.77,76,16.745832,very low,703.4167,476.5320213,2.1499999,18.6875,35.125,45,175,11.741666,25/06/2023
70.73782772,19.13101567,98.94923657,65.7,73,17.783333,very low,835.9167,476.5320213,1.65,23.762499,37.416668,268,176,12.470833,26/06/2023
70.0261194,18.95030336,98.90714813,66.78,72,17.716667,very low,458.875,476.5320213,2.8374999,12.595833,40.5,268,177,12.616666,27/06/2023
71.12,18.71030571,98.813076,66.96,74,16.574999,very low,390.41666,476.5320213,3.2791665,11.849999,37.958332,175,178,11.775001,28/06/2023
72.29357798,18.98077064,98.95704679,67.19,76,19.7875,very low,418.16666,476.5320213,3.2875001,11.675,42.916668,109,179,13.916667,29/06/2023
72.01438849,18.95650786,98.89594857,67.14,74,21.470833,very low,561.7917,476.5320213,5.445833,14.099999,38.166668,140,180,14.8,30/06/2023
71.73809524,18.72882143,98.85721429,68.63,72,20.904167,very low,322.125,476.5320213,2.4875,9.233334,41.458332,42,181,14.037499,01/07/2023
68.11538462,18.86924808,98.90225385,69.22,71,14.258334,very low,315.20834,476.5320213,2.3875,8.5125,37.5,52,182,9.829166,02/07/2023
71.6173913,19.06216087,98.95716435,68.02,71,8.383333,very low,287,476.5320213,2.1416667,8.370833,31.458334,230,183,5.870833,03/07/2023
70.46090535,18.77124856,98.81242963,66.29,76,8.095834,very low,301.875,476.5320213,2.0125,8.520833,28.041666,243,184,5.6749997,04/07/2023
71.31937173,18.74237958,98.86207173,65.68,79,9.220834,very low,347.29166,476.5320213,2.5041666,9.349999,30.125,191,185,6.4583335,05/07/2023
72.79710145,18.93779783,98.91089565,64.71,75,13.308333,very low,525.2083,476.5320213,4.9458337,9.9375,31.833334,138,186,9.379167,06/07/2023
71.18954248,18.93598889,98.93480719,65.73,75,13.95,very low,442.25,476.5320213,3.8374999,10.087501,35.291668,153,187,9.866667,07/07/2023
71.78723404,18.78496596,98.85974894,68.94,69,17.991667,very low,300.875,476.5320213,2.7250001,8.270833,48.875,47,188,12.858334,08/07/2023
65.75,18.73072656,98.82976719,66.83,76,18.733334,very low,335.25,476.5320213,4.5666666,9.133333,54.666668,64,189,13.345833,09/07/2023
71.58849558,19.10134956,99.00378274,67.3,76,16.125,very low,411.75,476.5320213,3.7083333,13.383334,42.458332,226,190,11.325,10/07/2023
70.93877551,18.9303602,98.8913699,66.42,75,12.254167,very low,329.16666,476.5320213,2.3958333,9.433333,28.666666,196,191,8.775001,11/07/2023
68.57635468,18.7435867,98.8459,65.68,76,13.295834,very low,658.1667,476.5320213,6.120833,14.258334,27.625,203,192,9.337501,12/07/2023
69.81300813,18.96390407,98.93336423,65.95,75,11.337501,very low,557.2083,476.5320213,4.7833333,11.229167,31.791666,123,193,7.9249997,13/07/2023
70.72789116,19.11807755,98.93084558,66.6,70,12.4375,very low,507.79166,476.5320213,3.9375,10.741666,34.416668,147,194,8.8875,14/07/2023
72.13953488,18.82133023,98.90661395,65.75,75,10.375,very low,422.375,476.5320213,3,9.104167,32.708332,43,195,7.3583336,15/07/2023
66.75,19.05415278,98.86862222,66.65,75,10.349999,very low,376.25,476.5320213,2.5208333,9.191667,28.958334,36,196,7.3333335,16/07/2023
70.29184549,18.947203,98.95469442,67.12,74,17.8125,very low,370.70834,476.5320213,2.6333334,10.045834,47.75,233,197,12.337501,17/07/2023
71.41281139,18.88134164,98.85591281,66.45,76,14.908333,very low,368.41666,476.5320213,2.425,8.5625,46.625,281,198,10.254167,18/07/2023
70.61928934,18.6996802,98.80631371,68.11,74,17.729166,very low,361.75,476.5320213,2.7083333,10.05,44.958332,197,199,12.345833,19/07/2023
70.03225806,19.0317379,98.95322903,68.65,72,18.495832,very low,549,476.5320213,3.9833333,15.0125,38.083332,124,200,12.95,20/07/2023
70.22285714,18.93618457,98.88325371,66.67,75,17.358334,very low,367.08334,476.5320213,3.0375001,9.870833,52.875,175,201,12.133334,21/07/2023
74.57627119,18.86144407,98.93627966,65.97,79,16.800001,very low,371.66666,476.5320213,3.7749999,9.116667,65.916664,59,202,11.770833,22/07/2023
65.84444444,18.75350444,98.87434,67.86,73,25,low,519.6667,476.5320213,5.6375003,14.849999,67.041664,45,203,17.508333,23/07/2023
69.65966387,19.09627311,98.95880546,69.71,69,22.741667,low,569.7917,476.5320213,4.35,13.729167,59.708332,238,204,15.941667,24/07/2023
70.70926518,18.92792843,98.90158466,67.91,72,21.375,low,571.5417,476.5320213,4.5875,18.4,41.625,313,205,15.0125,25/07/2023
71.39583333,18.61925625,98.79470781,67.42,73,10.4875,very low,381.5,476.5320213,3.4583333,9.575,33.5,192,206,7.4708333,26/07/2023
70.8807947,19.12422781,98.98764172,68.5,69,7.6583333,very low,264.91666,476.5320213,2.0833333,7.5291667,34.625,151,207,5.4125,27/07/2023
68.03125,18.81174063,98.84970625,69.44,69,6.3125,very low,263.20834,476.5320213,2.0583334,7.245833,31.791666,32,208,4.366667,28/07/2023
65.95238095,18.86119524,98.89195,70.07,70,9.308333,very low,367.75,476.5320213,3,11.349999,28.125,42,209,6.5125003,29/07/2023
67.16666667,18.9608,98.89061,67.5,76,8.683333,very low,301.625,476.5320213,2.5916667,9.4875,35.666668,30,210,6.066667,30/07/2023
69.3826087,19.23484957,99.04029565,66.11,81,6.2083335,very low,238.95833,476.5320213,2.0666666,7.558333,35.916668,115,211,4.3416667,31/07/2023
70.2,18.82011429,98.93033143,65.68,83,8.733334,very low,394.91666,476.5320213,2.7875001,12.266666,30.166666,35,212,6.0916667,01/08/2023
69.60714286,18.747675,98.87356429,65.79,80,11.408333,very low,420.04166,476.5320213,3.2666667,13.004167,36.916668,56,213,7.9500003,02/08/2023
71.64393939,18.89324848,98.92261212,64.92,81,11.6125,very low,474.33334,476.5320213,3.8208332,14.395833,34.25,132,214,8.070833,03/08/2023
71.4047619,18.99433095,98.90520119,65.86,80,10.695834,very low,476.625,476.5320213,3.3625,13.020833,30.583334,168,215,7.3125,04/08/2023
70.01724138,18.73529828,98.85280517,64.56,83,11.145833,very low,405.45834,476.5320213,2.9541667,11.425,30,58,216,7.4208336,05/08/2023
71.77777778,18.89874667,98.85891556,65.43,78,10.141666,very low,383.125,476.5320213,2.9166667,11.395833,29.833334,45,217,6.7999997,06/08/2023
71.43902439,19.00518488,98.94425122,63.59,83,8.0125,very low,357.375,476.5320213,2.8833332,11.587501,29.583334,205,218,5.5875,07/08/2023
70.77959184,18.92908939,98.88738857,63.3,80,7.7625003,very low,370.875,476.5320213,2.8583333,12.666667,27.333334,245,219,5.433333,08/08/2023
70.93564356,18.76423465,98.86133218,62.76,83,10.629167,very low,538.9583,476.5320213,3.9875,14.304166,32.333332,202,220,7.3916664,09/08/2023
70.67625899,18.97586403,98.95900719,63.72,82,15.816667,very low,684.4583,476.5320213,6.2291665,16.520834,39.458332,139,221,10.854167,10/08/2023
71.23780488,19.07371576,98.93050848,64.81,75,17.541666,very low,654.7917,476.5320213,5.6458335,13.650001,38.125,165,222,11.791667,11/08/2023
72.36363636,18.85031818,98.86137576,66.07,72,22.908333,low,640.4583,476.5320213,5.445833,14.295834,35.125,33,223,15.054166,12/08/2023
70.40540541,19.08758649,98.95869189,65.8,73,27.620834,low,686.125,476.5320213,5.4833336,14.8625,32.833332,37,224,17.866667,13/08/2023
68.52173913,18.9797587,98.87222609,67.32,75,19.370832,very low,765.7083,476.5320213,6.308333,17.225,32.125,46,225,13.412499,14/08/2023
70.11904762,18.85393571,98.86658469,67.03,74,19.658333,very low,597.6667,476.5320213,4.491667,17.383333,33.083332,294,226,13.820834,15/08/2023
71.21910112,18.76961844,98.88124581,66.24,80,17.254168,very low,481.79166,476.5320213,3.4416666,13.529167,37.333332,179,227,12.170834,16/08/2023
69.93333333,18.95402975,98.94084545,65.7,80,14.704166,very low,447.75,476.5320213,3.1000001,13.483334,40.833332,121,228,10.483334,17/08/2023
71.47826087,18.99428714,98.93064857,65.03,81,18.358334,very low,545.1667,476.5320213,3.9833333,11.337501,39.583332,140,229,13.054166,18/08/2023
70.6122449,18.79100612,98.86184286,66.31,76,19.1,very low,448,476.5320213,3.2541666,10.008333,37.458332,49,230,13.545834,19/08/2023
70.39130435,18.83887609,98.92142391,65.32,79,25.091667,low,407.5,476.5320213,2.7833335,10.491667,44.333332,46,231,17.704166,20/08/2023
71.81481481,19.08833687,99.00389493,67.73,75,15.620833,very low,440.20834,476.5320213,3.5125,12.745833,39.333332,217,232,11.170834,21/08/2023
70.30258303,19.00509188,98.92326827,66.52,76,17.304167,very low,655.7083,476.5320213,5.7333336,17.512499,34.625,271,233,12.220833,22/08/2023
70.93251534,18.82057975,98.8552546,66.83,75,17.583334,very low,714.7917,476.5320213,6.6666665,18.012499,31.625,163,234,12.233334,23/08/2023
71.11940299,18.98482239,98.91401493,66.04,74,14.208333,very low,516.7917,476.5320213,3.7291667,12.087501,32.25,134,235,9.970834,24/08/2023
71.4127907,19.00395465,98.92857326,66.16,77,13.370833,very low,541,476.5320213,4.241667,10.2375,32.541668,172,236,9.133333,25/08/2023
71.08,18.703064,98.82681333,66.04,76,9.766666,very low,438.79166,476.5320213,3.1458333,9.466666,32.958332,75,237,6.679167,26/08/2023
68.48888889,18.89581778,98.89623778,65.61,78,11.304166,very low,483.08334,476.5320213,4.1291666,10.129167,32.625,45,238,7.7333336,27/08/2023
71.7625,19.07098884,98.9682595,65.88,74,12.829166,very low,478.91666,476.5320213,3.2583332,11.483334,32.625,242,239,8.954166,28/08/2023
70.96086957,18.92856926,98.89226537,66.11,75,16.220833,very low,361.66666,476.5320213,2.8958333,9.5125,52.5,231,240,11.458333,29/08/2023
70.04597701,18.70503771,98.85431143,66.61,79,14.033333,very low,365.58334,476.5320213,3.7833335,9.929167,55.958332,175,241,9.883333,30/08/2023
71.70689655,18.97223621,98.94851897,66.42,78,17.9,very low,543.7083,476.5320213,3.9624999,15.879167,44.916668,116,242,12.587501,31/08/2023
70.36842105,18.80787895,98.88704035,67.01,76,19.545834,very low,504.58334,476.5320213,3.2291667,13.058333,57.041668,114,243,13.75,01/09/2023
70.14634146,18.67663659,98.80671463,67.01,76,23.591667,low,823.5833,476.5320213,5.9125,20.583334,55.791668,41,244,16.5,02/09/2023
65.91111111,18.7592913,98.81677609,66.67,76,30.733332,low,806.1667,476.5320213,5.804167,21.3125,71,46,245,21.479166,03/09/2023
70.23557692,19.06659476,98.96337381,66.18,76,25.558334,low,506.16666,476.5320213,5.5833335,10.804166,93.333336,210,246,17.783333,04/09/2023
69.90361446,18.86181928,98.86482088,66.61,75,16.525,very low,458.04166,476.5320213,6.429167,11.75,63.208332,249,247,11.570834,05/09/2023
70.5617284,18.76071411,98.87168037,66.47,80,16.541666,very low,516.5417,476.5320213,4.991667,17.720833,33.666668,163,248,11.6375,06/09/2023
70.61061947,18.91841947,98.94676549,64.62,81,16.708334,very low,412.25,476.5320213,2.9833333,11.595833,45.333332,113,249,11.708333,07/09/2023
68.93506494,18.97633052,98.83983377,66.6,78,17.170834,very low,422.875,476.5320213,3.4583333,11.929166,50.958332,154,250,12.070834,08/09/2023
71.3442623,18.5998541,98.8241623,66.02,81,15.070834,very low,403.16666,476.5320213,3.2749999,9.891666,54.5,61,251,10.599999,09/09/2023
70.40625,18.72118438,98.8559625,65.57,80,15.925,very low,495.95834,476.5320213,4.3083334,15.037499,37.958332,32,252,11.208333,10/09/2023
70.31924883,19.04165654,98.98425888,65.86,80,11.483334,very low,351.25,476.5320213,2.7458334,11.175,30.375,214,253,8.083333,11/09/2023
70.135,18.8536275,98.867596,64.72,82,12.316667,very low,509.20834,476.5320213,3.8958333,15.558333,30.541666,200,254,8.645833,12/09/2023
69.55757576,18.69297289,98.78401084,64.9,75,13.416667,very low,548.2917,476.5320213,4.3541665,16.833334,30.166666,166,255,9.379167,13/09/2023
71.19230769,18.93494744,98.94373013,64.54,79,16.458334,very low,565.125,476.5320213,4.5583334,17.050001,39.166668,156,256,11.537499,14/09/2023
70.72972973,18.97185068,98.88571622,65.16,80,11.054166,very low,373.875,476.5320213,2.6000001,8.412499,61.416668,148,257,7.7625003,15/09/2023
72.68965517,18.7934931,98.87705517,65.75,78,15.108334,very low,572.75,476.5320213,4.7999997,15.908333,49.291668,58,258,10.583333,16/09/2023
66.18604651,19.0253093,98.92974419,64.99,80,15.591667,very low,457.45834,476.5320213,9.337501,13.283333,59.416668,43,259,10.933333,17/09/2023
69.78645833,19.03827552,98.97003958,65.43,80,11.445834,very low,370.66666,476.5320213,3.6166668,11.445834,32.208332,192,260,8.045834,18/09/2023
69.87550201,18.90802,98.8773148,64.13,84,15.470833,very low,535.875,476.5320213,4.6291666,18.058332,24.708334,250,261,10.837501,19/09/2023
71.68181818,18.73630101,98.8683096,63.43,81,24.25,low,736.875,476.5320213,5.9791665,23.225,31.958334,198,262,17.025,20/09/2023
71.45774648,18.96027746,98.93172394,64.85,78,28.725,low,676.25,476.5320213,4.6124997,19.533333,38.958332,142,263,19.9,21/09/2023
69.91566265,19.17824611,98.99243114,64.89,75,18.979166,very low,458.33334,476.5320213,3.4291668,12.083333,57.416668,167,264,13.258334,22/09/2023
72.45588235,18.94083529,98.89774706,65.14,79,26.354166,low,565.9583,476.5320213,5.8541665,15.670834,68,68,265,18.433332,23/09/2023
72.421875,18.75255625,98.86037969,66.79,74,24.420832,low,511.5,476.5320213,3.3916667,11.854167,66.625,64,266,17.083334,24/09/2023
70.7601626,19.07624939,98.90355344,65.75,72,21.5875,low,521.2083,476.5320213,3.6791668,14.079166,66.5,247,267,15.083333,25/09/2023
70.14782609,18.91047739,98.8451813,65.1,77,31.120834,low,821.8333,476.5320213,7.3541665,24.829168,50.666668,230,268,21.345833,26/09/2023
71.59171598,18.70846627,98.83011361,66.54,73,17.554167,very low,429.41666,476.5320213,4.5041666,12.474999,51.041668,169,269,12.175,27/09/2023
70.15328467,18.91873796,98.94798029,66.36,79,16.4375,very low,571.4167,476.5320213,8.958333,17.920834,40.958332,137,270,11.508334,28/09/2023
69.73333333,18.79837083,98.88092917,64.71,81,10.783333,very low,408.125,476.5320213,6.070833,13.083333,33.208332,120,271,7.558333,29/09/2023
68.13461538,18.95097115,98.92349423,64.06,83,11.333333,very low,418.70834,476.5320213,4.6791663,13.0125,26.791666,52,272,7.9249997,30/09/2023
69.85,18.94955,98.9315975,64.35,80,15.370833,very low,679.8333,476.5320213,5.975,19.566668,28.541666,40,273,10.758334,01/10/2023
69.47317073,19.05414829,98.9596561,64.69,82,16.862501,very low,498.04166,476.5320213,3.8583333,15.462501,37.375,205,274,11.795834,02/10/2023
69.61776062,18.86440618,98.86221699,64.49,78,17.800001,very low,504.95834,476.5320213,3.8083334,14.470833,43.5,259,275,12.4375,03/10/2023
69.46629213,18.76952346,98.85251955,65.03,78,25.012499,low,743.8333,476.5320213,5.5625,22.079168,46.625,179,276,17.5,04/10/2023
69.53846154,18.95076993,98.90683077,67.55,73,24.574999,low,504.04166,476.5320213,6.254167,12.208333,68.541664,143,277,17.154167,05/10/2023
70.24260355,18.93629059,98.88965882,65.35,79,18.625,very low,474.66666,476.5320213,4.9166665,12.2,62.875,170,278,13.037499,06/10/2023
71.60655738,18.90524098,98.88328033,65.61,78,19.204166,very low,587.75,476.5320213,6.2291665,15.495833,55.25,61,279,13.429166,07/10/2023
68.02,18.923176,98.880606,66.43,78,14.016666,very low,498.58334,476.5320213,5.1749997,14.320834,40.916668,50,280,9.8,08/10/2023
71.15207373,19.05983456,98.97800783,65.68,75,15.008334,very low,576.125,476.5320213,8.1375,16.416666,45.291668,217,281,10.508333,09/10/2023
70.46948357,18.95388318,98.92141262,65.32,77,22.591667,low,778.875,476.5320213,8.708333,19.733334,62.583332,214,282,15.808333,10/10/2023
70.69856459,18.73619953,98.83109953,64.38,78,22.458334,low,629.25,476.5320213,5.6875,14.75,67.375,211,283,15.683333,11/10/2023
70.46820809,18.99230983,98.9624289,63.75,81,20.4,very low,627.4583,476.5320213,5.9583335,15.358334,70.958336,173,284,14.241666,12/10/2023
74.68,18.856216,98.867496,65.23,78,13.691667,very low,500.75,476.5320213,3.9583333,12.3125,57.541668,50,285,9.5125,13/10/2023
67.15789474,18.90094912,98.87908947,63.9,78,17.841667,very low,564.125,476.5320213,4.8958335,17.404167,43.5,57,286,12.4875,14/10/2023
68.46875,18.74731094,98.8290625,63.3,78,18.983334,very low,584.5417,476.5320213,4.7375,16.333334,59.541668,64,287,13.283333,15/10/2023
69.3562753,19.02252105,98.97980081,64.4,75,18.375,very low,734,476.5320213,5.5208335,19.333334,62.5,247,288,12.875,16/10/2023
69.66869301,18.85535623,98.85796748,64.11,77,35.024998,low,1113.7084,476.5320213,9.129167,31.920832,62.5,329,289,24.475,17/10/2023
70.50925926,18.6366287,98.80598519,64.51,74,37.4875,moderate,1016.7083,476.5320213,5.5291667,21.862501,69.916664,216,290,26.15,18/10/2023
69.15384615,18.89509615,98.93660705,64.36,74,28.4125,low,681.7083,476.5320213,4.0958333,17.520834,53.791668,156,291,19.875,19/10/2023
70.14619883,18.8762848,98.81665088,63.43,77,29.908333,low,637.0417,476.5320213,3.8625002,13.575,71.583336,171,292,20.933332,20/10/2023
72.61428571,18.79579,98.79207857,65.08,72,23.979166,low,781.9583,476.5320213,5.883333,22.470833,61.208332,70,293,16.783333,21/10/2023
69.59649123,18.84247018,98.92555614,64.44,72,19.716667,very low,617.625,476.5320213,4.9,13.6125,68.416664,57,294,13.770833,22/10/2023
69.98461538,18.83489846,98.81752615,63,74,34.454166,low,773.8333,476.5320213,7.429167,19.908333,67.791664,65,295,24.104166,23/10/2023
70.43987342,18.98791297,98.92449937,63.5,77,33.391666,low,859.625,476.5320213,6.875,23.858332,67.041664,316,296,23.345833,24/10/2023
71.70935961,18.78809754,98.83976601,63.54,77,26.041666,low,827.7917,476.5320213,6.8458333,24.525,57.75,203,297,18.154167,25/10/2023
69.95,18.84424125,98.8593275,63.7,75,27.991667,low,682.8333,476.5320213,4.766667,16.9375,60.333332,160,298,19.504168,26/10/2023
71.67428571,18.97027486,98.95321886,64.74,73,16.854166,very low,515.625,476.5320213,3.9791667,11.995833,54.666668,175,299,11.758334,27/10/2023
68.22727273,18.99485,98.93372273,64.51,80,19.9125,very low,527.375,476.5320213,4.233333,13.525001,47.666668,44,300,13.916667,28/10/2023
70.07407407,19.05082963,98.90792222,63.95,76,21.295834,very low,556.125,476.5320213,4.2208333,14.916667,47.291668,54,301,14.895833,29/10/2023
70.23873874,19.06242568,98.9859545,64.38,75,9.6125,very low,403.83334,476.5320213,3.25,11.545834,42.791668,222,302,6.725,30/10/2023
71.20754717,18.94192113,98.88884717,63.28,80,27.679167,low,780.2917,476.5320213,5.6666665,20.241667,49.416668,265,303,19.358334,31/10/2023
70.72815534,18.73516214,98.86043301,64.85,71,34.529167,low,1027.4166,476.5320213,8.170833,27.979166,68.041664,206,304,24.070833,01/11/2023
70.09836066,18.85616885,98.92870492,64.31,76,31.9625,low,898.5,476.5320213,5.754167,20.920834,68.958336,122,305,22.241667,02/11/2023
71.61111111,19.06637847,98.92783403,64.15,77,24.566666,low,785.6667,476.5320213,5.045833,19.066668,51.833332,144,306,17.1,03/11/2023
73.63636364,18.83278364,98.8744,65.73,74,34.729168,low,854.7917,476.5320213,5.5499997,22.108332,57,55,307,24.254166,04/11/2023
69.86046512,18.79539535,98.8695093,64.67,77,33.604168,low,861.5417,476.5320213,4.125,20.120832,59.583332,43,308,23.495834,05/11/2023
71.46153846,19.03810407,98.94909005,65.91,73,34.083332,low,992.875,476.5320213,7.6875,21.241667,62.708332,221,309,23.770834,06/11/2023
70.25490196,18.90100931,98.87503824,66.42,71,32.670834,low,709.8333,476.5320213,3.9958334,15.6875,75.5,204,310,22.791666,07/11/2023
72.165,18.74778905,98.8480005,65.82,73,33.795834,low,698.7083,476.5320213,4.570833,15.05,69.875,201,311,23.579168,08/11/2023
69.51181102,18.99222992,98.95290551,65.23,74,44.6375,moderate,1060.5416,476.5320213,8.325,32.466667,65.958336,127,312,31.204168,09/11/2023
71.03571429,18.99662857,98.90675536,65.5,76,44.1875,moderate,1054.0416,476.5320213,8.229167,28.104166,72.583336,168,313,30.8125,10/11/2023
70.26829268,18.76477317,98.85309512,66.24,73,50.2625,moderate,1192,476.5320213,11.029167,32.195835,79.916664,41,314,35.041668,11/11/2023
71.6,18.80212889,98.83279111,66.29,73,36.979168,moderate,850.9167,476.5320213,8.541667,20.745832,62.458332,45,315,25.754166,12/11/2023
69.90763052,18.92115462,98.93861486,66.47,72,17.008333,very low,511.33334,476.5320213,4.2916665,13.7,51.833332,249,316,11.7625,13/11/2023
69.9030837,18.95844626,98.90462511,65.39,73,22.558334,low,769.0833,476.5320213,6.4083333,20.816668,55.958332,227,317,15.579166,14/11/2023
68.98214286,18.63322202,98.80479167,64.26,75,34.704166,low,1089.4166,476.5320213,9.120833,27.475,68.291664,168,318,24.137499,15/11/2023
71.25,18.93545743,98.92082297,63.82,77,20.425001,very low,664.0417,476.5320213,5.5416665,14.4875,64,148,319,14.175,16/11/2023
68.75352113,18.90840986,98.82944155,65.41,74,19.6625,very low,759.1667,476.5320213,4.3333335,14.158333,42,142,320,13.683333,17/11/2023
69.14285714,18.7269881,98.82672619,59.58,80,27.608332,low,1040.25,476.5320213,8.170834,24.520834,58.166668,42,321,19.233334,18/11/2023
71.39534884,18.73037674,98.82393953,61.07,69,21.762499,low,836.1667,476.5320213,6.3333335,16.9125,54.125,43,322,15.179166,19/11/2023
70.15765766,19.08319865,99.02032568,60.15,76,29.666666,low,1022.2917,476.5320213,8.866667,23.133333,50.541668,222,323,20.433332,20/11/2023
69.88086643,19.01171336,98.92043213,61.07,76,40.558334,moderate,1078.3334,476.5320213,9.133333,29.891668,67.916664,277,324,28.141668,21/11/2023
71.50837989,18.74743799,98.82180056,61.68,77,48.00833,moderate,1142.3334,476.5320213,12.833333,33.416668,86.958336,179,325,33.395832,22/11/2023
71.85815603,18.84482394,98.92438873,63.46,74,40.066666,moderate,960.9583,476.5320213,12.125,25.233335,70.083336,142,326,27.620834,23/11/2023
70.52662722,18.98809053,98.95097692,61.39,79,31.6875,low,879.2917,476.5320213,7.558333,22.625,60.333332,169,327,21.558334,24/11/2023
70.5,18.89000208,98.88755417,60.03,73,28.0375,low,841.25,476.5320213,7.3583336,22.095833,57.75,48,328,19.125,25/11/2023
68.20512821,18.88588718,98.85567692,59.92,70,23.929167,low,598.375,476.5320213,4.829167,14.358334,55.25,39,329,16.491667,26/11/2023
70.14545455,19.06703913,98.93917065,59.56,72,22.845833,low,702.9167,476.5320213,5.025,17.699999,51.666668,276,330,15.520833,27/11/2023
69.15172414,18.85484,98.87468862,59.09,71,28.716667,low,820.4583,476.5320213,5.3458333,21.508333,52.541668,290,331,19.6875,28/11/2023
70.46666667,18.73618485,98.85937818,58.48,70,39.3625,moderate,1031.5,476.5320213,8.191667,26.420832,61.041668,165,332,27.225,29/11/2023
69.93650794,18.89959206,98.94546667,60.3,73,40.8625,moderate,920.75,476.5320213,6.483333,19.9125,66.875,126,333,28.158333,30/11/2023
71.46103896,18.9727039,98.89538506,62.76,70,32.45,low,874.4583,476.5320213,6.4500003,19.666666,57.083332,154,334,22.475,01/12/2023
71.37777778,18.85068043,98.90721304,62.02,73,18.449999,very low,618.1667,476.5320213,5.8291664,12.908333,57.416668,46,335,12.770833,02/12/2023
70.45238095,19.09684651,99.03339535,63.52,72,20.795834,very low,809.9167,476.5320213,6.2000003,18.391666,54.541668,43,336,14.441667,03/12/2023
71.64319249,18.90526729,98.92537664,63.45,76,30.995832,low,1091.1666,476.5320213,10.008333,26.933334,54.458332,214,337,21.516668,04/12/2023
69.66666667,18.7678037,98.79635741,64.31,77,24.808334,low,663.0833,476.5320213,4.508333,13.083333,61.666668,54,338,17.104166,05/12/2023
69.38251366,18.88673388,98.91305683,63.66,76,19.941668,very low,608.9583,476.5320213,3.8791666,14.5,56.375,183,339,13.845833,06/12/2023
71.02777778,18.81826875,98.90646736,64.63,74,18.895834,very low,691.7917,476.5320213,6.7666664,17.8375,50.708332,144,340,13.175,07/12/2023
71.2208589,18.98761524,98.91475427,65.01,74,24.041666,low,1004.7083,476.5320213,7.75,24.25,39.166668,164,341,16.795834,08/12/2023
69.09459459,18.90284595,98.83535,63.43,78,27.4375,low,889.2917,476.5320213,4.570833,18.362501,42.958332,74,342,19.0875,09/12/2023
69.61818182,18.81041207,98.83693621,63.41,80,28.199999,low,1012.7083,476.5320213,7.9083333,25.470833,31.25,58,343,19.670834,10/12/2023
69.70909091,18.84218,98.87276909,63.59,77,26.333334,low,794.2917,476.5320213,5.5375,21.116667,41.5,55,344,18.391666,11/12/2023
69.03717472,18.83354052,98.86276803,64.58,76,35.591667,low,949.3333,476.5320213,7.445833,24.2875,67.041664,269,345,24.866667,12/12/2023
70.11165049,18.74066214,98.84355583,64.36,70,37.783333,moderate,907.0833,476.5320213,8.0625,23.8125,59.416668,206,346,28.270834,13/12/2023
70.95483871,19.00355226,98.94528968,62.24,73,34.308334,low,876.0833,476.5320213,7.4208336,23.883333,49.083332,155,347,24.291666,14/12/2023
69.08938547,18.9981,98.89139721,61.32,78,35.037502,low,862.5833,476.5320213,7.4166665,25.141668,47.541668,179,348,22.0625,15/12/2023
71.44117647,18.83542794,98.88387794,60.93,65,31.733332,low,790.9167,476.5320213,8.5375,22.112501,69.208336,68,349,21.958334,16/12/2023
66.88235294,19.02228431,98.95729804,59.29,75,35.833332,low,828.5417,476.5320213,12.083333,24.879166,64.666664,51,350,24.691666,17/12/2023
70.85283019,19.0690883,98.99138528,58.82,71,39.837498,moderate,939.1667,476.5320213,10.595834,28.329168,67.166664,265,351,27.516668,18/12/2023
68.16842105,18.83530947,98.86366035,59.85,71,39.0625,moderate,1078.4584,476.5320213,12.533333,29.966667,76.583336,285,352,27.158333,19/12/2023
70.64497041,18.69678225,98.82900118,58.33,72,38.083332,moderate,1024.1666,476.5320213,12.683333,26.3125,75.291664,169,353,26.220833,20/12/2023
70.14917127,18.93572762,98.93543425,59.27,69,29.9125,low,935.5,476.5320213,10.770833,23.645834,75,181,354,20.833334,21/12/2023
69.58992806,19.05461007,98.97138777,59.5,79,24.641668,low,676.875,476.5320213,6.8125,13.5625,49.375,139,355,17.0875,22/12/2023
68.46153846,18.72710192,98.78403269,52.09,78,23.5625,low,653.8333,476.5320213,4.8958335,12.7375,50.75,52,356,16.066668,23/12/2023
67.64444444,18.88094,98.86511111,50.49,84,23.800001,low,678.9583,476.5320213,5.125,14.458333,53.5,45,357,16.183332,24/12/2023
71.37671233,19.04065685,98.93232432,50.16,77,30.879166,low,935.7917,476.5320213,8.370833,18.5875,56.041668,292,358,21.245832,25/12/2023
70.52554745,18.94952372,98.90370365,52.86,78,40.054165,moderate,1084.2916,476.5320213,9.95,25.995834,75.291664,274,359,27.691666,26/12/2023
72.84293194,18.75616597,98.84026963,54.66,76,33.416668,low,964.2917,476.5320213,7.8875003,21.270834,68.416664,191,360,23.208334,27/12/2023
70.10067114,19.09680738,99.00346443,56.39,75,34.320835,low,967.1667,476.5320213,9.091666,22.941666,64.958336,149,361,23.854166,28/12/2023
69.07936508,18.74277302,98.76440794,56.68,70,33.983334,low,913.4167,476.5320213,10.441667,23.012499,65.583336,63,362,23.616667,29/12/2023
70.86956522,18.90495435,98.85725217,56.26,70,32.191666,low,845.875,476.5320213,11.104167,25.358332,68.541664,46,363,22.391668,30/12/2023
65.89130435,18.94674043,98.88922766,55.2,74,30.533333,low,848.7083,476.5320213,11.691667,24.908333,75.458336,47,364,21.241667,31/12/2023
70.91666667,18.94034,98.854795,54.61,51,28.991667,low,873.625,476.5320213,11.895833,25.333334,69.041664,60,365,20.195833,01/01/2024
69.77981651,18.99674495,98.89996514,54.64,45,23.654167,low,876.4167,476.5320213,7.4,25.012499,60.333332,109,366,16.529167,02/01/2024
71.08040201,18.77179296,98.85560402,53.67,40,31.358332,low,916.4167,476.5320213,12.670834,27.920832,84.5,199,367,21.920832,03/01/2024
69.52469136,19.00192778,98.90710802,56.14,65,28.008333,low,801.8333,476.5320213,8.758333,24.233332,70.791664,162,368,19.387499,04/01/2024
69.46153846,18.83338516,98.87901978,56.07,65,24.449999,low,821.375,476.5320213,7.1375003,25.341667,65.916664,182,369,16.858334,05/01/2024
67.01960784,18.73521961,98.8306,57.94,65,26.295832,low,892.3333,476.5320213,8.854167,27.304167,65.416664,51,370,18.091667,06/01/2024
72.08823529,18.95004118,98.90777647,58.96,66,28.116667,low,814.3333,476.5320213,7.4625,24.179167,59.041668,34,371,19.391666,07/01/2024
70.61648746,18.96324373,98.95957921,59,60,24.75,low,808.75,476.5320213,7.1041665,21.8375,43,279,372,17.1,08/01/2024
70.08955224,18.89154925,98.87360187,59.04,49,21.733332,low,791.375,476.5320213,7.3458333,23.7875,44.75,268,373,15.016666,09/01/2024
70.82352941,18.75647602,98.81267376,58.06,44,22.454168,low,779.875,476.5320213,7.7708335,25.441666,51.458332,221,374,15.5,10/01/2024
71.34265734,19.0283007,98.9664972,55.42,50,25.4125,low,837.875,476.5320213,8.1375,24.529167,41.125,143,375,17.516666,11/01/2024
70.96815287,18.96274777,98.83664777,55.06,47,21.104166,very low,785.1667,476.5320213,7.375,22.987501,47.416668,157,376,14.633334,12/01/2024
69.05714286,19.05802,98.83414571,53.96,48,26.933334,low,623,476.5320213,6.275,16.245832,66.458336,35,377,18.779167,13/01/2024
70.02564103,18.90704872,98.9286,54.18,44,29.991667,low,699.125,476.5320213,6.1625,18.625,57.833332,39,378,20.804167,14/01/2024
70.24873096,19.06588223,98.95645838,57.94,71,25.404167,low,625.625,476.5320213,4.4333334,15.058333,51.916668,197,379,17.574999,15/01/2024
72.01865672,18.86663769,98.87027724,60.51,74,27.883333,low,783.4583,476.5320213,6.1416664,18.766666,57.416668,268,380,19.254168,16/01/2024
70.7979798,18.79035808,98.86919747,59.23,62,26.116667,low,958.875,476.5320213,7.65,22.283333,47.958332,198,381,18.137499,17/01/2024
70.53939394,18.93293273,98.92948061,56.79,51,26.4,low,910.9583,476.5320213,7.133333,22.370834,42.916668,165,382,18.220833,18/01/2024
70.91082803,18.97402739,98.92838344,55.22,53,18.9375,very low,848.0833,476.5320213,6.0166664,17.291666,42.5,157,383,13.112499,19/01/2024
70.41666667,18.91800167,98.853025,53.76,41,21.183332,very low,787.5,476.5320213,6.2875,22.566666,48.416668,60,384,14.654167,20/01/2024
69.76744186,18.97906047,98.94127442,52.95,37,22.4125,low,786.1667,476.5320213,6.2666664,20.041666,50.041668,43,385,15.404166,21/01/2024
70.36796537,19.13093103,98.95198017,51.89,47,30.229166,low,841.2083,476.5320213,6.8583336,24.966667,62.25,232,386,20.758333,22/01/2024
70.88380282,19.0066757,98.90835669,54.36,41,25.300001,low,568.875,476.5320213,4.6291666,13.170834,65.583336,284,387,17.333334,23/01/2024
70.44864865,18.72243027,98.83640108,53.38,51,30.391668,low,657.5,476.5320213,6.5125003,11.683333,69,185,388,21.050001,24/01/2024
70.63398693,18.93127255,98.92756275,54.77,73,34.55,low,661.2917,476.5320213,5.8375,10.837501,68.875,153,389,23.854166,25/01/2024
72.82312925,19.11141837,98.98121156,58.32,74,24.216667,low,650.2917,476.5320213,6.495833,12.795834,51.041668,147,390,16.841667,26/01/2024
69.66071429,18.88529643,98.91290357,57.02,75,23.179167,low,639.375,476.5320213,4.7374997,14.241666,50.416668,56,391,16.050001,27/01/2024
70.375,18.68814821,98.79012143,57.79,57,23.420832,low,687.7083,476.5320213,4.6749997,16.616667,45.583332,56,392,16.204166,28/01/2024
70.36170213,18.99725574,98.95201106,56.53,82,23.170832,low,498.16666,476.5320213,3.3041668,10.104167,55.208332,235,393,16.0125,29/01/2024
70.21333333,19.007404,98.91715556,57.38,74,21.275,very low,479.875,476.5320213,3.0166667,10.425,45.75,225,394,14.724999,30/01/2024
69.87647059,18.72498187,98.86052456,56.26,73,17.508333,very low,679.2083,476.5320213,5.6625,17.675001,38.458332,171,395,12.166667,31/01/2024
71.17808219,18.9009726,98.91163151,54.9,62,17.841667,very low,755.125,476.5320213,6.1583333,17.3125,45.916668,146,396,12.395833,01/02/2024
70.74675325,18.79276282,98.84729423,54.32,42,17.291666,very low,754.5417,476.5320213,6.225,17.0375,44.416668,156,397,12.029167,02/02/2024
71.10526316,18.92156842,98.8700614,53.28,33,25.9,low,740.0833,476.5320213,5.6875,18.6625,49.916668,57,398,17.470833,03/02/2024
67.63265306,18.84933265,98.87178776,54.03,37,35.166668,low,781.4167,476.5320213,6.5499997,20.033333,54.333332,49,399,23.0625,04/02/2024
71.26108374,19.04171133,98.95951182,55.44,44,28.070833,low,849.1667,476.5320213,6.8291664,21.245832,55.041668,203,400,18.816668,05/02/2024
70.84680851,18.84977966,98.85165466,56.73,39,27.2875,low,852.4167,476.5320213,6.3958335,20.533333,52.5,236,401,18.029167,06/02/2024
69.60406091,18.63953706,98.79208122,56.73,40,34.666668,low,835.75,476.5320213,6.2708335,20.920834,54.916668,197,402,22.316666,07/02/2024
71.93939394,19.06038848,98.96582364,58.93,40,38.958332,low,838.0417,476.5320213,7.0916667,24.925001,57.583332,165,403,24.679167,08/02/2024
69.6875,18.957215,98.84513375,59.61,44,34.558334,low,684.8333,476.5320213,6.129167,18.504168,64.875,160,404,22.895834,09/02/2024
67.07843137,18.79656863,98.86237451,58.41,41,42.80417,moderate,533.8333,476.5320213,5.3375,8.912499,73,51,405,29.25,10/02/2024
67.37037037,18.66009444,98.81238704,63.37,63,53.591663,moderate,1016.6667,476.5320213,9.520833,26.420832,63.708332,54,406,36.850002,11/02/2024
70.42857143,18.93612107,98.93992069,60.08,69,50.895832,moderate,1073.2084,476.5320213,11.120833,28.608332,86.041664,261,407,34.754166,12/02/2024
70.60930233,18.85841751,98.87495392,61.21,50,30.016668,low,816.0417,476.5320213,6.9708333,24.204168,68.541664,217,408,20.533333,13/02/2024
71.17679558,18.68740055,98.79723443,60.37,37,31.604166,low,915.3333,476.5320213,7.629166,26.025,54.875,183,409,21.4125,14/02/2024
71.88125,18.92721813,98.9125875,60.04,34,35.654167,low,925.1667,476.5320213,7.2041664,26.308334,79.208336,160,410,24.554167,15/02/2024
71.05586592,18.95452235,98.92467765,59.77,30,29.933334,low,698.5833,476.5320213,5.2125,15.8125,79.291664,179,411,20.658333,16/02/2024
71.44262295,18.79436721,98.8680377,59.13,37,27.525,low,785.625,476.5320213,6.495833,18.941668,46.291668,61,412,18.604166,17/02/2024
73.83606557,18.93024754,98.86665082,57.99,37,22.445833,low,792.75,476.5320213,6.1416664,18.566668,56.25,61,413,15.179166,18/02/2024
70.31531532,19.01685,98.96988333,55.67,29,23.691666,low,759.5417,476.5320213,6.225,18.445833,61,222,414,16.1,19/02/2024
70.54545455,18.89654579,98.88131684,56.03,40,22.633333,low,697.3333,476.5320213,5.758333,15.191667,55.791668,297,415,15.466667,20/02/2024
72.62732919,18.77107764,98.82537516,54.61,34,26.920832,low,807.9583,476.5320213,6.15,21.370834,59.875,161,416,18.15,21/02/2024
71.23636364,19.06989515,98.95685758,55.58,29,31.429167,low,872.2917,476.5320213,7.2374997,26.4375,60.833332,165,417,21.1,22/02/2024
72.11258278,19.14219801,98.9669351,57.09,26,23.429167,low,831.0833,476.5320213,6.9041667,22.591667,58.333332,151,418,16.020834,23/02/2024
68.94117647,18.73309608,98.80607843,56.44,29,30.324999,low,790.3333,476.5320213,6.4083333,24.5,54.875,51,419,20.65,24/02/2024
72.23214286,18.9477625,98.89824107,59.83,36,34.712498,low,704.8333,476.5320213,6.008333,19.254168,65.833336,56,420,23.641665,25/02/2024
70.55319149,18.85736915,98.85413511,60.55,30,46.816666,moderate,679.3333,476.5320213,6.2291665,15.995833,78.208336,94,421,32.108334,26/02/2024
70.7816092,19.03087871,98.9266057,63.41,35,41.108334,moderate,565.4167,476.5320213,3.7916667,10.804166,62.833332,263,422,28.141668,27/02/2024
69.71808511,18.71744497,98.81098095,65.19,44,26.204168,low,581.875,476.5320213,3.8458335,12.150001,56,189,423,18.020834,28/02/2024
70.48901099,19.00730275,98.9786522,62.73,38,22.949999,low,599.875,476.5320213,4.4708333,15.849999,60.25,182,424,15.733334,29/02/2024
70.95364238,18.90348742,98.8559351,63.05,33,29.858332,low,632.625,476.5320213,4.7625003,16.762499,65.791664,151,425,20.320833,01/03/2024
74.39130435,18.84014348,98.92006087,61.66,35,32.3875,low,475.75,476.5320213,3.7416668,8.333333,70.25,46,426,22.025,02/03/2024
70.31343284,18.93918806,98.92744179,61.93,43,23.570833,low,543.1667,476.5320213,3.9541667,12.408333,53.458332,67,427,15.816667,03/03/2024
70.92857143,19.02245042,98.94842353,61.7,48,22.870834,low,628.5,476.5320213,4.4625,16.4375,53.083332,238,428,15.483334,04/03/2024
70.64166667,18.9577775,98.89972542,61.03,36,41.079166,moderate,839,476.5320213,5.375,21.045834,61.458332,240,429,27.754166,05/03/2024
71.68478261,18.59493152,98.77182283,64.53,34,46.75833,moderate,930.4583,476.5320213,7.1375003,25.933334,78.75,184,430,31.949999,06/03/2024
70.81595092,18.90459632,98.93340982,64.49,33,60.225002,high,836.25,476.5320213,6.191667,17.066668,89.791664,163,431,40.733334,07/03/2024
73.29255319,18.95682447,98.91115798,64.09,28,45.80417,moderate,619.625,476.5320213,4.5625,11.679166,76.625,188,432,30.9125,08/03/2024
71.32876712,18.82750548,98.80782466,63.14,43,25.566666,low,549.6667,476.5320213,3.8541667,12.9375,56.333332,73,433,17.262499,09/03/2024
69,18.83844255,98.81602553,62.89,33,30.816666,low,709.4167,476.5320213,5.383333,17.525,62.458332,47,434,20.525,10/03/2024
70.88461538,19.00153277,98.96312383,61.48,37,32.258335,low,477.75,476.5320213,3.9624999,10.833333,70.625,235,435,21.383333,11/03/2024
70.54935622,18.84721288,98.85891459,61.92,50,24.633333,low,451.54166,476.5320213,3.2666667,10.166667,55.625,233,436,16.4625,12/03/2024
71.25,18.65707065,98.78509891,62.51,47,24.0875,low,569.5,476.5320213,3.8666668,13.474999,60.333332,184,437,16.366667,13/03/2024
69.75641026,19.01629808,98.94745449,58.95,29,54.225002,moderate,972.7917,476.5320213,7.191667,25.679167,75.041664,156,438,36.495834,14/03/2024
70.2,18.94983677,98.8825271,62.65,36,69.987495,high,998.0417,476.5320213,6.8916664,19.245832,99.333336,155,439,47.100002,15/03/2024
70,18.99127778,98.88596852,63.07,43,64.34583,high,786.8333,476.5320213,5.1041665,13.308333,85.708336,54,440,42.3,16/03/2024
73.13461538,18.69325472,98.80539434,64.76,39,63.925,high,654.875,476.5320213,4.225,14,65.708336,53,441,40.929165,17/03/2024
71.21097046,19.04645781,98.96690042,66.11,43,51.104168,moderate,700.9167,476.5320213,4.3416667,16.045834,64.583336,237,442,33.391666,18/03/2024
71.3269962,18.92222129,98.88494335,66.97,36,67.19583,high,662.75,476.5320213,5.9874997,9.804167,116.5,263,443,44.983334,19/03/2024
71.82802548,18.63762278,98.78046899,68.47,42,37.779167,moderate,690.0417,476.5320213,6.808333,12.729167,74.541664,158,444,26.254166,20/03/2024
70.390625,18.94720573,98.97104375,63.5,74,38.029167,moderate,774.4167,476.5320213,5.2000003,17.416666,71.083336,192,445,26.454168,21/03/2024
70.49444444,19.05804222,98.94413389,61.81,74,26.3125,low,708.5833,476.5320213,4.5499997,15.491666,52.541668,180,446,17.875,22/03/2024
71.16129032,19.01375,98.92217097,62.15,55,20.629168,very low,492.125,476.5320213,3.3125,12.483334,55.458332,62,447,13.870833,23/03/2024
70.64473684,18.81289868,98.78686447,59.9,34,25.737501,low,566.5417,476.5320213,4.5041666,16.016666,59.083332,76,448,17.116667,24/03/2024
70.84452297,19.02844947,98.87355689,61.66,39,33.779167,low,644.9583,476.5320213,5.4625,17.166666,74.291664,283,449,22.625,25/03/2024
70.89883268,19.02581008,98.92809341,63.01,32,39.904167,moderate,514.2083,476.5320213,4.5958333,9.104167,78.458336,258,450,26.699999,26/03/2024
70.18367347,18.68229643,98.78155357,65.21,34,35.545834,low,465.45834,476.5320213,3.9833333,8.925,63.041668,196,451,23.491667,27/03/2024
69.72151899,19.01764177,98.95978861,64.63,36,30.862501,low,684.0833,476.5320213,5.995833,20.5875,58.916668,158,452,19.970833,28/03/2024
68.72435897,18.93530577,98.82301859,64.08,34,34.454166,low,520.2083,476.5320213,3.8625,12.7375,68.958336,156,453,22.129166,29/03/2024
69.62,18.832364,98.871662,62.98,40,46.808334,moderate,769.3333,476.5320213,6.120833,22.233332,60.291668,50,454,29.670832,30/03/2024
70.56896552,18.93416379,98.85979138,65.21,35,51.379166,moderate,630.875,476.5320213,5.0750003,13.849999,73.791664,58,455,31.616667,31/03/2024
70.65652174,18.9872658,98.92192814,66.34,37,48.208332,moderate,669.7917,476.5320213,5.070833,14.662499,71.041664,231,456,30.0625,01/04/2024
69.94827586,18.85223362,98.8461694,67.6,39,41.808334,moderate,661.4167,476.5320213,4.9583335,13.279167,75.291664,232,457,26.833334,02/04/2024
70.21893491,18.58299172,98.77179645,66.94,37,62.412502,high,679,476.5320213,4.9375,12.849999,79.416664,169,458,39.345833,03/04/2024
70.41216216,18.92136333,98.92934867,69.06,44,44.575,moderate,717.7083,476.5320213,5.5125003,16.391666,74.875,150,459,28.574999,04/04/2024
70.92893401,18.88678122,98.87493959,70.36,38,55.245834,moderate,652.4167,476.5320213,5.15,12.829166,81.375,197,460,35.370834,05/04/2024
73.69230769,18.76275192,98.82831154,70.75,41,59.837498,high,604.5417,476.5320213,4.1291666,9.925,81.875,52,461,38.229168,06/04/2024
70.81395349,18.97972326,98.84950698,72.43,42,50.416668,moderate,610.5417,476.5320213,4.0916667,10.55,82.458336,43,462,32.545834,07/04/2024
69.18461538,18.85347692,98.90284154,73,50,57.808334,high,689.75,476.5320213,5.2291665,15.154167,73.541664,65,463,38.220833,08/04/2024
68.42307692,18.91331615,98.87940538,72.59,32,54.795834,moderate,723.75,476.5320213,4.8416667,13.162499,82.5,260,464,36.649998,09/04/2024
71.4,18.64749943,98.79101761,71.83,31,67.270836,high,683,476.5320213,6.9541664,11.441667,82,176,465,45.808334,10/04/2024
71.31914894,19.04898989,98.97371011,66.42,64,50.5,moderate,760.4583,476.5320213,4.945833,17.608334,78.375,188,466,34.725002,11/04/2024
69.85714286,19.04752208,98.919,63.59,62,49.645832,moderate,602.6667,476.5320213,2.8416665,8.145833,78.666664,77,467,33.975002,12/04/2024
72.11111111,18.82601667,98.85938056,68.05,59,43.325,moderate,647.5,476.5320213,2.9958334,11.025001,67.333336,36,468,29.391665,13/04/2024
68.36170213,18.85944468,98.77520851,68.11,46,39.379166,moderate,685.5417,476.5320213,3.3041668,11.9875,77.208336,47,469,26.775,14/04/2024
69.62295082,18.84757705,98.86009344,71.24,38,40.783333,moderate,786.0417,476.5320213,5.0875,16.074999,68.416664,61,470,27.754166,15/04/2024
70.31914894,18.80423404,98.81048936,70.59,42,35.662502,low,581.9167,476.5320213,3.125,10.3875,67.916664,47,471,23.7875,16/04/2024
69.47560976,18.77931951,98.84667988,68.27,44,32.045834,low,564.9583,476.5320213,3.1625001,10.841667,63.958332,164,472,21.0375,17/04/2024
71.17816092,19.05495747,98.97252586,68.31,41,47.120834,moderate,634.2083,476.5320213,4.4041667,15.008334,61.25,174,473,30.108332,18/04/2024
70.82485876,18.94120452,98.86488136,67.95,49,47.6375,moderate,563.4167,476.5320213,3.8333333,12.141666,58.541668,177,474,29.466667,19/04/2024
70.67105263,18.94521711,98.85460526,68.99,49,42.708332,moderate,575.1667,476.5320213,3.7833335,9.6125,71.125,76,475,26.7125,20/04/2024
69.68421053,18.81041579,98.82689737,69.44,50,33.920834,low,485.41666,476.5320213,3.0625,10.079166,61.166668,38,476,20.791666,21/04/2024
69.22222222,19.09183964,98.92781357,70.34,44,42.825,moderate,468.125,476.5320213,3.3416665,8.9875,69.166664,280,477,25.9,22/04/2024
71.41925466,18.97229379,98.88980404,72.27,46,44.408337,moderate,561.1667,476.5320213,3.9208333,11.962501,65.708336,322,478,28.275,23/04/2024
70.31764706,18.63113567,98.74123216,72.28,46,36.370834,low,463.79166,476.5320213,2.9208333,8.675,67.916664,171,479,23.354166,24/04/2024
71.46031746,19.10093368,99.00538684,71.19,46,41.004166,moderate,564.3333,476.5320213,3.7625,14.912499,54.5,190,480,26.1,25/04/2024
71.64827586,18.96532329,98.94326644,72.5,39,34.495834,low,462.125,476.5320213,2.7458334,9.779166,58.458332,146,481,22.095833,26/04/2024
71.33333333,19.03281515,98.9022,70.12,44,49.662502,moderate,544.3333,476.5320213,4.1124997,13.2375,65.583336,66,482,31.783333,27/04/2024
68.15384615,18.83420256,98.85734872,71.62,44,49.045834,moderate,468.04166,476.5320213,3.2250001,8.929167,68.5,39,483,31.025,28/04/2024
72.33333333,18.99482778,98.93559444,72.25,49,39.87083,moderate,449.5,476.5320213,3.4958334,9.020833,63.125,270,484,25.154167,29/04/2024
69.98850575,18.90928092,98.88378893,72.99,44,38.341667,low,448.45834,476.5320213,4.2458334,9.595834,64.375,262,485,24.795832,30/04/2024
71.86624204,18.62382704,98.78169686,73.72,32,42.912502,moderate,539.4167,476.5320213,6.3458333,12.295834,66.958336,159,486,28.258333,01/05/2024
72.31690141,18.89622817,98.95044718,72.43,48,54.004166,moderate,392.41666,476.5320213,3.9916668,7.945833,60.541668,142,487,35.133335,02/05/2024
71.32085561,18.99533636,98.85100053,74.95,46,42.558334,moderate,595.4583,476.5320213,5.0333333,15.829166,57.833332,187,488,28.379166,03/05/2024
70.66666667,18.74959744,98.83456667,70.68,45,39.308334,moderate,490.04166,476.5320213,3.3999999,10.7625,65.25,39,489,25.7875,04/05/2024
69.8,19.00276182,98.91311273,69.94,48,34.345833,low,493,476.5320213,3.6041667,11.941667,68.208336,55,490,22.2125,05/05/2024
68.83870968,18.80108387,98.86946613,69.62,42,44.9375,moderate,600.4583,476.5320213,4.1,16.65,66.375,62,491,28.129166,06/05/2024
70.48805461,18.83732389,98.85558601,70.36,47,53.825,moderate,456.41666,476.5320213,3.95,7.7625003,77.041664,293,492,35.329166,07/05/2024
69.78606965,18.63490448,98.77033085,69.42,46,50.4375,moderate,508.25,476.5320213,3.9375,11.05,69.375,201,493,33.529167,08/05/2024
71.26339286,19.17097723,99.02740268,68.2,52,40.445835,moderate,375.25,476.5320213,2.8791666,5.775,78.625,224,494,26.920832,09/05/2024
72.26315789,18.86364912,98.83901228,68.9,61,34.075,low,483.375,476.5320213,3.8374999,11.145833,66.083336,57,495,23.204168,10/05/2024
68.82608696,18.8492029,98.84657246,64.09,82,32.1125,low,558.0833,476.5320213,4.4041667,14.095833,60.291668,69,496,21.987501,11/05/2024
69.59375,18.99905938,98.9209125,66.65,69,26.304167,low,521.8333,476.5320213,4.2708335,14.041667,58.416668,32,497,18.2125,12/05/2024
70.29149798,18.99383684,98.96440486,66.61,67,34.783333,low,494.83334,476.5320213,3.4624999,11.408333,57.583332,247,498,23.720833,13/05/2024
70.16465863,18.91864538,98.8644992,68.4,71,27.487501,low,571.5833,476.5320213,4.454167,14.183333,66.75,249,499,18.808332,14/05/2024
69.96835443,18.58794494,98.75065696,68.54,69,30.908333,low,738.8333,476.5320213,6.2083335,21.054167,53.666668,158,500,21.4125,15/05/2024
69.49700599,19.04934012,98.97708623,66.25,75,37.883335,moderate,633.4583,476.5320213,6.7125,14.224999,82.083336,167,501,26.3125,16/05/2024
71.4248366,18.79444771,98.82597386,68.38,75,28.366667,low,464.58334,476.5320213,3.8708334,8.0125,68.833336,153,502,19.775,17/05/2024
73.30909091,18.79442727,98.82718,69.48,71,28.045832,low,814.125,476.5320213,6.741667,22.179167,47.375,55,503,19.516666,18/05/2024
72.16393443,19.03496452,98.96791452,69.06,71,23.5875,low,500.45834,476.5320213,3.8208332,13.8125,56.833332,62,504,16.304167,19/05/2024
70.41176471,19.00720343,98.98374804,69.4,66,21.845833,low,436.91666,476.5320213,2.8999999,10.666667,54.75,204,505,15.008334,20/05/2024
70.6875,18.97370368,98.89700331,68,75,17.645834,very low,461.25,476.5320213,4.5291667,8.966666,79.958336,272,506,12.337501,21/05/2024
68.57627119,18.76920169,98.76363559,67.28,74,21.258333,very low,651.375,476.5320213,5.3416667,17.658333,68.291664,59,507,14.875,22/05/2024
70.43103448,18.96008448,98.93945862,66.42,75,18.320833,very low,485.16666,476.5320213,4.766667,9.995833,79.375,174,508,12.8125,23/05/2024
71.97540984,19.0379959,98.9644959,67.19,77,8.870833,very low,352.625,476.5320213,6.0958333,10.183333,54.791668,122,509,6.2125,24/05/2024
68.31034483,18.78652586,98.8278431,66.07,84,9.416667,very low,370.41666,476.5320213,3.5791667,11.683333,36.166668,58,510,6.5750003,25/05/2024
69.37209302,18.83328605,98.85317674,65.17,85,8.679167,very low,312.45834,476.5320213,2.5458333,10.212501,30.625,43,511,6.045833,26/05/2024
71.25,19.06566352,98.92309957,65.93,81,10.633333,very low,432.16666,476.5320213,3.2250001,13.895833,28.416666,233,512,7.429167,27/05/2024
70.56470588,18.94976406,98.89943867,67.01,82,14.733334,very low,460.08334,476.5320213,3.3458335,13.658333,36.625,256,513,10.270833,28/05/2024
71.30978261,18.50867935,98.73126196,67.73,77,19.216667,very low,544,476.5320213,3.7083333,16.449999,37.375,184,514,13.408333,29/05/2024
70.8423913,18.97077663,98.93794891,68.2,76,23.633333,low,536.4583,476.5320213,3.6125,14.945834,44.875,184,515,15.604167,30/05/2024
71.75,18.96696014,98.89012432,69.8,73,36.787502,low,619.875,476.5320213,4.5208335,18.045834,62.041668,148,516,23.016668,31/05/2024
70.4,18.73566,98.852905,70.34,73,14.979167,very low,366.41666,476.5320213,2.7083333,9.941667,53.791668,40,517,9.983334,01/06/2024
66.43333333,18.76656452,98.88305484,68.74,76,12.966667,very low,402.5,476.5320213,3.6166668,13.416667,33.541668,31,518,9.058333,02/06/2024
67.57777778,18.89343778,98.87811333,66.63,78,14.791667,very low,644.9583,476.5320213,5.2375,20.095835,31.333334,45,519,10.4375,03/06/2024
70.41634241,18.81839883,98.84908132,66.56,74,20.254168,very low,657.3333,476.5320213,5.5791664,17.179167,37.708332,257,520,14.008334,04/06/2024
71.08333333,18.55640357,98.74739762,66.72,77,22.929167,low,475.20834,476.5320213,3.7291667,13.962501,44,168,521,15.3,05/06/2024
69.73643411,19.03526385,98.94459154,66.81,78,13.658333,very low,432.625,476.5320213,3.3791666,12.808333,38.75,130,522,9.599999,06/06/2024
71.44827586,18.97421517,98.91082069,67.15,74,14.966667,very low,510.16666,476.5320213,3.7625,14.849999,40.833332,145,523,10.566667,07/06/2024
72.16,18.803876,98.867784,68.02,75,20.995832,very low,736.5833,476.5320213,6.6875,23.345833,47.166668,50,524,14.508334,08/06/2024
68.5952381,18.82349048,98.90596905,68,75,21.620834,very low,395.41666,476.5320213,3.2041667,9.183333,62.083332,42,525,13.783333,09/06/2024
71.15023474,19.06946028,98.97556355,68.54,76,17.795834,very low,435.375,476.5320213,4.883333,10.316667,65.583336,214,526,12.416667,10/06/2024
71.72820513,18.84736615,98.86676359,67.86,76,10.029166,very low,307.08334,476.5320213,2.5416667,9.566667,35.75,195,527,7.058333,11/06/2024
70.875,18.57235774,98.73810714,66.97,75,9.587501,very low,389,476.5320213,2.6583333,11.5125,39.25,168,528,6.7666664,12/06/2024
71.10067114,19.02774698,98.98524631,65.68,79,10.2375,very low,347,476.5320213,2.5833333,10.729167,34.583332,149,529,7.129167,13/06/2024
72.64661654,19.01300526,98.92338797,66.81,79,8.933333,very low,387.66666,476.5320213,2.6583333,11.258334,34.75,133,530,6.2374997,14/06/2024
70.45238095,18.87754762,98.8755,67.14,77,21.545832,very low,833.0417,476.5320213,6.695833,25.645834,44.583332,42,531,14.933333,15/06/2024
63.92307692,18.78759615,98.82071923,68.05,74,19.770834,very low,812.2083,476.5320213,5.7208333,22.233332,41.625,52,532,13.845833,16/06/2024
70.69958848,19.00040494,98.97414486,67.82,77,16.495832,very low,595.9167,476.5320213,4.3791666,16.916666,42.125,243,533,11.516666,17/06/2024
71.78099174,18.93694545,98.89750165,67.62,74,13.695834,very low,538.4583,476.5320213,4.025,12.766666,41.25,242,534,9.3,18/06/2024
70.02112676,18.58254196,98.78578042,66.97,75,13.1875,very low,413.33334,476.5320213,3.3999999,11.629167,37.958332,143,535,9.283334,19/06/2024
69.92638037,19.02631227,98.97550368,66.56,76,11.641666,very low,490.5,476.5320213,3.7416668,13.708333,31.666666,163,536,8.145833,20/06/2024
71.18079096,18.9317309,98.88410674,68,75,16.704166,very low,488.625,476.5320213,3.3125,12.983334,40.541668,178,537,11.724999,21/06/2024
71.55555556,18.87117222,98.88926389,67.32,79,20.933332,very low,533.0417,476.5320213,3.6083333,14.5125,48,36,538,14.491666,22/06/2024
70.57777778,19.05873111,98.94421111,68.56,75,20.375,very low,455.08334,476.5320213,3.5666666,13.033333,46.708332,45,539,14.308333,23/06/2024
71.64388489,19.11111583,98.91036295,68.02,78,18.300001,very low,462.91666,476.5320213,3.8999999,14.154167,38.083332,278,540,12.875,24/06/2024
69.27368421,18.95696246,98.89417439,66.42,81,19.470833,very low,371.875,476.5320213,4.0208335,10.466666,51.708332,285,541,13.691667,25/06/2024
71.36627907,18.69033779,98.76767035,67.15,79,11.150001,very low,378.5,476.5320213,4.2083335,13.341666,32.958332,172,542,7.820833,26/06/2024
70.1242236,18.98733704,98.95478827,65.5,82,11.345833,very low,406.70834,476.5320213,3.2708333,13.920834,30,162,543,7.9208336,27/06/2024
69.74825175,19.09581119,98.95397343,66.42,77,17.270834,very low,515.5,476.5320213,4.1375003,16.925001,33.416668,143,544,12.170834,28/06/2024
71.91111111,18.75426889,98.86648222,66.25,80,12.966667,very low,368.79166,476.5320213,3.1958332,11.845833,34.541668,45,545,9.166667,29/06/2024
72.02325581,18.83174419,98.81217442,67.35,79,13.304166,very low,415.29166,476.5320213,2.9708335,12.404167,31.291666,43,546,9.25,30/06/2024
69.73737374,19.04213283,98.93231818,66.02,80,11.991666,very low,464.91666,476.5320213,4.1041665,11.958333,29.083334,198,547,8.224999,01/07/2024
69.20353982,18.88882115,98.86739824,65.84,72,17.116667,very low,615.4583,476.5320213,5.495833,16.845833,31.583334,227,548,11.583333,02/07/2024
70.24161074,18.58869533,98.795914,66,73,12.958333,very low,338.75,476.5320213,3.0791667,11.087501,34.375,150,549,8.766666,03/07/2024
68.71686747,18.97695241,98.9483753,66.43,81,16.354166,very low,415.20834,476.5320213,4.4083333,14.258334,40.333332,166,550,11.420834,04/07/2024
70.14285714,18.95898736,98.86963901,66.27,81,18.416666,very low,420.125,476.5320213,3.7749999,12.820834,44.166668,182,551,12.891666,05/07/2024
73.51923077,18.670425,98.80060385,66.76,78,15.029167,very low,361.875,476.5320213,3.1875,10.925,44.708332,52,552,10.5,06/07/2024
67.59615385,18.89758462,98.90008654,65.7,81,11.283333,very low,349.54166,476.5320213,3.3333333,10.9375,45.875,52,553,7.9208336,07/07/2024
70.70103093,18.95891907,98.94460206,67.01,77,11.587501,very low,332.83334,476.5320213,2.5041666,10.8875,35.875,194,554,8.170834,08/07/2024
68.61711712,18.81854574,98.8481843,67.37,76,20.979166,very low,528.9167,476.5320213,4.3458333,17.020834,36.416668,223,555,14.854167,09/07/2024
70.92592593,18.61004444,98.7723463,66.92,76,20.362501,very low,520.875,476.5320213,4.133333,15.662499,39.916668,162,556,14.370833,10/07/2024
70.4619883,18.98373256,98.94778081,68,75,16.775,very low,618.7083,476.5320213,5.875,18.112501,35.041668,172,557,11.712501,11/07/2024
69.60769231,18.93758244,98.81913588,66.56,73,16.5625,very low,692.375,476.5320213,6.7791667,20.875,30.083334,131,558,11.712501,12/07/2024
72.19148936,18.82620851,98.87855957,66.76,75,14.183333,very low,413.25,476.5320213,3.7458334,14.25,34.916668,47,559,9.9875,13/07/2024
67.69387755,18.8391898,98.87580204,67.82,76,14.833333,very low,597.5,476.5320213,5.3083334,17.108334,38.333332,49,560,10.454166,14/07/2024
71.08171206,19.01866148,98.98750117,67.14,74,18.4125,very low,569.7083,476.5320213,4.4500003,17.0375,41.291668,257,561,12.979167,15/07/2024
70.54298643,18.89771674,98.8827733,66.76,76,15.354167,very low,467.08334,476.5320213,4,14.720833,40.208332,221,562,10.770833,16/07/2024
71.08917197,18.57781401,98.74361274,68.18,77,22.591667,low,637.3333,476.5320213,7.2708335,21.254168,52.291668,157,563,15.820834,17/07/2024
70.01136364,19.07805795,99.01619261,67.01,77,17.570833,very low,508.5,476.5320213,5.116667,17.166666,38.708332,176,564,12.316667,18/07/2024
71.81065089,19.06279586,98.87551065,66.61,78,14.375,very low,507.70834,476.5320213,4.0625,15.720833,31.875,169,565,10.083333,19/07/2024
70.74074074,18.81537778,98.87968519,66.25,80,12.645833,very low,403.125,476.5320213,3.5874999,13.545834,33.5,54,566,8.875,20/07/2024
69.34210526,18.91785,98.93037895,66.4,78,13.154167,very low,547.7083,476.5320213,4.3958335,16.845835,34.625,38,567,9.204166,21/07/2024
67.63636364,19.04453409,98.90729091,65.89,77,15.158333,very low,521.375,476.5320213,4.4791665,15.854167,35,44,568,10.620833,22/07/2024
71.27160494,18.88053251,98.88238683,65.05,78,12.654167,very low,588.5,476.5320213,4.545833,14.4375,31.416666,243,569,8.841666,23/07/2024
71.59574468,18.63402234,98.75072287,66.38,77,12.133334,very low,432.91666,476.5320213,3.3666668,13.0125,38.166668,188,570,8.454166,24/07/2024
70.34502924,19.0855474,98.99862139,66.96,78,6.9500003,very low,326.375,476.5320213,2.5833333,10.541667,34.583332,173,571,4.8624997,25/07/2024
70.5617284,19.08161543,98.93610617,66.15,81,8.704166,very low,329.75,476.5320213,2.7333333,10.491667,37,162,572,6.0958333,26/07/2024
67.66666667,18.8066549,98.85162157,64.72,84,10.05,very low,352.625,476.5320213,2.8958333,11.716667,33.041668,51,573,7.0416665,27/07/2024
66.04347826,18.94734681,98.92911915,65.89,79,9.629167,very low,338.66666,476.5320213,2.8208332,11.325,36.166668,47,574,6.754167,28/07/2024
67.55555556,18.67447556,98.77698667,65.8,80,11.354167,very low,376.41666,476.5320213,3.2124999,12.925,28.166666,45,575,7.9708333,29/07/2024
70.3754386,18.91179123,98.86508982,65.57,79,10.541667,very low,384.54166,476.5320213,3.4375,13.454166,26.833334,285,576,7.245833,30/07/2024
71.6809816,18.58871779,98.75210061,65.44,79,8.912499,very low,314.41666,476.5320213,2.4708333,9.695833,33.041668,163,577,6.2666664,31/07/2024
70.08035714,19.03371947,99.0053823,64.67,82,8.05,very low,408.16666,476.5320213,3.3166666,13.808333,22.166666,113,578,5.6458335,01/08/2024
70.92903226,18.98717097,98.88915355,63.41,83,12.029167,very low,551.2083,476.5320213,4.2374997,17.658333,24.25,155,579,8.408334,02/08/2024
69.125,18.75261806,98.81724583,63.73,82,14.754167,very low,485,476.5320213,3.9916668,14.133334,30.166666,72,580,10.379167,03/08/2024
70.01587302,18.91753333,98.87301587,65.17,78,15.141666,very low,424.25,476.5320213,3.1458333,12.875,36.166668,63,581,10.6125,04/08/2024
71.02304147,19.0650445,98.96668394,65.52,78,16.245832,very low,440.16666,476.5320213,3.7291667,14.441667,35.25,218,582,11.474999,05/08/2024
69.64978903,18.87111941,98.87684979,65.79,78,17.258333,very low,457.45834,476.5320213,4.4083333,15.141666,36.541668,237,583,12.345833,06/08/2024
70.70625,18.54095,98.74060563,65.73,79,18.199999,very low,473.83334,476.5320213,4.1875,15.587501,35.625,160,584,13.208333,07/08/2024
69.44785276,19.07217378,98.98245671,65.48,79,23.2125,low,873.0833,476.5320213,7.866667,23.025,32.375,164,585,16.645834,08/08/2024
71.40277778,18.98429793,98.86930138,65.28,77,21.695833,low,673.125,476.5320213,5.6875,16.316668,36.041668,145,586,15.3,09/08/2024
68.6,18.77155273,98.89457455,66.38,77,17.066668,very low,607.2083,476.5320213,5.616667,14.016666,32.041668,55,587,11.912499,10/08/2024
71.66666667,18.92524615,98.89381923,66.96,74,19.770834,very low,720.9583,476.5320213,6.491667,16.720833,29.416666,52,588,13.583333,11/08/2024
70.4,18.873075,98.8472,67.89,75,24.7125,low,609.75,476.5320213,5.6416664,20.45,31.375,40,589,17.487501,12/08/2024
70.82089552,18.98500112,98.91490448,65.89,78,16.783333,very low,572.625,476.5320213,4.9166665,19.275,30.541666,268,590,11.820834,13/08/2024
73.30635838,18.55002717,98.71713988,65.3,75,17.137499,very low,570.0417,476.5320213,4.65,17.166666,32.041668,173,591,12.016666,14/08/2024
68.95402299,19.02332171,98.97870114,66.22,77,17.85,very low,568.25,476.5320213,4.358333,15.295834,24.958334,175,592,12.720833,15/08/2024
69.09655172,18.93386345,98.90646,67.28,77,17.4625,very low,527.2083,476.5320213,4.6583333,17.808332,29.958334,145,593,12.304166,16/08/2024
67.45,18.806505,98.868905,65.41,84,16.570833,very low,500.54166,476.5320213,4.3958335,16.520834,32.875,40,594,11.666667,17/08/2024
70.14285714,18.81010175,98.87802105,65.71,82,14.175,very low,486,476.5320213,4.25,17.012499,28.583334,57,595,9.920834,18/08/2024
70.93032787,19.00240902,98.97068238,66.24,82,19.658335,very low,625.375,476.5320213,5.5208335,19.283333,33.25,244,596,13.787499,19/08/2024
70.27091633,18.95782072,98.9106502,66.56,79,23.391668,low,679.5833,476.5320213,5.9125,22.429167,31.416666,251,597,16.429167,20/08/2024
70.06285714,18.53731657,98.74630857,65.84,76,17.625,very low,784.375,476.5320213,6.9125,26.795832,19.125,175,598,12.354167,21/08/2024
69.94117647,19.01404588,98.97230765,65.01,82,13.6125,very low,423.29166,476.5320213,3.8083334,14.05,27.833334,170,599,9.570833,22/08/2024
71.19653179,19.00190116,98.94847052,64.78,82,13.162499,very low,495.29166,476.5320213,4.1749997,14.875,21.416666,173,600,9.229167,23/08/2024
66.5,19.09376885,98.9398918,64.27,83,15.412499,very low,531.2083,476.5320213,4.5125003,18.204166,31.125,61,601,10.808333,24/08/2024
68.53225806,19.01692419,98.94683065,64.8,78,20.595835,very low,747.875,476.5320213,6.995833,21.800001,28.833334,62,602,14.429168,25/08/2024
69.75518672,19.06100782,98.93266996,64.29,82,20.550001,very low,679.75,476.5320213,5.875,23.258333,30.583334,243,603,14.516666,26/08/2024
70.35564854,18.97451162,98.89108299,64.99,79,21.5875,low,568.6667,476.5320213,5.554167,18.816668,39.666668,241,604,15.212501,27/08/2024
71.30373832,18.5464707,98.72019581,63.79,83,16.487501,very low,484.5,476.5320213,4.295833,15.712501,34.833332,215,605,11.616666,28/08/2024
70.07471264,19.00939943,98.9612931,64.13,79,15.75,very low,438.75,476.5320213,4.1041665,15.629167,30.125,174,606,11.091667,29/08/2024
69.68888889,18.99811333,98.86886778,64.11,82,17.258333,very low,546.4583,476.5320213,4.1458335,16.695833,35.5,180,607,12.045834,30/08/2024
70.86956522,18.93922174,98.88373696,65.46,76,18.8625,very low,587.375,476.5320213,4.920833,18.629168,39.291668,46,608,13.158333,31/08/2024
65.57692308,18.62412075,98.74304528,66.88,76,23.570833,low,653,476.5320213,5.8375,23.0625,44.666668,53,609,16.520834,01/09/2024
69.4516129,18.94825829,98.9044139,65.07,81,29.133333,low,737.7083,476.5320213,5.258333,19.008333,56.541668,187,610,20.387499,02/09/2024
67.6763285,18.88810628,98.88491884,66,77,29.4625,low,686.7917,476.5320213,5.5291667,20.058332,61.5,207,611,20.583334,03/09/2024
71.62436548,18.59635628,98.72222412,66.07,70,22.658333,low,732.2083,476.5320213,5.879167,21.029167,57.333332,199,612,15.825,04/09/2024
65.51748252,18.88075862,98.93876621,67.1,75,16.745832,very low,550.2083,476.5320213,3.9166667,16.875,37.625,145,613,11.724999,05/09/2024
70.73015873,18.80299312,98.76604021,66.99,76,18.033333,very low,581.75,476.5320213,4.733333,15.412499,38.833332,189,614,12.691667,06/09/2024
72.40350877,18.98427544,98.91508772,66.38,75,11.787499,very low,421.79166,476.5320213,3.6958332,13.587501,41.833332,57,615,8.220834,07/09/2024
69.55737705,19.00941475,98.85011803,67.44,74,11.291667,very low,479.79166,476.5320213,4.045833,14.9375,34.833332,61,616,7.9083333,08/09/2024
70.54090909,19.0003371,98.96050995,67.12,77,12.070832,very low,468.25,476.5320213,3.9375,15.179166,29.25,221,617,8.462501,09/09/2024
69.46025105,18.85462333,98.86028292,65.23,79,7.625,very low,388.625,476.5320213,3.0833333,13.079166,21.958334,240,618,5.3375,10/09/2024
70.69186047,18.5189186,98.72433488,64.54,79,10.212501,very low,403.91666,476.5320213,3.5541668,14.070834,25.208334,172,619,7.1625,11/09/2024
67.27918782,18.99833116,98.99720101,63.43,78,14.970833,very low,527.8333,476.5320213,4.554167,18.550001,32.125,199,620,10.416667,12/09/2024
71.875,19.05538125,98.86396406,63.59,83,19.029167,very low,713.4583,476.5320213,5.9625,19.504168,33.791668,192,621,13.0625,13/09/2024
72.40816327,19.06500408,98.95864286,64.98,76,24.620834,low,714.5417,476.5320213,4.9874997,21.995834,35.125,49,622,17.15,14/09/2024
68.15789474,18.94192632,98.89291842,66,74,24.975,low,749.5833,476.5320213,5.5875,19.387499,37.833332,38,623,17.429167,15/09/2024
70.40217391,19.1646087,99.00547446,65.52,73,26.762499,low,760.125,476.5320213,4.5333333,20.070833,42.458332,184,624,18.408333,16/09/2024
69.003663,19.01307326,98.91991099,66.45,75,27.195833,low,786.6667,476.5320213,5.8416667,22.991667,53,273,625,19.025,17/09/2024
71.52760736,18.55503681,98.76088282,67.05,74,32.0125,low,891.625,476.5320213,6.9249997,26.099998,65.708336,163,626,22.316666,18/09/2024
69.33333333,18.9721631,98.94582202,65.08,76,29.954168,low,861.2917,476.5320213,6.808333,26.495834,59.25,168,627,20.783333,19/09/2024
70.73557692,18.86841394,98.8089625,67.89,69,38.854168,moderate,974.375,476.5320213,8.3,28.570833,69.083336,208,628,27.016668,20/09/2024
71.11864407,18.9778,98.97959492,66.45,75,24.512499,low,540.625,476.5320213,4.3708334,13.645833,60.5,59,629,17.0375,21/09/2024
66.89285714,18.93833333,98.93380702,66.27,77,22.237501,low,575.7083,476.5320213,5.2791667,15.129167,65.75,57,630,15.554166,22/09/2024
70.2705314,19.22436923,98.95798077,66.22,78,18.820833,very low,648.8333,476.5320213,6.0208335,21.466667,35.958332,208,631,13.175,23/09/2024
70.72294372,18.95424267,98.88748362,64.27,76,16.425001,very low,470.58334,476.5320213,4.2625003,14.287499,40.041668,232,632,11.491666,24/09/2024
70.50724638,18.65079809,98.71950526,63.79,82,16.429167,very low,511.54166,476.5320213,4.7458334,16.604166,22.875,209,633,11.495833,25/09/2024
68.13861386,19.03079363,98.91764559,63.09,75,16.716665,very low,455.04166,476.5320213,4.7374997,16.566668,41.041668,204,634,11.745833,26/09/2024
69.01694915,19.0564096,98.9512548,63.79,79,34.508335,low,1030.3334,476.5320213,7.866667,33.3125,43.916668,177,635,24.141668,27/09/2024
69.70149254,18.90782353,98.88445294,64.87,79,36.379166,moderate,951.75,476.5320213,7.0375,30.925001,47.25,68,636,25.491667,28/09/2024
69.41509434,18.93792593,98.91281481,66.13,76,31.908333,low,800.5833,476.5320213,5.4708333,22.375,42.541668,54,637,22.4,29/09/2024
70.875,19.08613125,98.99716442,66.97,77,24.716667,low,700.25,476.5320213,5.75,21.5375,27.916666,208,638,17.395834,30/09/2024
68.74485597,18.88975697,98.87881434,67.21,79,17.754168,very low,491.625,476.5320213,5.7958336,14.570834,46.291668,244,639,12.5,01/10/2024
70.88990826,18.60833105,98.80245388,65.37,79,17.108334,very low,502.25,476.5320213,8.904166,15.241666,56.125,219,640,12,02/10/2024
72.25925926,18.91880316,99.01879211,64.78,81,11.783333,very low,440.16666,476.5320213,7.9375,12.754167,53.083332,190,641,8.254167,03/10/2024
71.63302752,19.08648311,98.93518539,64.09,85,19.745832,very low,767.6667,476.5320213,8.4375,23.425001,45.416668,219,642,13.816667,04/10/2024
71.83870968,18.89039365,98.87573016,63.41,84,26.591667,low,788.8333,476.5320213,8.520833,26.475,59.208332,63,643,18.566668,05/10/2024
70.6056338,18.88193333,98.89440417,64.47,75,39.079166,moderate,764.5,476.5320213,11.75,21.966667,89.416664,72,644,27.233332,06/10/2024
69.70652174,19.05129355,98.95814659,65.01,69,45.158337,moderate,763.875,476.5320213,8.966666,17.4375,82.708336,279,645,31.416666,07/10/2024
71.2962963,19.10015667,98.93281296,64.69,71,38.520832,moderate,1044.2084,476.5320213,11.8875,30.695833,65.458336,270,646,26.908333,08/10/2024
70.8697318,18.75490843,98.8064295,64.35,75,37.416668,moderate,758.9167,476.5320213,8.724999,19.9625,88.041664,261,647,26.058334,09/10/2024
69.36231884,18.89970625,98.94447356,64.81,71,35.358334,low,769.875,476.5320213,6.8958335,19.116667,81.041664,208,648,24.641668,10/10/2024
70.53846154,19.17659372,98.9547583,63.75,78,31.4625,low,691.1667,476.5320213,5.241667,16.716667,69.958336,223,649,21.866667,11/10/2024
68.9382716,19.03015732,98.91764146,63.64,76,50.704166,moderate,1041.9584,476.5320213,9.8625,27.958334,75.041664,82,650,35.254166,12/10/2024
69.92134831,18.80744045,98.86219326,64.71,73,42.712498,moderate,852.7083,476.5320213,9.220834,19.879168,77.833336,89,651,29.5375,13/10/2024
72.13414634,18.8190241,98.87953494,63.84,78,28.104166,low,708.4167,476.5320213,5.5499997,17.958334,57.666668,83,652,19.545834,14/10/2024
70.5147541,18.99210623,98.91150393,64.06,77,33.733334,low,821.625,476.5320213,4.866667,18.933332,64.375,305,653,23.508333,15/10/2024
71.89451477,18.57611941,98.7834519,64.53,76,29.195833,low,532.7083,476.5320213,4.0333333,9.9375,76.791664,237,654,20.266666,16/10/2024
68.68686869,18.98842764,98.96429849,64.8,76,30.358332,low,982.9167,476.5320213,8.479167,28.733332,53.916668,199,655,21.204166,17/10/2024
71.65158371,19.14018914,98.99207285,64.92,73,30.091667,low,918.9167,476.5320213,7.129167,27.112501,63.666668,221,656,21.0375,18/10/2024
72.36111111,18.92451892,98.93970946,65.39,72,36.429165,moderate,931.9167,476.5320213,6.745833,24.449999,78.625,74,657,25.441666,19/10/2024
71.59016393,18.74480806,98.79450806,64.54,77,19.541666,very low,604.3333,476.5320213,5.4833336,17.183332,52.666668,62,658,13.633334,20/10/2024
72.02941176,19.01649167,98.97204042,63.52,78,23.925001,low,659.5417,476.5320213,5.758333,20.233334,51.375,240,659,16.566668,21/10/2024
68.53153153,18.97178239,98.90967433,62.69,80,18.762499,very low,600.5833,476.5320213,4.9958334,16.945833,53.583332,335,660,13.058333,22/10/2024
67.38554217,18.95664643,98.90488571,63.5,78,28.979166,low,948.2083,476.5320213,9.537499,28.949999,62.125,84,661,20.045834,23/10/2024
70.657277,19.0402507,98.98216808,62.73,73,35.654167,low,1032.125,476.5320213,10.304167,30.9,64.875,213,662,24.708334,24/10/2024
71.38983051,19.15407514,98.99609548,63.66,77,26.395834,low,892.1667,476.5320213,6.125,23.65,53.25,177,663,18.387499,25/10/2024
68.77333333,18.90058052,98.91885325,64.56,72,22.616667,low,1833.5,530.125,6.0125003,19.745832,40.25,77,664,15.5625,26/10/2024
68.52272727,18.92415,98.93299318,66.02,71,19.316668,very low,1861.625,522.8333,3.8,14.933333,47.625,44,665,13.454166,27/10/2024
70.72,19.05652629,98.89775139,66.18,72,22.15,low,935.875,501.66666,6.1375003,21.949999,54.625,251,666,15.404167,28/10/2024
69.6763754,19.09077942,98.94581897,64.96,78,28.283333,low,1974,512.8333,7.2333336,23.791666,45.875,311,667,19.695833,29/10/2024
70.63111111,18.65200973,98.78985354,64.56,74,37.308334,moderate,2200.0833,522.3333,7.9874997,26.279167,74,226,668,26.033333,30/10/2024
69.59036145,19.05499226,98.97804167,62.78,76,34.45,low,2344.125,539.4583,9.400001,29.895834,55.416668,168,669,23.995834,31/10/2024
71.4742268,19.05774872,98.9031441,63.82,62,33.866665,low,1869.4166,512.7917,7.2291665,28.862501,58.291668,195,670,23.508333,01/11/2024
69.90566038,18.94715849,98.86188113,64.44,65,27.362501,low,1638.7916,499.33334,5.8291664,15.316667,67.458336,53,671,19.070833,02/11/2024
70.67272727,19.06324107,98.95846071,62.55,75,33.008335,low,1451.125,492.54166,9.979167,27.154167,72.75,56,672,22.9625,03/11/2024
70.84761905,19.01613128,98.94333791,62.58,73,27.800001,low,1549.2916,500.58334,9.145833,28.770834,63,211,673,19.233334,04/11/2024
69.95121951,19.0691827,98.93058616,60.1,72,22.295832,low,1095.125,483.91666,4.3458333,14.741668,53.875,289,674,15.466667,05/11/2024
71.921875,18.61234219,98.7505375,61.25,81,14.654167,very low,853.4167,464.625,4.875,15.229167,50.666668,192,675,10.191667,06/11/2024
71.09036145,19.0043125,99.00454524,60.26,84,22.25,low,956.1667,466.45834,8.866667,13.537499,54.375,168,676,15.3125,07/11/2024
70.94520548,19.19444932,98.9740137,56.52,81,25.345833,low,929.25,472.54166,4.641667,13.445834,40.833332,219,677,17.570833,08/11/2024
68.125,18.89468036,98.85085536,56.16,85,31.679167,low,1715.125,504,4.320833,14.529167,50.208332,56,678,21.725,09/11/2024
68.21052632,18.85363559,98.8502322,58.6,78,36.791668,moderate,1981.4584,516.2083,7.616667,26.9375,58.166668,59,679,25.379166,10/11/2024
71.39461883,19.17293453,99.02536457,60.91,70,36.195835,moderate,1843.6666,511.125,8.675,27.608332,71.416664,223,680,25.1625,11/11/2024
71.14901961,19.08258023,98.95951822,60.42,62,35.479168,moderate,1866.5834,505.45834,13.670834,38.495834,74.541664,258,681,30.362501,12/11/2024
69.8372093,18.6262787,98.75098981,61.52,68,29.574999,moderate,1807.3334,496.375,11.1375,32.720833,84.416664,216,682,29.458334,13/11/2024
69.27979275,19.01489689,98.96722332,61.86,71,23.9375,low,1696.5,495.625,11.662499,31.637499,62.583332,193,683,23.879166,14/11/2024
70.475,19.0699065,98.956968,62.89,76,18.699999,low,1333.5834,483.83334,10.820834,34.7375,57.125,200,684,18.370832,15/11/2024
70.24561404,18.84100339,98.84178644,61.3,78,22.3125,low,1352.5834,481.04166,11.191667,33.375,71.125,59,685,22.054167,16/11/2024
67.27868852,18.72126452,98.83182258,61.81,76,22.129166,low,1468.3334,468.125,11.608334,32.991665,76.541664,62,686,22.012499,17/11/2024
71.91517857,19.103624,98.99342933,61.79,83,21.345833,low,1222.4166,480.54166,8.691667,25.016668,65.875,225,687,21.183332,18/11/2024
69.45307443,19.10382419,98.95717323,59.59,70,26.6,moderate,1236.4166,482.66666,12.020833,34.020832,73.416664,310,688,26.420832,19/11/2024
69.8974359,18.68826103,98.81182821,58.69,75,26.625,moderate,1561.875,493.25,13.391666,35.245834,72.125,195,689,26.479166,20/11/2024
69.32352941,19.08184203,99.00274251,59.14,70,27.345833,moderate,1455.4584,492.75,13,32.754166,81.541664,207,690,27.233332,21/11/2024
71.77941176,19.01535556,98.94051643,58.98,70,26.175001,moderate,1334.9584,481.20834,10.545834,26.824999,84.875,207,691,26.095833,22/11/2024
72.8,18.88790606,98.89493939,57.79,72,22.4625,low,1435.2084,487.29166,10.483334,23.875,79.916664,66,692,22.366667,23/11/2024
69.80645161,18.9369,98.92738871,58.44,78,35.0625,moderate,1362.6666,490,18.9,41.25,83.416664,62,693,34.820835,24/11/2024
70.92883895,19.14140556,98.9436363,58.66,74,30.2125,moderate,1485.7084,490.04166,16.454166,37.100002,88.333336,270,694,29.987501,25/11/2024
69.07754011,19.14584,98.95435867,59.07,77,33.429165,moderate,1246.9166,478.58334,16.3375,37.133335,75.083336,375,695,33.037502,26/11/2024
71.28169014,18.66441495,98.77075748,60.33,78,25.449999,moderate,1298.5834,483.83334,14.245833,32.837498,73.583336,214,696,25.108332,27/11/2024
68.56424581,18.95257403,98.94489227,59.45,78,20.970833,low,1042.25,477.29166,12.912499,31.545832,70.791664,181,697,20.895834,28/11/2024
71.93975904,18.85420964,98.84509157,57.09,80,31.445833,moderate,1150.1666,486.08334,8.645833,23.904167,65.75,166,698,31.345833,29/11/2024
69.86206897,18.75754915,98.88466271,56.82,73,27.391668,moderate,1480.8334,489.41666,10.5,30.666666,64.916664,59,699,27.295832,30/11/2024
71.08196721,18.98058525,98.91985574,58.73,75,30.545832,moderate,1566.5416,487,13.733334,39.779167,81.666664,61,700,30.133333,01/12/2024
70.86138614,19.02699901,98.93748713,59.56,77,32.058334,moderate,1683.75,492.41666,18.166666,40.208332,85.125,202,701,31.791666,02/12/2024
69.49462366,18.92392258,98.87746093,60.53,80,28.254166,moderate,1585.625,489.95834,16.945833,43.704166,84,279,702,28.137499,03/12/2024
70.24154589,18.69696095,98.80577238,61.38,79,35.0125,moderate,1572.4584,490.16666,21.658333,47.983334,97.5,210,703,34.899998,04/12/2024
72.44615385,18.95130462,98.91667692,62.35,80,27.675001,moderate,1047.7084,478.125,11.2625,33.358334,55.75,65,704,27.5375,05/12/2024
70.10552764,18.956899,98.8536325,61.47,77,20.304167,low,1052.6666,472.16666,8.741667,27.329168,55,200,705,20.145834,06/12/2024
69.79365079,18.95654063,98.88748281,59.45,83,31.816666,moderate,1165.6666,480.79166,14.808333,32.795834,74.833336,64,706,31.554167,07/12/2024
72.36065574,18.80926719,98.88589375,60.24,79,33.575,moderate,1605.3334,498.25,20.333334,36.25,82.25,64,707,33.162502,08/12/2024
70.6097561,19.08810648,98.98627976,62.15,77,36.9875,moderate,1408.625,494.45834,12.9875,36.395832,68.333336,247,708,36.75,09/12/2024
71.12328767,18.73945205,98.80576164,60.91,76,28.6875,moderate,1381.5416,501.33334,12.7625,37.458332,72,73,709,28.579168,10/12/2024
70.07075472,18.65498084,98.75202804,59.63,82,28.137499,moderate,1357.7084,490.20834,12.229167,33.7375,77.416664,214,710,28.016668,11/12/2024
68.77619048,18.98989953,98.98225,60.01,78,26.445833,moderate,1213.4584,488.625,12.208333,31.445833,91.041664,212,711,26.258333,12/12/2024
70.85492228,18.99730725,98.9014228,57.49,70,25.495834,moderate,1296.75,487.20834,15.7625,34.270832,80.208336,193,712,25.441666,13/12/2024
72.16071429,18.79321429,98.80684286,58.6,81,20.854166,low,1211.8334,478.95834,13.075,18.341667,74.375,56,713,20.829166,14/12/2024
62.94736842,18.71918718,98.87280513,60.62,82,16.458334,low,927.7917,470.25,9.470834,14.6875,52.25,39,714,16.429167,15/12/2024
69.76724138,18.96668498,98.95026652,58.08,77,23.525,low,1074.4166,476.08334,9.675,25.233332,50.583332,233,715,23.487501,16/12/2024
69.29768786,19.00620838,98.91614884,56.53,77,25.391668,moderate,1115.75,476.625,11.854167,31.9125,69.916664,346,716,25.366667,17/12/2024
69.71891892,18.64235775,98.79524118,56.57,80,26.358332,moderate,1456.5,480.5,17.995832,32.241665,82.083336,187,717,26.358332,18/12/2024
67.72067039,19.00423661,98.9806224,56.62,79,33.995834,moderate,1472.25,485.875,20.275,35.920834,82.958336,183,718,33.954166,19/12/2024
73.57024793,18.95734918,98.93327705,56.05,84,34.675,moderate,1320.125,477.41666,20.308332,33.5625,88.208336,122,719,34.616665,20/12/2024
69.01785714,18.94226491,98.91549298,55.89,78,34.495834,moderate,1515.1666,483.41666,18.708334,30.9,92,57,720,34.404167,21/12/2024
69.21568627,18.79449412,98.84547843,53.8,82,41.508335,high,1694.75,483.75,18.137499,33.587498,88.666664,51,721,41.337498,22/12/2024
71.47318612,19.08899531,98.93655344,52.5,77,39.412502,high,1371.8334,483.45834,16.125,35.25,87,320,722,39.208332,23/12/2024
69.61202186,19.02165586,98.91638011,52.38,78,35.720833,moderate,1383.7084,486,13.933333,36.9875,83.208336,367,723,35.391666,24/12/2024
70.74766355,18.63654837,98.78928651,52.07,74,28.25,moderate,1513.2084,484.125,12.925,31.379166,89.166664,215,724,27.854166,25/12/2024
70.53645833,19.11303161,99.01401917,53.22,71,30.808334,moderate,1444.9584,482.625,15.416667,37.166668,91.75,193,725,30.204168,26/12/2024
71.55288462,18.93412952,98.92930238,52.68,60,20.420834,low,1446.875,479.29166,12.529167,31.479166,84.458336,210,726,20.3125,27/12/2024
72.35616438,18.88435946,98.85978784,53.04,73,19.541666,low,1213.5416,474.375,10.554167,27.941666,70,74,727,19.5,28/12/2024
65.15517241,18.81005593,98.80056441,54.14,76,30.175001,moderate,1396.3334,480.08334,16.670834,35.316666,84.375,59,728,30.170832,29/12/2024
69.91176471,19.04148676,98.91853088,56.48,73,33.475,moderate,1286.5,478.25,23.120834,40.820835,99.083336,68,729,33.475,30/12/2024
68.17910448,18.69728088,98.86000441,56.68,80,33.483334,moderate,1364.4166,486.25,23.295832,35.179165,95.541664,68,730,33.429165,31/12/2024
74.14285714,18.87122653,98.89277755,56.44,79,31.9625,moderate,1485.6666,484.625,20.166666,37.679165,97.583336,49,731,31.366667,01/01/2025
68.78977273,18.92623011,98.93003011,55.62,72,38.475002,moderate,1344.3334,486.08334,23.025,43.295834,100.625,176,732,37.166668,02/01/2025
73.03658537,18.91848072,98.8539512,55.94,68,30.754166,moderate,1483.2916,483.29166,12.320834,32.5,83.791664,166,733,29.133333,03/01/2025
66.87931034,18.77067069,98.84787931,52.68,65,30.254166,moderate,1299.9166,477.625,18.916666,40.054165,92.625,58,734,30.025,04/01/2025
68.60606061,18.71856176,98.81379412,52.93,60,37.162502,moderate,1353.7084,482.75,16.820833,37.616665,87.958336,68,735,36.679165,05/01/2025
70.99078341,19.1099133,98.98469495,50.49,69,34.670834,moderate,1535.7084,481.45834,15.320834,38.4375,96.291664,218,736,34.304165,06/01/2025
68.96949153,18.90810872,98.90312718,51.8,70,35.7375,moderate,1583.4166,482.25,22.283333,37.725002,104.375,298,737,35.475002,07/01/2025
70.38695652,18.59722103,98.75540901,49.62,57,36.254166,moderate,1481.3334,478.66666,16.775,35.375,79.25,233,738,36.029167,08/01/2025
69.31818182,18.94160302,98.97808693,49.78,62,39.774998,high,1338.1666,481.41666,18.229166,36.345833,105.25,199,739,39.337498,09/01/2025
71.94152047,18.93569302,98.89584535,54.61,64,34.383335,moderate,1185.6666,470.875,18.245832,31.729166,99.541664,172,740,32.766666,10/01/2025
71.98214286,18.84122456,98.88204035,54.66,67,25.050001,low,1192.125,480.125,11.208333,20.800001,81.083336,57,741,24.6875,11/01/2025
71.52830189,18.84808704,98.8864537,50.54,63,21.429167,low,858.0833,464.79166,8.875,24.050001,70.416664,54,742,21.254168,12/01/2025
71.55335968,19.06180824,98.98465098,46.94,68,26.979166,moderate,1385.2084,471.375,13.070834,32.704166,89.083336,255,743,26.829168,13/01/2025
70.77941176,18.91209708,98.87894489,46.98,60,29.104166,moderate,1415.0834,472.08334,18.720833,36.983334,98.583336,274,744,29.008333,14/01/2025
69.05405405,18.76861497,98.85959947,47.64,53,20.054167,low,1098.375,460.625,9.875,23.904167,87.958336,187,745,20.008333,15/01/2025
69.40883978,19.05052873,98.99999116,48.33,51,17.416666,low,1135.6666,463.54166,10.775001,23.0625,75.25,181,746,17.395834,16/01/2025
70.28378378,18.89416107,98.89575034,50.68,57,32.608334,moderate,1457.7084,472.08334,18.979166,42.133335,87.208336,149,747,32.595833,17/01/2025
72.7195122,18.92746627,98.9249253,52.9,61,34.591667,moderate,1464.1666,473.66666,23.104166,38.600002,122.333336,83,748,34.570835,18/01/2025
66.61038961,18.76453333,98.8768359,53.56,58,32.575,moderate,1530,475.45834,28.15,34.1625,123.416664,78,749,32.566666,19/01/2025
72.07086614,18.99386299,98.97099331,52.65,58,30.254166,moderate,1688.2084,476.91666,16.6875,28.137499,103.916664,254,750,30.245832,20/01/2025
69.8370607,19.11321968,98.95454889,52.83,45,24.2875,low,1731.6666,476.95834,12.183333,24.625,86.958336,315,751,24.245834,21/01/2025
68.8212766,18.62584667,98.7725925,51.4,37,32.1375,moderate,1695.1666,483.91666,12.979167,28.691666,91.416664,240,752,32.033333,22/01/2025
68.305,18.93892388,98.97058358,52.14,41,35.029167,moderate,1563.375,485.875,13.679168,30.529167,94.125,201,753,34.958332,23/01/2025
72.43654822,18.87819442,98.84675178,53.02,40,29.245834,moderate,1652.3334,490.375,15.795834,42.566666,83.875,197,754,29.216667,24/01/2025
71.58823529,18.87288382,98.87497647,52.88,43,24.995834,low,1564.9166,484.66666,11.8125,35.175,84.416664,68,755,24.604166,25/01/2025
70.66666667,18.7734,98.88455139,53.73,41,28.870832,moderate,1730.5,481.125,16.370832,26.204168,124.75,72,756,28.741667,26/01/2025
70.65876777,19.01780187,98.95320888,54.72,44,40.016666,high,862.2083,478.95834,9.462501,21.470833,48.208332,214,757,39.833332,27/01/2025
68.72638436,19.02346104,98.92885195,52.3,75,38.3875,high,1677.7084,484.70834,17.229166,26.941666,87,308,758,38.037502,28/01/2025
71,18.70568146,98.79024663,53.78,62,35.179165,moderate,1746.9584,483.75,14.212501,23.258333,94.125,178,759,34.733334,29/01/2025
68.95977011,18.94957486,98.91349943,53.76,58,27.170832,moderate,1679.8334,480.375,7.758333,20.191668,79.416664,175,760,26.695833,30/01/2025
69.51094891,18.88525328,98.8894146,53.67,68,24.300001,low,1364.0834,486.83334,11.025001,33.325,68.375,137,761,23.675001,31/01/2025
70.74576271,18.75939833,98.80438667,54.23,46,23.5,low,1244.25,477.33334,11.629167,36.625,72.916664,60,762,22.970833,01/02/2025
69.92307692,18.77299367,98.86716456,54.3,38,26.291666,moderate,1480.125,481.91666,11.795834,36.633335,75.416664,79,763,25.941666,02/02/2025
70.4082397,18.99831859,98.93764275,55.49,35,30.762499,moderate,1456.2084,481.66666,13.220833,38.179165,109.791664,269,764,30.533333,03/02/2025
69.87169811,18.96423633,98.90436404,57.07,38,27.1875,moderate,1144.7084,480.5,8.720834,15.070834,99.75,267,765,27.070833,04/02/2025
70.66938776,18.70137764,98.81100488,55.45,51,36.083332,moderate,1471.375,485.5,9.599999,27.504166,75.291664,246,766,35.729168,05/02/2025
68.50581395,18.90130233,98.97541163,54.59,63,33.629166,moderate,1500.4584,488.75,11.583333,34.570835,81.208336,172,767,32.9875,06/02/2025
72.30674847,18.7905,98.85922121,57.43,46,33.595833,moderate,1458.6666,482.375,10.116667,25.933334,98.5,165,768,33.145832,07/02/2025
71.96,18.80527105,98.89713421,57.72,52,40.379166,high,1367.7084,481.79166,10.358334,19.0375,102.166664,76,769,40.0625,08/02/2025
67.35483871,18.99318889,98.94295873,58.62,62,24.141668,low,1199.8334,477.54166,7.616667,15.491666,91.208336,63,770,24.029167,09/02/2025
71.29166667,19.04990868,98.98213554,59.97,55,25.841667,moderate,1720.9166,482.58334,7.3291664,19.375,86.166664,242,771,25.695833,10/02/2025
69.36263736,18.94196473,98.89241673,58.05,54,26.829168,moderate,1625.2084,484.83334,7.9833336,22.154167,77.166664,275,772,26.691666,11/02/2025
71.45783133,18.70250714,98.8369,56.95,52,25.779167,moderate,1516.4166,487.125,11.279167,35.587498,72.875,84,773,25.679167,12/02/2025
70.29515419,19.02137913,98.93783391,57.22,34,26.941666,moderate,1331,482.91666,12.083333,35.820835,77.291664,230,774,26.358332,13/02/2025
70.66101695,18.83693034,98.86101798,54.01,33,29.025,moderate,1377.625,480.66666,10.8125,33.787502,78.666664,178,775,27.816666,14/02/2025
71.06521739,18.90100417,98.90145833,55.08,43,38.741665,moderate,1294.9584,480.04166,11.5625,34.116665,79.125,48,776,37.066666,15/02/2025
70.05479452,18.98589481,98.94621429,55.4,43,34.170834,moderate,1291.8334,481.54166,10.741666,32.962498,82.416664,77,777,32.825,16/02/2025
71.85608856,19.11444432,98.99706117,55.11,40,37.9875,moderate,1355.7916,480.04166,11.191667,35.541668,83.875,273,778,36.566666,17/02/2025
69.33770492,19.01402222,98.93103039,56.91,31,42.629166,high,1672.5,482.375,8.195833,21.229166,92.541664,306,779,41.658333,18/02/2025
70.47058824,18.60568243,98.77363378,57.06,44,45.845837,high,1415.7084,478.54166,10.037499,25.983332,88.875,222,780,44.7375,19/02/2025
70.5625,18.99169689,98.97532124,58.24,47,39.412502,high,1288.4584,477.5,8.683333,25.308334,88.916664,193,781,37.766666,20/02/2025
71.56497175,18.80234637,98.83223966,60.3,43,37.645832,moderate,1119.7084,474.16666,8.375,22.9625,85.875,179,782,35.425,21/02/2025
73.18867925,18.85540741,98.87802037,58.86,48,32.829166,moderate,1578.2916,479.91666,10.670834,30.304167,87.541664,54,783,30.804167,22/02/2025
71.4893617,18.89075745,98.86189787,60.3,41,37.375,moderate,1087.8334,468.54166,8.654166,21.183332,94.25,47,784,35.995834,23/02/2025
71.1962963,19.12570403,98.9481956,61.03,64,28.245834,moderate,903.9583,463,8.945833,19.679167,84.75,273,785,27.862501,24/02/2025
69.30449827,19.04359621,98.93071241,57.81,88,32.304165,moderate,1532.625,479.95834,10.841667,19.695833,82.25,290,786,32.05,25/02/2025
70.26794258,18.66867048,98.79343619,57.36,84,29.820833,moderate,1495.5416,480.75,11.087501,30.554167,66.541664,210,787,29.529167,26/02/2025
70.4673913,18.93254757,98.94780703,60.26,71,23.833334,low,1590.7916,480.79166,8.458333,27.320833,64.083336,185,788,22.975,27/02/2025
71.74825175,18.82510972,98.83101528,61.88,59,28.770834,moderate,1428.75,486.33334,10.420834,34.229168,63.791668,144,789,27.866667,28/02/2025
76.25454545,18.88401091,98.86246727,63.23,52,23.637499,low,1428.6666,488.83334,9.091666,31.283333,59.333332,55,790,22.85,01/03/2025
66,19.09009107,98.95636786,61.59,42,26.541666,low,1401.1666,490.5,10.104167,34.245834,72.916664,56,791,24.308334,02/03/2025
71.53097345,18.93038805,98.91024204,61.77,38,32.270832,moderate,1358.6666,491.66666,11.05,35.75,85.208336,226,792,30.020834,03/03/2025
68.89694656,18.92001679,98.8765229,60.78,39,41.266666,high,1491.0416,489.41666,11.662499,36.016666,89.708336,262,793,38.287502,04/03/2025
71.10638298,18.54221549,98.75327113,61.39,34,43.149998,high,1498.5416,489.875,12.533333,33.891666,85.791664,142,794,40.6875,05/03/2025
71.3557047,19.02523,99.02093667,59.59,35,33.058334,moderate,1562.5416,486.08334,10.579166,31.591667,83.416664,150,795,30.779167,06/03/2025
70.5026178,18.78805677,98.8447224,58.17,36,37.133335,moderate,1018.0417,471.41666,6.695833,10.008333,108.041664,192,796,35,07/03/2025
69.49019608,18.78451538,98.86629808,60.21,53,38.508335,moderate,860.5,467.5,4.5416665,11.8125,83.166664,52,797,37.275,08/03/2025
71.7027027,19.03922162,98.94095811,61.59,75,33.283333,moderate,1384.25,479.875,6.9125,22.133333,79.625,74,798,32.291668,09/03/2025
70.71923077,18.87535577,98.93078308,64.87,58,32.520832,moderate,1581.0834,488.125,9.283334,30.316666,93.208336,260,799,30.945833,10/03/2025
71.66440678,18.99431178,98.9223569,65.21,57,39.875,moderate,1555.7916,489.95834,10.070834,34.65,74.833336,297,800,36.341667,11/03/2025
71.39215686,18.68533512,98.78695951,64.87,41,45.50833,high,1450.0834,489.54166,12.2625,37.433334,75.791664,205,801,42.354168,12/03/2025
72.27135678,19.0226595,98.955084,64,45,28.441666,moderate,1234.125,479.375,8.604167,26.133333,74.041664,200,802,27.066666,13/03/2025
69.01492537,18.81050815,98.88438963,61.52,31,45.766666,high,1308.7916,489.91666,11.341667,28.387499,94.916664,135,803,39.283333,14/03/2025
73.16981132,18.93739818,98.87505636,63.41,34,45.183334,high,1277.3334,491.875,10.966667,28.0875,103.208336,55,804,40.475,15/03/2025
68.98113208,18.97205283,98.89363962,63.99,27,55.158337,high,1472.7916,493.16666,10.616667,27.304167,101.708336,53,805,49.245834,16/03/2025
70.09929078,18.98372887,98.95614859,64.36,37,54.829166,high,1180.5,473.16666,7.691666,15.224999,100.5,284,806,49.7,17/03/2025
70.2515528,19.0170216,98.91462191,64.27,37,47.395832,high,959.7083,467.125,7.879167,10.5125,109.125,324,807,43.49167,18/03/2025
70.58536585,18.61062126,98.79184638,64.83,35,76.941666,very unsafe,1163.1666,480.83334,7.9375,21.0125,71.416664,207,808,75.325,19/03/2025
71.48369565,18.94166378,98.95141622,63.12,57,62.129166,high,1712.6666,488.625,9.370833,20.829166,109,185,809,60.087498,20/03/2025
69.33540373,18.78506667,98.8670858,62.22,55,84.487495,very unsafe,1520.7916,484.83334,15.179166,32.916668,125.916664,162,810,81.354164,21/03/2025
72.90410959,18.88369467,98.88514533,64.06,47,93.43333,very unsafe,1589.7916,487,18.300001,40.670834,122.958336,75,811,89.725,22/03/2025
68.23728814,18.89372712,98.8313678,65.17,43,71.979164,high,1495.7916,495.08334,14.595833,39.983334,108.791664,59,812,69.479164,23/03/2025
72.03225806,19.04276972,98.9727711,64.33,36,58.345837,high,1496.9166,496.33334,12.191667,36.304165,100.916664,218,813,56.541668,24/03/2025
70.18149466,19.01230567,98.91657305,63.39,31,34.591667,moderate,1480.625,492.375,8.483334,25.908333,99.958336,282,814,33.6875,25/03/2025
70.36111111,18.72701222,98.79821056,63.68,38,32.350002,moderate,1380.3334,488.25,8.325,24.958334,94.666664,180,815,31.258333,26/03/2025
71,19.02725419,98.9809266,62.04,38,37.270832,moderate,1312.5416,486.58334,6.8125,19.35,107.166664,203,816,33.804165,27/03/2025
71.38028169,18.73931608,98.79583357,60.39,37,50.325,high,1455,487.875,9.345834,28.262499,100.708336,143,817,44.087498,28/03/2025
73.33333333,18.92623692,98.91751692,62.35,40,71.799995,high,1496.9584,487.08334,9.279166,26.699999,103.708336,65,818,64.583336,29/03/2025
67.04,18.932828,98.932998,65.97,34,50.629166,high,1053.5416,473.54166,6.3375,12.866666,107.958336,50,819,48.24167,30/03/2025
70.77818182,18.96360399,98.96094529,67.28,45,37.791668,moderate,846.625,468.625,4.1583333,10.0125,88.75,276,820,36.795834,31/03/2025
70.09848485,18.90504644,98.87817228,67.5,51,42.575,high,856,473.58334,4.625,13.099999,76.625,267,821,41.416668,01/04/2025
71.7027027,18.63104194,98.76970215,65.5,64,38.904167,high,855.4167,472.95834,6.2041664,14.254167,87.625,186,822,38.0375,02/04/2025
70.39880952,18.9442503,98.99571183,66.83,52,63.741665,high,1129.375,482.83334,7.0791664,19.841667,91.333336,169,823,62.941666,03/04/2025
72.61666667,18.86197869,98.87845683,66.11,59,50.6125,high,1108.9584,485.95834,5.5375,15.55,97.666664,183,824,50.037502,04/04/2025
69.5625,18.82899231,98.87419077,68.09,51,42.179165,high,1211.0834,485.45834,8.554167,25.708334,79.75,65,825,41.754166,05/04/2025
71.43283582,18.93523382,98.86087059,64,61,29.079168,moderate,1139.875,478.29166,6.8583336,18.804167,80.166664,68,826,28.795832,06/04/2025
69.8030303,18.96777576,98.85963182,63.19,74,26.845833,moderate,1022.7083,473.41666,4.3416667,11.3625,81.541664,66,827,26.5,07/04/2025
70.79189189,18.96733811,98.90036162,62.51,72,27.308334,moderate,1194,488.04166,5.5958333,15.3625,84.5,370,828,27.025,08/04/2025
70.89130435,18.62209654,98.75389307,66.15,53,50.57083,high,1351.0834,492.91666,7.633333,23.7125,76.208336,231,829,50.024998,09/04/2025
70.5678392,19.0509395,98.995649,67.23,51,50.9875,high,1304.5416,497.54166,5.808333,14.966667,92.625,200,830,50.44583,10/04/2025
71.74050633,18.95217736,98.91164403,65.98,59,28.145834,moderate,1033.7084,489.08334,4.475,12.029167,78.416664,159,831,27.737501,11/04/2025
74.15789474,18.79011579,98.85572105,65.52,71,18.3375,low,904.7917,473.5,5.9791665,19.637499,44.791668,57,832,17.829166,12/04/2025
71.35555556,18.82058913,98.83098696,64.08,81,10.2,very low,714.875,459.70834,6.933333,9.758333,68.666664,46,833,10.129167,13/04/2025
70.01449275,18.9324,98.84584714,65.91,76,33.899998,moderate,1019.125,467.04166,7.0916667,22.191666,72.791664,70,834,33.05,14/04/2025
67.484375,18.84620154,98.83706769,62.47,84,28.6,moderate,1250.625,478.16666,10.679166,32.3625,73.958336,65,835,28.375,15/04/2025
68.7826087,18.71883768,98.81063478,64.98,75,18.208334,low,1331.9166,487.20834,6.629166,21.512499,57.416668,69,836,18.045834,16/04/2025
70.47393365,19.10467925,98.96214198,65.01,78,14.412499,very low,1184.0834,483.41666,4.179167,14.241666,55.583332,212,837,14.224999,17/04/2025
70.35359116,18.79084728,98.80997772,64.96,73,20.404167,low,1159.9166,481.16666,7.1375003,26.199999,51.125,184,838,19.9125,18/04/2025
71.49382716,18.84301358,98.84692099,65.17,72,25.891668,low,1027.5,476.66666,5.304167,17.875,66,81,839,22.579168,19/04/2025
69.38028169,18.86158056,98.88054861,64,66,25.4,low,836.6667,479.125,4.1541667,12.974999,75.833336,72,840,21.895834,20/04/2025
70.67701863,18.9694559,98.95235186,64.15,65,24.508333,low,880.7083,486.70834,4.258333,13.029167,70.291664,322,841,20.816668,21/04/2025
70.14450867,19.03606012,98.91579624,66.16,70,27.6625,low,1432.7084,498.83334,3.6666667,9.891666,79.375,346,842,24.65,22/04/2025
71.36363636,18.59988889,98.74049697,68.07,59,31.770834,moderate,839.2083,492.58334,3.9958334,9.691667,84.958336,198,843,28.166666,23/04/2025
69.625,19.03621188,98.96294653,67.59,53,39.916668,moderate,977.8333,495.41666,3.8666668,9.7125,79.375,202,844,34.175,24/04/2025
70.27388535,18.90417006,98.8572586,67.77,53,41.858334,moderate,1057.5834,493.45834,4.891667,12.066667,79.625,157,845,34.962498,25/04/2025
71.46551724,18.65125424,98.77844746,68.99,43,38.520832,moderate,782.0417,479.5,5.629167,13.420834,85.791664,59,846,33.583332,26/04/2025
71.0212766,18.78255417,98.81552292,69.84,49,27.008333,low,808.625,485.83334,4.5916667,8.008333,100.791664,48,847,24.408333,27/04/2025
71.35051546,19.04004062,98.9457144,67.24,69,18.65,low,1060.5416,486.08334,4.025,6.566667,101.75,389,848,17.704166,28/04/2025
69.89491525,19.00661246,98.91061582,64.81,73,15.154167,very low,914.0833,471.75,3.4083335,7.2041664,90.041664,297,849,14.866666,29/04/2025
70.79620853,18.5143128,98.71519479,63.64,74,14.383334,very low,1034.8334,483.375,4.0916667,9.229167,74.458336,211,850,14.216667,30/04/2025
72.06842105,18.95602487,98.99667772,64.6,66,16.925001,low,1093.2916,481.33334,4.0916667,9.858334,80.125,193,851,16.5625,01/05/2025
71.02209945,18.89777541,98.88052404,64.56,74,17.008333,low,999.0417,469.08334,4.7083335,11.75,73.541664,183,852,16.775,02/05/2025
72.86885246,18.95932258,98.96281613,65.55,74,22.612501,low,860.9583,476.875,5.5625,19.583334,65.25,62,853,22.2125,03/05/2025
71.34545455,18.91014643,98.92111607,65.53,69,20.345833,low,921.25,479.5,4.9583335,16.870832,49.833332,56,854,18.074999,04/05/2025
68.73913043,19.0231,98.90473803,64.63,73,18.908333,low,804.0417,478.5,4.766667,15.175,68.25,71,855,16.391666,05/05/2025
70.60416667,19.01996076,98.9264934,66.11,59,16.716667,very low,684.2083,474.04166,4.4625,12.133334,79.041664,288,856,14.708333,06/05/2025
70.62962963,18.63820052,98.79796597,66.83,56,15.658333,very low,629.4167,476.20834,4.1583333,11.395833,76.458336,191,857,14.349999,07/05/2025
68.67015707,18.97654271,98.97852292,67.53,65,22.904167,low,963.625,495.41666,3.8458335,9.625,73,192,858,21.108334,08/05/2025
69.89855072,18.80095493,98.82751831,66.09,82,25.295832,low,814.125,490.625,4.420833,9.833333,82.625,71,859,23.199999,09/05/2025
68.78723404,18.94753404,98.88271489,66.6,73,36.62917,moderate,872.5417,494.75,4.929167,13.474999,70,47,860,33.308334,10/05/2025
69.16071429,18.67366491,98.81269649,65.52,78,19.395834,low,750.375,477.08334,3.75,8.150001,98.625,57,861,17.166666,11/05/2025
68.69135802,18.74344268,98.78400488,66.2,76,20.791666,low,861.875,467.33334,7.120833,13.841666,90.625,82,862,19.895834,12/05/2025
70.63141026,18.90464455,98.89241923,66.96,72,25.262499,low,867.375,465,6.1749997,20.383333,69.666664,312,863,24.800001,13/05/2025
71.30964467,18.64616181,98.78579296,65.68,74,16.508333,low,644.2083,459.625,4.295833,10.3125,83.666664,199,864,16.404167,14/05/2025
71.25789474,19.00878594,98.97750625,66.25,78,17.8375,low,1206.8334,467.08334,5.6083336,16.387499,48.166668,192,865,17.699999,15/05/2025
71.42384106,18.76258874,98.85109536,63.32,84,16.754168,low,1207.6666,467.91666,4.7833333,13.8,53.416668,151,866,16.425001,16/05/2025
72.28125,18.81677879,98.82366818,62.49,81,13.575,very low,1167.2084,467,4.6916666,13.766666,53.625,66,867,13.25,17/05/2025
74.53658537,18.90867857,98.88787619,65.21,82,12.679166,very low,1073.5416,473.125,4.7791667,15.341667,49.458332,42,868,12.55,18/05/2025
71.36842105,19.00811639,98.9805623,64.63,78,24.266668,low,1384.2916,485.79166,9.570833,33.633335,49.666668,305,869,24.091667,19/05/2025
70.80769231,19.08091246,98.91811246,65.84,78,20.85,low,1084.7916,473.83334,6.5375,23.154167,50.541668,313,870,20.741667,20/05/2025
71.15384615,18.70532174,98.83010707,66.43,75,17.595833,low,1456.4584,486.125,3.9041665,14.654167,60.333332,184,871,17.445833,21/05/2025
71.56875,19.00143168,98.97377267,66.42,78,12.712501,very low,851.5417,473.58334,4.2791667,12.004167,59,161,872,12.474999,22/05/2025
72.69512195,18.90850181,98.8840988,67.46,75,14.254167,very low,1067.4166,462.20834,5.4166665,16.266666,55.541668,166,873,13.912499,23/05/2025
71.10204082,18.72116078,98.86344902,66.92,77,13.770833,very low,726.0417,450.54166,7.0833335,12.837501,92.583336,51,874,13.733334,24/05/2025
68.21276596,18.75505208,98.841925,67.12,77,11.516666,very low,589.5417,446.54166,7.0499997,11.8875,94.166664,48,875,11.516666,25/05/2025
71.23376623,19.02979129,98.94104452,67.26,78,16.333334,low,547.0417,444.75,9.875,16.85,81.375,310,876,16.324999,26/05/2025
71.2923588,19.01104026,98.8950571,66.52,81,12.6375,very low,901.75,450.58334,6.683333,13.970833,53.958332,303,877,12.504167,27/05/2025
70.09424084,18.6473658,98.7633171,65.12,81,13.379167,very low,845.7083,454.33334,5.2458334,16.433332,40.666668,193,878,12.695834,28/05/2025
71.14450867,18.9929908,98.98754483,64.96,80,15.341667,very low,888.9167,451.125,5.4708333,19.295834,32.291668,174,879,13.8625,29/05/2025
70.29813665,18.7340227,98.78331043,66.56,73,8.929167,very low,1521.0416,469.91666,3.9875,14.208333,38.458332,163,880,8.4375,30/05/2025
69.8,18.9822087,98.92338043,65.19,83,7.141667,very low,1445.625,474.83334,3.2,10.754167,34.333332,46,881,6.5791664,31/05/2025
72.5,19.05364894,98.89410638,65.03,83,10.400001,very low,789.4583,466.875,4.3375,16.158333,37.166668,47,882,10.116667,01/06/2025
68.85,19.00304074,98.87183951,66.74,75,10.604167,very low,1176.9166,468.16666,3.5958335,12.004167,48.166668,81,883,9.175,02/06/2025
71.44827586,18.78030508,98.88513559,65.91,76,22.170832,low,1320.0834,480.75,8.220834,27.504166,47.75,59,884,18.941668,03/06/2025
69.77292576,18.84836234,98.86207056,64.42,74,40.675,moderate,1297.0834,482.33334,9.483333,30.058334,54.5,231,885,30.833334,04/06/2025
70.4601227,18.91153293,98.93396037,64.92,78,31.779167,moderate,1510.7084,485.16666,7.7166667,27.020834,59.333332,164,886,28.154167,05/06/2025
69.33333333,18.919468,98.8604688,66.72,78,32.370834,moderate,1400.9584,481.16666,11.633334,35.399998,52.708332,125,887,29.745834,06/06/2025
69.71830986,18.97227534,98.88306301,67.82,75,16.741667,low,1309.625,485.625,5.879167,18.679167,58.708332,73,888,15.833333,07/06/2025
69.28333333,18.81693167,98.85773833,67.96,74,17.345833,low,1037.4584,473.41666,6.2166667,22.175001,53.458332,60,889,16.808332,08/06/2025
70.94672131,19.10512163,98.98467714,68.65,75,13.379167,very low,759.1667,459.5,4.1458335,13.9875,49.916668,245,890,12.933333,09/06/2025
70.16967509,18.93136487,98.89518889,68.52,77,12.504167,very low,733.875,456.29166,4.170833,11.491666,62.375,279,891,11.833333,10/06/2025
70.23188406,18.6218067,98.75370096,66.54,81,12.650001,very low,1089.4166,461.91666,5.5625,15.558333,52.541668,209,892,12.316667,11/06/2025
72.87931034,19.02731429,98.96974629,65.48,80,16.949999,low,1723.0834,488.41666,5.4791665,16.620832,58.583332,175,893,16.591667,12/06/2025
72.77058824,19.00690819,98.93170468,65.64,80,14.745833,very low,1081.4166,469.16666,5.054167,15.516666,46.833332,171,894,14.1375,13/06/2025
71.59016393,18.78348226,98.80235968,65.48,84,13.754167,very low,1064.625,467.125,4.8416667,15.920834,42.416668,62,895,13.166667,14/06/2025
70.27659574,18.83588085,98.87562979,65.3,80,7.5750003,very low,1046.8334,468.70834,3.5249999,12.158333,44,47,896,7.3250003,15/06/2025
72.15481172,19.04223542,98.97578125,65.55,81,13.900001,very low,1473.7916,474.41666,6.004167,20.4625,40.291668,240,897,13.533333,16/06/2025
70.87333333,19.09538439,98.93517542,64.65,83,12.283333,very low,992.5833,466,4.775,17.725,35.958332,301,898,12.083333,17/06/2025
70.94054054,18.64206898,98.80577219,66,79,15.770833,low,1065.625,469.875,6.1708336,22.704168,37.583332,187,899,15.233334,18/06/2025
71.13450292,19.05348663,98.97287326,65.17,79,20.179167,low,1369.9166,470.375,6.7125,22.091667,39.75,172,900,17.479166,19/06/2025
71.5,18.95219595,98.8903,64.98,80,20.512499,low,1466.5,477.5,7.3458333,22.9375,44.666668,148,901,17.445833,20/06/2025
70.15942029,18.92343188,98.83701014,66.22,76,16.637499,very low,936.4583,458.29166,4.570833,13.6125,48.916668,69,902,12.683333,21/06/2025
69.91071429,18.9880386,98.92394561,66.4,79,11.5125,very low,840.2917,456.45834,4.2999997,11.8875,50.666668,57,903,10.466666,22/06/2025
71.41237113,19.06413605,98.91257891,65.91,80,9.154166,very low,611.875,449.20834,3.6458333,12.266666,42.208332,294,904,8.566667,23/06/2025
69.06925208,19.00115829,98.91617762,66.27,77,16.829166,low,851.8333,455.5,5.3416667,19.279167,38.833332,362,905,15.466667,24/06/2025
70.07623318,18.63941422,98.78616578,65.14,79,23.704168,low,847.0833,466.66666,7.683333,24.2125,47.666668,225,906,20.958334,25/06/2025
69.80681818,19.05266461,98.97857416,65.89,77,18.958334,low,920.5833,459.83334,6.4208336,20.383333,49.041668,178,907,16.991667,26/06/2025
73.38157895,18.85647697,98.86962697,65.68,79,11.545834,very low,837.0417,454.29166,5.2458334,17.3,39.291668,152,908,10.7,27/06/2025
71.94736842,18.9134339,98.93410847,65.03,81,15.104167,very low,1026.7084,464.125,6.2083335,19.8125,40.333332,59,909,14.091667,28/06/2025
69,18.77985968,98.83418226,64.29,79,13.804166,very low,1062.9166,465.125,4.766667,16.033333,38.166668,62,910,12.545834,29/06/2025
71.91111111,19.05855885,98.95528496,64.13,78,18.220835,very low,1343.5416,467.375,5.0208335,18.354166,39.708332,226,911,14.333333,30/06/2025
69.80566802,18.97182177,98.90390484,65.89,73,18.841667,low,1241.625,462.375,7.316667,21.933334,40.041668,248,912,16.5875,01/07/2025
71.66129032,18.60221857,98.81408286,65.17,80,20.704166,low,1212.75,462.375,7.9833336,24.379166,38.416668,210,913,17.904167,02/07/2025
70.19354839,18.9269943,98.93868497,64.76,76,23.029167,low,1362.6666,469.125,10.691667,27.791666,43.541668,193,914,20.629168,03/07/2025
71.04624277,18.71269,98.83161778,64.81,75,20.366667,low,1379.7084,466.04166,8.283334,22.125,44.083332,180,915,17.645834,04/07/2025
71.96363636,18.98934655,98.91186724,64.96,73,20.279165,low,924.7917,458.75,8.491667,25.433334,44.416668,58,916,18.633333,05/07/2025
66.66666667,18.87946579,98.87029474,65.7,77,13.045834,very low,1131.2916,478.25,5.5875,17.8125,38.5,38,917,12.150001,06/07/2025
71.47619048,18.98912719,98.96341935,64.96,78,19.058332,low,1467.75,485.33334,7.820833,24.966667,36.958332,217,918,16.25,07/07/2025
70.15486726,18.93807051,98.90266453,65.37,79,23.516668,low,1270.0416,473.33334,6.304167,21.629166,42.041668,234,919,16.612501,08/07/2025
71.56345178,18.65759078,98.77741613,66.97,73,19.449999,low,1588.625,480.66666,6.0166664,19.6625,40.708332,217,920,16.166666,09/07/2025
71.45762712,18.9012459,98.72981311,66.09,77,27.366667,low,1123.7916,466.70834,6.9500003,21.75,43.75,61,921,19.204166,10/07/2025
71.12765957,18.604652,98.769604,66.97,77,32.600002,low,1159.25,457.41666,8.241667,26.4625,34.541668,50,922,21.375,11/07/2025
69.19148936,18.57487455,98.8366,66.22,75,21.283335,low,1466.375,466.625,9.2625,27.883333,51.791668,55,923,20.074999,12/07/2025
65.67272727,18.68068814,98.83951864,64.6,83,17.691668,low,1059.7916,460.33334,6.6,20.554167,42,59,924,16.2125,13/07/2025
70.73228346,18.90572748,98.93969313,66.07,78,22.683334,low,1437.75,479.875,8.066667,23.858332,44.333332,262,925,20.254168,14/07/2025
70.38028169,19.11456817,98.96544879,67.15,80,17.029167,low,1497.2084,467.70834,8.854167,25.145834,41.333332,289,926,15.920834,15/07/2025
72.17460317,18.6298064,98.79503103,66.45,78,13.670834,very low,1430.7916,470.04166,6.7083335,22.579168,34.458332,203,927,13.108334,16/07/2025
70.07281553,19.00576542,98.97857523,66.06,77,15.2,very low,1399.75,467.91666,7.4708333,23.6625,36.291668,214,928,14.841667,17/07/2025
71.93452381,18.91289653,98.90224104,65.35,79,14.849999,very low,1297.7916,468.75,5.6625,17.612501,37.583332,173,929,14.291667,18/07/2025
72.47222222,18.854116,98.86275333,64.74,77,18.304167,low,1337.7916,476.08334,9.2375,23.808334,36.166668,75,930,17.6,19/07/2025
68.86842105,18.76472564,98.82403077,66.54,76,12.612499,very low,1469.4166,472.75,5.941667,18.666666,39.625,39,931,12.458333,20/07/2025
71.41353383,18.93064029,98.95589173,66,77,14.566667,very low,1600.5416,470.54166,5.816667,19.366667,37.5,278,932,14.329166,21/07/2025
70.18773946,19.06850712,98.93379438,66.92,76,11.7,very low,1287.75,465.66666,6.008333,20.800001,36.083332,267,933,11.545834,22/07/2025
70.44508671,18.71789624,98.81328495,65.91,78,5.9791665,very low,898.0417,457.45834,4.445833,15.029167,35.125,186,934,5.866667,23/07/2025
69.8,18.96009756,98.96767439,64.85,83,6.758333,very low,1011.6667,453.875,3.4875,12.2375,36.125,164,935,6.304167,24/07/2025
69.76712329,18.75027947,98.83742318,64.83,83,7.1124997,very low,1557,472.08334,4.7083335,16.449999,37.291668,151,936,6.7875,25/07/2025
73.14084507,18.78359444,98.794925,65.01,83,11.166667,very low,1330.5834,464.45834,5.679167,20.079166,37,72,937,10.554167,26/07/2025
70.875,18.83721698,98.85188679,65.37,82,8.925,very low,1350.1666,461.45834,5.566667,18.704166,33.083332,53,938,8.787499,27/07/2025
69.96491228,18.8773459,98.89942459,65.73,80,9.970834,very low,1268.5416,463.25,5.3375,16.633333,39.333332,61,939,9.741667,28/07/2025
70.00689655,19.03682847,98.92420407,64.13,84,14.058333,very low,1251.9166,470.79166,5.695833,17.858334,41.708332,295,940,12.925,29/07/2025
70.85714286,18.55672514,98.74007158,64.92,80,23.220833,low,1453.3334,473.20834,7.4208336,24.041666,36.375,183,941,18.125,30/07/2025
69.88108108,18.94151675,98.97824293,65.68,77,23.5375,low,1312.7916,476.08334,8.016666,22.2875,39.958332,191,942,17.616667,31/07/2025
72.35416667,18.78964145,98.81752237,66.07,76,27.041666,low,1384.75,474.625,9.05,23.512499,37.458332,152,943,18.820833,01/08/2025
70.35849057,18.70186393,98.80430984,65.89,79,28.620834,low,1389.9166,477.375,7.9583335,21.675001,39.291668,61,944,19.929167,02/08/2025
64.37209302,18.76584444,98.81531778,65.93,76,28.724998,low,1351.1666,475.66666,7.4791665,19.925001,37.916668,45,945,20.404167,03/08/2025
70.46724891,18.98675574,98.92845234,66.58,76,16.908333,low,1472.125,478.04166,7.2374997,23.666666,33.583332,235,946,16.154165,04/08/2025
68.76579926,18.97208669,98.90828381,67.3,75,14.033333,very low,1434.5,478.08334,6.1416664,20.445833,34.375,278,947,12.866666,05/08/2025
70.01754386,18.58257568,98.76966378,66.58,77,10.795834,very low,1832.7084,476.45834,5.1291666,16.741667,32.916668,185,948,10,06/08/2025
70.36363636,18.97225535,99.00723459,64.13,76,9.879167,very low,1194.875,471.79166,4.829167,15.462501,32,159,949,9.400001,07/08/2025
70.75757576,18.91953509,98.85929532,64.29,80,23.779167,low,1792.625,480.29166,9.5125,27.145834,35,171,950,21.554167,08/08/2025
72.65517241,18.72510484,98.84014194,64.49,80,18.512499,low,1512.5834,481.41666,8.020833,23.6875,35.583332,62,951,17.545834,09/08/2025
67.13461538,18.81503636,98.83873455,64.24,78,15.425,low,1176.1666,476.54166,7.1625,19.166666,35.291668,55,952,15.25,10/08/2025
71.88333333,18.68377101,98.78782609,65.12,79,13.875,very low,1217.625,467.95834,5.15,17.470833,37.791668,69,953,13.633334,11/08/2025
68,18.90611765,98.87809559,65.91,78,7.433333,very low,890.375,457.625,4.070833,12.808333,41.5,68,954,7.258333,12/08/2025
70.95217391,18.79715703,98.81171165,65.89,78,14.645833,very low,1492.25,476.125,6.7833333,20.2125,37.333332,249,955,14.325,13/08/2025
70.27647059,19.008508,98.96742171,66,79,17.637499,low,1638.625,485.04166,8.895833,25.741667,36.625,175,956,17.5375,14/08/2025
69.96478873,18.86192585,98.88366667,66.2,75,6.995833,very low,1018.8333,455.41666,3.095833,9.516667,55.791668,147,957,6.9125,15/08/2025
72.59677419,18.80114203,98.87505217,65.48,81,13.291667,very low,584.9583,442.29166,9.233334,16.345833,60.041668,69,958,13.216667,16/08/2025
66.38181818,18.87917414,98.82119828,65.41,76,11.170834,very low,1087.2916,455.79166,6.475,15.966667,42.166668,58,959,11.129167,17/08/2025
70.91610738,18.98555915,98.93687582,63.61,83,16.341667,low,1627.9584,475.20834,6.504167,20.841665,37.708332,306,960,15.991666,18/08/2025
71.38414634,19.00722121,98.92064697,64.94,76,12.520833,very low,1075.0834,466.08334,4.8375,15.616666,39.458332,330,961,11.829166,19/08/2025
71.37037037,18.5382967,98.75584198,66,75,18.433332,low,1454.5,478.70834,8.245833,24.574999,43.5,212,962,17.395834,20/08/2025
69.41566265,18.94823714,98.95765771,66.18,75,15.525001,very low,1016.375,459.29166,5.6583333,18.770834,39.708332,175,963,14.316667,21/08/2025
70.87755102,18.69138954,98.77184248,66.45,75,12.8875,very low,1166.875,462.25,4.945833,14.3125,52,153,964,12.020833,22/08/2025
68.52272727,18.55056667,98.75026875,65.89,79,6.8458333,very low,1277.0416,465.83334,5.0416665,13.179166,50.666668,48,965,6.75,23/08/2025
72.48275862,18.89872241,98.81727241,64.47,82,12.991666,very low,1141.75,462.70834,6.1875,17.858334,47,58,966,12.925,24/08/2025
70.73029046,19.12078577,98.9235374,64.78,79,16.574999,low,1659.1666,487.75,6.7666664,22.625,61.041668,246,967,16.529167,25/08/2025
70.53658537,18.9715609,98.90306851,66,74,12.983334,very low,985.6667,457.875,5.5833335,16.766666,45.791668,289,968,12.954166,26/08/2025
70.76878613,18.62168656,98.7787828,65.14,79,10.962501,very low,1167.0416,459.75,6.4791665,21.566666,35.708332,186,969,10.804166,27/08/2025
70.34104046,18.98270944,98.97298111,63.3,79,18.666666,low,1581.2084,485.83334,10.087501,31.129166,30.75,180,970,18.316668,28/08/2025
70.70588235,18.81223397,98.84949295,62.62,73,20.983334,low,1765.0834,486.33334,8.083333,25.787498,50.083332,156,971,20.554167,29/08/2025
72.29850746,18.90133134,98.96025522,64.26,76,14.166667,very low,1660.625,484.70834,4.0875,14.508334,48.916668,67,972,13.820834,30/08/2025
74.11320755,18.6845193,98.84838772,65.3,78,12.037499,very low,618.4583,449.58334,6.4041667,15.995833,48.5,57,973,12.020833,31/08/2025
71.83406114,19.0201131,98.97130699,65.52,79,21.775,low,806.5,451.58334,10.5625,24.754166,50.208332,229,974,21.675001,01/09/2025
69.97482014,18.90530143,98.86997348,64.65,82,11.287499,very low,1089.8334,458.54166,5.8333335,17.324999,37.666668,279,975,10.9875,02/09/2025
71.421875,18.5145,98.76449326,65.5,80,20.029167,low,1565.3334,476.41666,8.724999,24.949999,38.083332,193,976,19.316668,03/09/2025
68.72159091,18.93877062,98.95383277,65.35,79,9.7,very low,1087.4166,468.625,4.9041667,14.891666,50.125,177,977,9.5,04/09/2025
70.21052632,18.83123158,98.81382256,66.79,76,23.283333,low,1341.125,474.79166,7.6041665,21.470833,69.708336,133,978,23.270834,05/09/2025
70.56521739,18.57248478,98.73331957,66.96,77,21.1875,low,1540.0416,486.875,8.029166,22.7875,66.416664,46,979,21.175001,06/09/2025
72.06944444,18.73924189,98.82314595,65.86,79,37.008335,moderate,1409.25,474.79166,8.879167,28.016668,84.833336,74,980,36.958332,07/09/2025
72.16115702,18.9371186,98.91785455,64.6,80,20.083334,low,1208.5416,466.375,7.3541665,18.512499,77.208336,242,981,20.070833,08/09/2025
69.30120482,18.96862369,98.91036345,64.26,83,13.945834,very low,813.2083,452.33334,6.2999997,11.470833,82.458336,249,982,13.920834,09/09/2025
69.07070707,18.62245377,98.73228844,64.29,82,7.304167,very low,695.0417,445,4.7416663,12.2375,39.416668,199,983,7.275,10/09/2025
69.61452514,19.06079167,98.99710444,65.17,81,7.9583335,very low,1021.9583,463.95834,4.358333,13.912499,42.75,180,984,7.6458335,11/09/2025
71.06,18.9702194,98.91011592,64.09,82,14.770833,very low,980.0417,466.16666,7.558333,23.645834,32.375,201,985,14.491666,12/09/2025
71.2037037,18.77083148,98.83500741,64.96,83,12.995833,very low,1177.6666,467.75,5.620833,17.379168,39.541668,54,986,12.766666,13/09/2025
69.64705882,18.89361569,98.85183725,65.19,81,18.804167,low,1594.4166,482.75,7.6749997,25.595833,33.083332,51,987,18.545834,14/09/2025
72.51282051,19.04884872,98.96515427,63.75,81,16.2125,low,866.4167,451.75,8.958333,26.025,54.916668,234,988,16.137499,15/09/2025
70.5615142,18.97834308,98.89362013,63.59,81,23.408333,low,1313.5416,463.375,11.3875,29.545832,61.583332,318,989,23.358332,16/09/2025
70.01463415,18.61347561,98.79825756,64.98,80,26.195833,moderate,1236.625,473.20834,9.933333,25.654167,73.083336,205,990,26.170832,17/09/2025
68.19680851,18.97653564,98.96207606,65.26,75,21.266666,low,1510.0834,473.125,9.620833,27.6625,74.625,188,991,21.262499,18/09/2025
70.46195652,18.75995707,98.80541793,66.47,75,13.929166,very low,922.2083,451.625,6.8624997,18.295834,62.958332,184,992,13.925,19/09/2025
73.08474576,18.88077,98.869835,65.89,73,11.7,very low,829.9167,449.08334,9.095834,14.341667,66.458336,60,993,11.675,20/09/2025
71.82978723,18.74426667,98.83694167,65.75,79,14.641666,very low,994.9583,452.70834,8.345834,24.366667,34.5,48,994,14.554166,21/09/2025
70.58419244,19.09749244,98.90873643,65.35,82,9.154166,very low,741.6667,450.625,6.0208335,19.229166,31.708334,291,995,8.837501,22/09/2025
70.2384106,19.00060066,98.9055,65.39,79,8.075,very low,1316.0834,465.70834,4.6,14.520833,47.75,303,996,7.9791665,23/09/2025
70.78494624,18.61609519,98.7982738,64.94,78,11.429166,very low,898.75,460.20834,7.195833,21.833334,38.666668,187,997,11.408333,24/09/2025
69.60215054,19.0339246,98.99047594,64.96,80,12.849999,very low,1560.125,474.91666,7.1124997,20.995832,48.75,187,998,12.795834,25/09/2025
70.88023952,18.77541302,98.85607692,64.04,84,14.920834,very low,886.125,454.08334,5.1583333,15.141666,68.75,169,999,14.791667,26/09/2025
69.87301587,18.94106508,98.91045397,64.27,83,10.554167,very low,1575.625,471.54166,4.4249997,12.575,69.416664,63,1000,10.55,27/09/2025
68.67105263,18.81736316,98.87424868,64.35,80,12.616666,very low,1378.9166,478.20834,6.133333,19.516666,49.125,76,1001,12.445834,28/09/2025
71.9017094,18.96567404,98.94266723,66.04,72,10.4875,very low,947.0833,462.70834,4.6625,14.733334,49.166668,235,1002,10.408334,29/09/2025
70.52419355,19.062786,98.9507864,66.56,76,5.6,very low,525.8333,444.16666,4.2541666,10.804166,44.791668,250,1003,5.5499997,30/09/2025
69.2371134,18.6222845,98.793107,64.62,82,12.179166,very low,844,452,6.991667,20.554167,30.416666,200,1004,11.808333,01/10/2025
69.85635359,18.89753797,98.95801765,64.06,82,10.783333,very low,1753.375,482.16666,4.929167,14.495833,45.708332,187,1005,9.983334,02/10/2025
72.63636364,18.83857537,98.87998507,63.75,83,15.183333,very low,1343.4584,483.91666,6.5875,20.895834,45.541668,134,1006,14.745833,03/10/2025
70.92063492,18.85770423,98.9095831,64.27,79,16.283333,low,1567.125,484.20834,6.6083336,19.6875,41.875,71,1007,15.787499,04/10/2025
73.51724138,18.809585,98.890325,63.91,77,12.833333,very low,1735.2916,482.29166,5.2541666,16.7875,47.666668,60,1008,12.679166,05/10/2025
71.14566929,19.03594863,98.95496902,64.24,80,16.004168,low,1478.7916,477.08334,7.6749997,25.158333,37.916668,255,1009,15.916667,06/10/2025
70.38709677,19.00768292,98.95024698,63.55,80,18.229166,low,1344.75,467.83334,5.4791665,17.75,43,281,1010,17.504168,07/10/2025
70.01321586,18.619829,98.76211429,65.28,76,12.508334,very low,1512.4584,468.66666,5.1833334,15.916667,48.458332,231,1011,12.254167,08/10/2025
71.05164319,18.95220463,98.93914028,64.42,77,16.475,low,1548.2084,479.45834,8.4375,18.762499,61,216,1012,16.345833,09/10/2025
72.41975309,18.88804085,98.91329329,63.88,77,24.666666,low,1281,466.20834,14.529167,33.537502,69.708336,164,1013,24.6,10/10/2025
71.16176471,18.80470278,98.8857,63.79,71,25.604166,moderate,1661.7916,483.41666,14.224999,34.570835,72.875,72,1014,25.533333,11/10/2025
69.16363636,18.87455345,98.9114931,65.07,66,25.5875,moderate,1564.0834,481.04166,12.141666,29.470833,77.041664,58,1015,25.570833,12/10/2025
72.62711864,18.97703387,98.97609032,65.39,73,30.620834,moderate,1556.125,481.41666,12.833333,34.954166,73.291664,62,1016,30.583334,13/10/2025
69.16776316,18.96050635,98.92611905,64.99,76,20.7875,low,1626.5416,473,7.525,23.008333,71.458336,315,1017,20.737501,14/10/2025
70.7535545,18.69354651,98.8135414,63.66,77,10.083333,very low,1226.5834,458.375,9.004167,14.974999,67.333336,215,1018,10.070833,15/10/2025
69.50970874,18.99072775,98.97811435,64.44,74,16.629168,low,820.2083,459.5,9.404166,19.075,61.083332,209,1019,16.591667,16/10/2025
70.59748428,18.78680494,98.83923086,63.84,75,23.579168,low,1404.0416,483.58334,8.537499,26.966667,60.625,162,1020,23.4625,17/10/2025
69.92957746,18.88664306,98.89607083,63.39,77,22.970833,low,1387.25,488.79166,10.2375,30.866667,62.041668,72,1021,22.574999,18/10/2025
68.66101695,18.87104667,98.853895,64.17,75,15.216667,low,1488.3334,486.125,6.1666665,20.658333,56.791668,60,1022,15.079166,19/10/2025
71.0137931,18.99013345,98.94751058,62.94,77,22.375,low,1391.25,492.70834,10.470834,30.241667,79.375,293,1023,22.320833,20/10/2025
69.68012422,18.9831139,98.91633776,62.8,68,19.316668,low,1118.7084,478.33334,7.566667,21.729166,67.333336,331,1024,19.295834,21/10/2025
70.1722488,18.63970519,98.77728208,62.83,73,15.379167,low,673.2917,461.79166,5.683333,17.958334,60.333332,212,1025,15.3625,22/10/2025
71.76470588,18.89570196,98.82630784,60.26,73,19.795834,low,1175.7916,466.25,10.458333,26.633333,56.958332,51,1026,19.608334,23/10/2025
70.73053892,18.90508353,98.87726412,59.68,75,28.033333,moderate,998.875,461.25,9.6375,28.35,56.208332,170,1027,27.941666,24/10/2025
69.86956522,18.86909714,98.89618429,61.79,79,24.949999,low,1443.7916,477.66666,11.9375,35.691666,68.5,70,1028,24.85,25/10/2025
67.71186441,18.72629365,98.79267619,61.18,78,23.391668,low,1458.0834,483.25,12.508334,35.191666,70.125,63,1029,23.354166,26/10/2025
71.01449275,18.98356398,98.97563839,61.18,80,19.233334,low,1306.2916,481.83334,8.041667,25.591667,58.083332,211,1030,19.229166,27/10/2025
70.26366559,19.05093375,98.93353188,61.86,77,19.25,low,1239.0834,479.29166,8.129167,26.0625,61.125,320,1031,19.229166,28/10/2025
72.21989529,18.65947979,98.8057342,61.61,71,17.475,low,1525.2084,482.66666,9.575,29.558334,68.416664,193,1032,17.454166,29/10/2025
71.20197044,18.90426971,98.95370048,62.64,71,23.220833,low,1101.4584,473.25,12.866666,36.6125,64.208336,208,1033,23.195833,30/10/2025
70.34745763,18.80311885,98.87261639,61.99,73,17.483334,low,713.3333,457.75,8.754167,25.308334,63.166668,122,1034,17.454166,31/10/2025
71.15492958,18.80260779,98.85864416,64.09,78,10.808333,very low,606.4167,448.79166,8.150001,16.395834,58.083332,77,1035,10.775001,01/11/2025
70.7755102,18.70062,98.816866,64.04,79,12.333333,very low,566.7917,450.66666,9.575,16.625,61.708332,50,1036,12.3125,02/11/2025
70.81860465,18.98725207,98.95084332,63.34,75,13.724999,very low,766.2083,455.04166,8.212501,18.074999,58.75,217,1037,13.650001,03/11/2025
70.03396226,18.99410185,98.89037296,62.49,84,17.429167,low,1182.0834,466,8.7625,20.2375,68.541664,270,1038,17.416666,04/11/2025
72.03867403,18.60228852,98.76327049,61.02,85,32.845833,moderate,1372.6666,479.875,16.841667,36.620834,69.25,183,1039,32.804165,05/11/2025
71.26842105,18.94169583,98.98365104,62.51,76,30.425001,moderate,1888.0834,495.91666,16.675001,42.649998,70.541664,192,1040,30.404167,06/11/2025
70.91812865,18.85142471,98.8894408,62.06,80,24.637499,low,1668.9166,490.66666,8.383333,27.2875,55.5,174,1041,24.6,07/11/2025
74.16901408,18.83062267,98.90675467,63.07,77,17.775,low,1558.875,474.70834,6.8875003,19.4125,66.291664,75,1042,17.745832,08/11/2025
71.83050847,18.77054915,98.76975932,62.29,82,11.3875,very low,1010.75,453.08334,9.054167,20.558332,52.708332,59,1043,11.379167,09/11/2025
72.4978355,18.91086026,98.93818376,63.37,77,13.925,very low,1715.0834,470.625,8.087501,23.4625,38.541668,234,1044,13.904167,10/11/2025
71.97552448,18.96562945,98.90138048,61.18,81,23.883333,low,1552.75,484.66666,9.354167,28.654167,49.375,292,1045,23.862501,11/11/2025
71.71291866,18.68865187,98.77859766,61.93,77,30.300001,moderate,1444.5834,476.625,14.870833,42.825,81.416664,214,1046,30.270834,12/11/2025
70.31343284,18.95447902,98.95217902,62.92,76,26.879166,moderate,1160.5,457.70834,16.695833,31.520834,91.75,205,1047,26.862501,13/11/2025
71.27717391,18.8302369,98.85743048,62.31,79,22.179167,low,1894.4584,482.75,13.141666,32.891666,74.541664,187,1048,22.179167,14/11/2025
71.36538462,18.84038491,98.82993208,61.61,79,29.345833,moderate,1529.2084,477.375,16.729166,36.3,83.875,53,1049,29.3375,15/11/2025
68.53448276,19.03774746,98.99805932,59.68,78,14.745833,very low,1183.375,466.83334,8.6375,25.008333,67.125,59,1050,14.516666,16/11/2025
70.75,19.00061861,98.96041169,58.05,71,20.358334,low,856.3333,457.54166,7.9666667,20.525,53.125,231,1051,20.229166,17/11/2025
71.10622711,18.94592191,98.90573392,61.34,77,18.308332,low,740.8333,453.54166,8.037499,23.458334,46.375,283,1052,18.241667,18/11/2025
70.62686567,18.6450961,98.80668927,59.68,80,11.470833,very low,827.9167,459.25,7.125,17.966667,44.458332,205,1053,11.458333,19/11/2025
69.17098446,18.99053065,98.9634191,58.46,76,14.991668,very low,992.2917,459.58334,7.5375,20.066668,53.708332,199,1054,14.941667,20/11/2025
69.78865979,18.82269391,98.88331371,54.5,80,14.970833,very low,623.9583,456.375,8.983334,23.266668,60,197,1055,14.854167,21/11/2025
71.21126761,18.99260423,98.89887465,53.22,81,21.916666,low,1497.0416,469.41666,13.766666,37.641666,69.541664,71,1056,21.833334,22/11/2025
67.828125,18.80121094,98.84204688,53.38,79,24.208334,low,1499.1666,473.33334,13.587501,38.625,77.5,64,1057,24.183334,23/11/2025
70.53571429,18.9678373,98.95593056,54.84,78,13.974999,very low,771.7083,450.75,8.145833,22.745834,71.5,252,1058,13.8875,24/11/2025
68.1047619,19.03174762,98.93738127,53.19,73,12.883334,very low,588.625,452.29166,7.9583335,16.658333,69.958336,315,1059,12.820834,25/11/2025
68.62926829,18.68333398,98.80611068,49.77,66,21.9125,low,658.9167,453.91666,9.416667,21.504166,69.625,206,1060,21.65,26/11/2025
67.21354167,18.98899381,98.95481907,49.46,69,16.458334,low,549.7083,447.625,8.358334,16.929167,76.583336,194,1061,16.208334,27/11/2025
70.53571429,18.83550059,98.83044235,47.25,66,14.212501,very low,792.375,457.95834,10.545834,23.9,69,170,1062,13.983334,28/11/2025
71.95652174,19.02592174,98.97182609,45.68,53,21.566666,low,1581.0834,468.625,16.345833,40.175,80.666664,46,1063,21.258333,29/11/2025
69.34482759,19.02220339,98.89923729,48.38,66,30.095833,moderate,1481.875,462.75,18.225,37.274998,106.416664,59,1064,30.083334,30/11/2025
71.17167382,18.97700074,98.9521119,51.37,69,32.1375,moderate,1529.625,461.625,18.025,37.425,111,269,1065,32.133335,01/12/2025
68.14590747,18.82800346,98.85863668,51.73,75,31.433334,moderate,1601.25,467.75,20.0875,41.875,115.333336,289,1066,31.420832,02/12/2025
67.90196078,18.73454502,98.83479905,52.68,80,27.745834,moderate,1467.1666,471.83334,19.470833,36.75,115.291664,211,1067,27.725,03/12/2025
68.44075829,18.95247593,98.95713426,52.86,82,25.216667,moderate,1346.125,473.20834,18.695833,34.641666,105.5,216,1068,25.216667,04/12/2025
73.71186441,19.10187377,98.95271967,55.09,80,27.383333,moderate,1435.375,479.875,15.833333,36.720833,87.291664,61,1069,27.366667,05/12/2025
71.11363636,18.89054494,98.88736629,56.77,82,33.970833,moderate,1495.5416,494.125,16.304167,38.7375,72.208336,89,1070,33.825,06/12/2025
70.39705882,18.981096,98.900084,57.33,83,30.845833,moderate,1391.0834,488.875,13.3625,38.2625,77.75,75,1071,30.716667,07/12/2025
71.1255814,19.0686419,98.98366008,57.36,76,31.983332,moderate,1456.4166,487.83334,20.458334,35.658333,90.333336,253,1072,31.475,08/12/2025
68.39169139,18.98010237,98.91512367,56.39,80,33.045834,moderate,1593.0416,487.54166,15.849999,33.825,77.458336,338,1073,32.229168,09/12/2025
71.55223881,18.83679275,98.8739913,53.74,82,28.704168,moderate,1291.875,483.875,13.754167,36.5125,75.958336,69,1074,28.295832,10/12/2025
67.41509434,19.02088784,98.97668378,52.39,73,30.65,moderate,1407.9166,485.83334,12.45,33.654167,78.666664,222,1075,30.291666,11/12/2025
72.80788177,18.97033623,98.907057,54.05,75,35.4375,moderate,1344.7084,483.83334,14.912499,39.866665,72.666664,207,1076,35.158333,12/12/2025
73.44117647,18.92351918,98.89433973,56.93,80,29.745834,moderate,1163.6666,478.04166,10.675,31.883333,69.333336,73,1077,29.558334,13/12/2025
71.56862745,19.01154259,98.96348148,56.48,80,23.195833,low,1378.125,483.83334,9.037499,27.4375,59.5,54,1078,23.0875,14/12/2025
70.75438596,18.97218809,98.94818303,56.5,79,24.533333,low,1449.0834,491.79166,13.220833,35.216667,77.5,277,1079,24.475,15/12/2025
68.36614173,19.01575479,98.93132146,55.65,82,23.725,low,1596.875,485.33334,18.391666,25.262499,92.291664,261,1080,23.645834,16/12/2025
70.49792531,18.6016878,98.7937313,55.09,83,17.775,low,810.4583,467.5,10.099999,18.495832,73.458336,246,1081,17.683332,17/12/2025
67.76605505,19.05517032,99.00206849,55.2,81,27.362501,moderate,1151.125,475.83334,14.1375,31.891668,71.375,219,1082,26.6625,18/12/2025
70.64114833,18.84937028,98.90067217,52.36,85,29.8375,moderate,1129.2916,481.33334,14.9875,38.695835,85.041664,212,1083,29.025,19/12/2025
70.62121212,18.8379971,98.80642319,52.75,72,26.512499,moderate,1103.0416,480.79166,18.466667,31.9125,103.541664,69,1084,26.204168,20/12/2025
68.32786885,18.92817231,98.90222769,52.88,73,21.637499,low,1198.875,473.04166,9.666667,27.629166,75.333336,65,1085,20.983334,21/12/2025
70.98672566,19.10905152,98.9234697,51.78,68,23.341667,low,1193.1666,478.70834,13.091667,34.058334,68.958336,264,1086,22.841667,22/12/2025
69.2310231,19.09544643,98.9516026,51.66,67,20.133333,low,1145.0834,483.29166,11.545834,31.241667,63.625,308,1087,19.904167,23/12/2025
68.12785388,18.69592652,98.77626391,52.09,78,21.708334,low,1145.625,485.95834,10.366667,30.4625,56.333332,230,1088,21.270834,24/12/2025
68.5,18.96007034,98.98552881,53.49,66,30.775,moderate,1166.5834,484.16666,18.025,35.045834,88.458336,236,1089,30.2875,25/12/2025
70.63333333,18.88851858,98.88470656,55.45,69,22.1625,low,1351.7084,482.54166,14.341667,25.566666,89.125,183,1090,21.641668,26/12/2025
70.92957746,18.84433506,98.90633766,53.02,79,23.7875,low,1384.5416,487.20834,12.108334,29.225,76.541664,77,1091,23.387499,27/12/2025
70.06060606,19.03374776,98.93191791,52.09,78,29.15,moderate,1209.4584,484.79166,13.233334,32.56667,70.875,67,1092,28.933334,28/12/2025
70.91358025,19.02800433,98.94753249,51.89,58,25.533333,moderate,1364.6666,485.16666,12.775001,33.0625,64.25,277,1093,25.112501,29/12/2025
69.19196429,19.12188267,98.94435378,51.01,55,25.929167,moderate,1414.375,482.875,14.529167,35.604168,84.5,225,1094,25.704168,30/12/2025
71.44897959,18.91432321,98.81921071,50.7,53,25.070833,low,1215.3334,479.70834,13.2375,35.454166,65.458336,56,1095,24.958334,31/12/2025
,,,,,11.89583302,very low,1356.208374,470.5416565,5.270833492,18.65416718,37.54166794,162,,11.02916718,26/08/2026
,,,,,11.13749981,very low,1405.291626,463.6666565,5.270833492,14.8125,36.375,168,,10.72916698,27/08/2026
,,,,,8.945833206,very low,1255.166626,465.7916565,4.358333111,17.65416718,39.75,163,,8.079166412,28/08/2026
,,,,,5.275000095,very low,1128.666626,464.125,3.520833254,14.92916584,40.41666794,162,,5.125,29/08/2026
,,,,,5.81666708,very low,403.9375,468.6666565,3.075000048,13.46250057,34.95833206,146,,5.529166698,30/08/2026
,,,,,4.199999809,very low,369,,2.400000095,12.5,19,,,4,31/08/2026
