tempF,humidity,pm10,pm2_5_categories,carbon_monoxide,carbon_dioxide,sulphur_dioxide,nitrogen_dioxide,ozone,count,date,pm2_5
52.88,84,41.6375,moderate,1696.1666,476.5320213,8.054167,35.395832,90.041664,19,01/01/2023,28.929167
51.08,86,36.229168,moderate,1600.375,476.5320213,6.1229167,33.375,101.583336,17,02/01/2023,25.179167
50.7,73,35.470833,low,1442.375,476.5320213,4.36875,32.160416,77.333336,24,03/01/2023,24.691666
51.71,95,36.3875,moderate,1502.0416,476.5320213,4.5666666,26.879166,69.083336,18,04/01/2023,25.324999
54.84,94,31.420832,low,1420.4584,476.5320213,3.425,25.9,70.458336,23,05/01/2023,21.908333
55.24,87,19.0875,very low,686.375,476.5320213,2.08125,14.087501,70.375,14,06/01/2023,13.320834
51.91,79,27.887499,low,1211.25,476.5320213,3.0916665,22.800001,62.333332,18,07/01/2023,19.516666
49.87,65,37.670834,moderate,1670.9584,476.5320213,4.4270835,32.09375,81.75,22,08/01/2023,26.3375
51.64,62,44.441666,moderate,1834.625,476.5320213,4.80625,33.48125,83.333336,33,09/01/2023,31.054167
54.03,80,40.458332,moderate,1630.625,476.5320213,4.272917,33.45625,75.375,21,10/01/2023,28.25
54.7,72,42.745834,moderate,1302.5834,476.5320213,9.229167,26.677084,106.25,28,11/01/2023,29.858332
54.09,64,33.620834,low,1367.0834,476.5320213,4.866667,26.760416,55.083332,28,12/01/2023,23.4625
51.84,64,36.600002,moderate,1650,476.5320213,4.0875,31.966667,70.291664,24,13/01/2023,25.5625
50.5,56,41.175,moderate,1779.6666,476.5320213,3.9354165,39.964584,78.958336,18,14/01/2023,28.779167
51.17,58,43.666668,moderate,1769.0416,476.5320213,4.21875,36.48125,101.958336,22,15/01/2023,30.483332
50.81,47,37.916668,moderate,1429.625,476.5320213,12.447917,31.333334,123.833336,30,16/01/2023,26.475
51.46,55,39.404167,moderate,1050.7084,476.5320213,7.6583333,21.19375,104.083336,24,17/01/2023,27.491667
52.5,75,45.2625,moderate,1475.625,476.5320213,5.4562497,33.79375,86.625,23,18/01/2023,31.583334
52.5,89,41.054165,moderate,1322.5,476.5320213,5.025,29.447916,90.041664,11,19/01/2023,28.620834
53.56,78,43.954166,moderate,1301.5416,476.5320213,9.54375,26.69375,111.791664,31,20/01/2023,30.65
54.36,73,42.266666,moderate,1398.25,476.5320213,6.660417,32.147915,96.208336,16,21/01/2023,29.487501
53.69,50,42.204166,moderate,905.5417,476.5320213,5.266667,11.78125,119.5,26,22/01/2023,29.4625
53.94,38,44.908337,moderate,737.125,476.5320213,6.7291665,8.016666,120.5,30,23/01/2023,31.345833
55.04,40,51.1875,moderate,786.8333,476.5320213,11.181251,9.145833,116.708336,37,24/01/2023,35.720833
53.82,62,42.508335,moderate,1037,476.5320213,9.622916,18.112501,103.666664,20,25/01/2023,29.675001
54.39,66,46.204166,moderate,1281.9584,476.5320213,7.8562503,27.425001,100.166664,20,26/01/2023,32.2625
56.34,62,52.649998,moderate,1548.4584,476.5320213,15.095833,32.95,129.5,16,27/01/2023,36.649998
54.86,64,44.7,moderate,1640.75,476.5320213,13.002083,37.033333,105.166664,25,28/01/2023,31.129166
53.26,75,53.233334,moderate,2052,476.5320213,7.7999997,34.754166,95.458336,21,29/01/2023,37.175
52.27,73,67.104164,high,2633.75,476.5320213,7.472917,47.78125,143.04167,24,30/01/2023,46.904163
53.89,68,58.8,high,1845.5416,476.5320213,11.308333,30.793749,146.79167,27,31/01/2023,41.095833
56.25,59,58.0625,high,1576.875,476.5320213,8.087501,30.606249,117.375,30,01/02/2023,40.533333
58.32,58,60.720837,high,1629.0834,476.5320213,8.564584,32.912502,136.54167,29,02/02/2023,42.3625
59.67,51,46.958332,moderate,1145.5834,476.5320213,5.491667,21.61875,113.416664,36,03/02/2023,32.516666
59.94,64,43.399998,moderate,936.625,476.5320213,4.2083335,18.854166,78.791664,29,04/02/2023,30
59.76,74,34.104168,low,809.2917,476.5320213,3.1812499,17.74375,62.583332,21,05/02/2023,23.554167
58.5,77,26.629166,low,1158.4166,476.5320213,3.5229168,22.018751,62.625,22,06/02/2023,18.362501
55.58,46,28.5625,low,1295.1666,476.5320213,3.7208335,25.120834,77.875,18,07/02/2023,19.841667
54.18,43,37.479168,moderate,1561.7916,476.5320213,3.7958333,28.033333,73.708336,24,08/02/2023,26.145834
52.72,38,36.241665,moderate,1685.2084,476.5320213,3.7958333,30.283333,86.875,27,09/02/2023,25.304167
53.82,42,34.0125,low,1652.4166,476.5320213,3.5416667,25.079168,80.333336,21,10/02/2023,23.720833
54.09,46,36.379166,moderate,1653.8334,476.5320213,3.5166667,30.041666,79.208336,23,11/02/2023,25.320833
54.28,41,41.920834,moderate,901.4583,476.5320213,4.5,10.954166,103.666664,15,12/02/2023,29.229166
55,41,43.875,moderate,610.375,476.5320213,5.2458334,6.9,90.541664,31,13/02/2023,30.570833
54.28,39,51.399998,moderate,584.6667,476.5320213,5.320833,7.133333,93.166664,30,14/02/2023,35.820835
55.89,33,54.995834,high,599.2083,476.5320213,5.4208336,7.8333335,112.333336,22,15/02/2023,38.2
63.46,62,38.954166,moderate,875.875,476.5320213,2.3125,16.3625,94.208336,24,16/02/2023,27.170832
54.63,96,36.195835,moderate,1202.1666,476.5320213,2.425,22.1875,71.833336,24,17/02/2023,25.304167
53.47,94,41.545834,moderate,2015.7916,476.5320213,3.9750001,40.716667,91,18,18/02/2023,29.029167
56.5,67,39.545834,moderate,1897.75,476.5320213,4.7791667,36.545834,109.708336,27,19/02/2023,27.574999
57.58,51,62.183334,high,1975.0834,476.5320213,7.7125,39.375,104.25,28,20/02/2023,43.2625
60.53,64,51.879166,moderate,1664.7916,476.5320213,4.766667,33.204166,70.625,29,21/02/2023,35.920834
58.05,63,50.895832,moderate,1632.8334,476.5320213,4.3458333,35.287502,83.875,18,22/02/2023,35.241665
57.22,65,57.675,high,1793.625,476.5320213,3.8374999,33.899998,74.708336,21,23/02/2023,39.925
57.29,61,60.925,high,1962.5834,476.5320213,5.233333,40.391666,124.916664,24,24/02/2023,42.291668
60.46,51,57.270832,high,1555.375,476.5320213,9.966666,32.716667,97.75,27,25/02/2023,39.658333
57.43,69,47.925,moderate,1979,476.5320213,8.033334,37.695835,88.958336,32,26/02/2023,33.4875
56.61,69,57.337498,high,2053.2083,476.5320213,11.191667,42.470833,120.708336,18,27/02/2023,39.658333
59.74,51,70.950005,high,2012.375,476.5320213,10.183333,39.066666,148.54167,30,28/02/2023,49.245834
58.33,48,75.395836,high,1256,476.5320213,11.608334,11.787499,158.75,24,01/03/2023,52.45
60.08,39,69.99167,high,883.25,476.5320213,9.779166,6.679167,154.70833,17,02/03/2023,48.716663
60.15,39,55.162502,high,660.8333,476.5320213,6.054167,5.929167,115.875,30,03/03/2023,38.320835
58.55,50,61.879166,high,680.5833,476.5320213,8.266666,6.4249997,126.083336,16,04/03/2023,42.895832
57.36,50,68.433334,high,792.0833,476.5320213,6.620833,7.3583336,122.291664,14,05/03/2023,47.233334
58.86,51,63.712498,high,1229,476.5320213,4.6916666,24.479166,107.208336,23,06/03/2023,44.07083
58.44,54,64.441666,high,1286.2916,476.5320213,3.5291665,24.645834,93.5,40,07/03/2023,44.675
60.06,49,67.645836,high,1703.3334,476.5320213,4.2374997,34.649998,99.708336,26,08/03/2023,46.970837
62.74,47,70.316666,high,1144.7084,476.5320213,5.6541667,11.175,152.79167,28,09/03/2023,48.899998
61.86,50,66.333336,high,842.4583,476.5320213,6.179167,6.5958333,115.416664,30,10/03/2023,46.05417
63.72,42,82.65,high,1048.8334,476.5320213,8.108334,7.804167,121.708336,22,11/03/2023,57.583332
65.84,40,93.73334,high,1361.7084,476.5320213,5.491667,22.5,109.375,22,12/03/2023,65.362495
62.29,71,87.55417,high,1798.5834,476.5320213,8.691667,34.4875,94.208336,28,13/03/2023,60.920834
58.17,93,75.620834,high,1780.6666,476.5320213,5.6625,35.212498,105.333336,26,14/03/2023,52.558334
59.86,72,61.774998,high,1872.4166,476.5320213,3.8374999,28.604166,82.458336,32,15/03/2023,42.958332
65.95,56,49.2,moderate,1287.2916,476.5320213,2.2083333,20.820833,79.666664,35,16/03/2023,34.141666
62.33,63,63.729168,high,1676.875,476.5320213,3.1083333,30.370834,92.291664,25,17/03/2023,44.3
62.31,57,55.462498,high,1316,476.5320213,2.7291667,21.216667,71.5,20,18/03/2023,38.579166
62.6,64,52.033337,moderate,1228.2084,476.5320213,2.6333334,21.283335,77.916664,22,19/03/2023,36.183334
62.82,60,42.825,moderate,1354.7916,476.5320213,2.6625001,17.820833,61.625,23,20/03/2023,29.5875
62.91,61,38.554165,moderate,1574.0416,476.5320213,3.425,23.304167,48.666668,31,21/03/2023,26.608332
61.14,71,27.154167,low,1246.0834,476.5320213,3.0125,21.804167,54.916668,30,22/03/2023,18.725
61.18,54,28.370834,low,1115.125,476.5320213,3.1791668,23.454168,63.666668,21,23/03/2023,19.470833
60.48,59,30.416666,low,1387.7084,476.5320213,3.075,23.370834,61.458332,19,24/03/2023,20.916666
61.02,61,43.75833,moderate,1555.9584,476.5320213,3.575,27.824999,72.458336,28,25/03/2023,30.204168
63.36,65,40.454166,moderate,1200.5,476.5320213,2.8708334,25.233332,75.75,23,26/03/2023,27.941666
63.05,66,45.8625,moderate,1512.25,476.5320213,3.6708333,29.033333,82.333336,31,27/03/2023,31.7125
61.57,53,53.354168,moderate,761.8333,476.5320213,3.8416665,10.866666,98.416664,28,28/03/2023,37.037502
62.1,49,86.270836,high,757.2917,476.5320213,4.875,10.525001,82.916664,34,29/03/2023,60.0125
61.97,43,90.65833,high,735.125,476.5320213,4.991667,8.841666,97.458336,28,30/03/2023,62.9875
62.64,56,67.895836,high,600.2083,476.5320213,4.1916666,6.1124997,97.583336,24,31/03/2023,46.95
64.94,51,67.166664,high,648.125,476.5320213,4.2875,5.6583333,116.291664,19,01/04/2023,46.475002
63.28,72,39.829166,moderate,454.41666,476.5320213,3.4375,5.6458335,83.791664,22,02/04/2023,27.441666
61.38,49,35.158333,low,436.41666,476.5320213,3.4583333,5.491667,72.333336,35,03/04/2023,24.0625
61.36,56,40.179165,moderate,470.5,476.5320213,3.7749999,5.233333,88.958336,25,04/04/2023,27.520834
60.08,46,56.337498,high,581.875,476.5320213,3.966667,5.8416667,98.5,27,05/04/2023,38.912502
63.73,44,68.512505,high,709.7917,476.5320213,4.7083335,6.1541667,109.458336,28,06/04/2023,47.57083
66.54,48,75.39167,high,748.7083,476.5320213,4.9333334,6.5375,107.583336,27,07/04/2023,52.30417
66.9,40,62.462498,high,679.5833,476.5320213,4.4791665,5.7708335,106.125,13,08/04/2023,43.129166
67.05,36,50.254166,moderate,624.5417,476.5320213,4.241667,5.5375,102.083336,25,09/04/2023,34.579166
67.73,51,40.983334,moderate,529.7917,476.5320213,3.8083334,4.8125,94.833336,25,10/04/2023,28.245834
66.02,39,53.0125,moderate,638.375,476.5320213,4.6541667,5.7666664,100.166664,20,11/04/2023,36.716667
66.83,49,68.762505,high,712.6667,476.5320213,4.55,4.304167,115.166664,25,12/04/2023,47.825
67.86,57,51.208332,moderate,583.7917,476.5320213,3.7708333,3.4166667,104.166664,13,13/04/2023,35.408333
67.6,56,43.45,moderate,1048.5,476.5320213,4.1208334,20.762499,88.416664,30,14/04/2023,30.054167
65.98,40,61.720837,high,720.0833,476.5320213,5.1458335,6.7125,98.666664,28,15/04/2023,42.879166
67.96,36,53.645832,moderate,592.2083,476.5320213,4.2166667,5.1625,87.916664,24,16/04/2023,37.025
67.78,53,47.016666,moderate,516.5,476.5320213,3.5041666,4.545833,94.666664,26,17/04/2023,32.412502
64.81,47,46.575,moderate,629.375,476.5320213,3.6416667,6.2125,104.833336,19,18/04/2023,32.204166
68.27,53,51.545834,moderate,510.79166,476.5320213,4.0333333,3.9666665,100.208336,23,19/04/2023,35.670834
67.28,70,52.274998,moderate,491.20834,476.5320213,3.1416667,3.8999999,92.875,14,20/04/2023,35.991665
65.08,78,50.958332,moderate,448.16666,476.5320213,3.5833333,4.7374997,85.166664,31,21/04/2023,34.866665
66.09,69,58.254166,high,445.75,476.5320213,3.3791666,4.7208333,82.5,19,22/04/2023,39.8875
63.72,72,46.100002,moderate,455.95834,476.5320213,2.9166667,5.3125,72.791664,21,23/04/2023,31.3375
67.28,57,48.75833,moderate,1042.875,476.5320213,3.2375,23.016668,60.833332,24,24/04/2023,33.029167
69.42,44,43.295834,moderate,1271.6666,476.5320213,2.8166666,23.804167,61.125,27,25/04/2023,29.341667
69.66,41,43.541668,moderate,779.7917,476.5320213,2.2666667,12.5,68.291664,25,26/04/2023,29.966667
66.61,62,46.583332,moderate,915.25,476.5320213,2.2749999,17.020834,64.208336,25,27/04/2023,32.295834
65.3,62,30.35,low,720.7917,476.5320213,2.1666667,14.170834,68.333336,26,28/04/2023,20.6
69.8,43,29.65,low,667.125,476.5320213,2.1541667,13.400001,70.083336,21,29/04/2023,20.204166
70.72,47,39.4875,moderate,486.79166,476.5320213,3.9875,4.204167,93.5,16,30/04/2023,27.120834
69.04,63,38.533333,moderate,552.4167,476.5320213,3.2124999,5.045833,92.208336,34,01/05/2023,26.737501
68.27,65,33.091667,low,520.25,476.5320213,2.5,6.2125,73.125,23,02/05/2023,22.862501
68.43,63,41.149998,moderate,475.33334,476.5320213,3.2375,5.8916664,64.083336,27,03/05/2023,28.358332
68.36,61,34.058334,low,434.45834,476.5320213,2.7625,4.875,62.458332,22,04/05/2023,23.433334
69.28,55,30.558334,low,432.58334,476.5320213,2.5583334,4.9249997,60.166668,22,05/05/2023,20.845833
70.79,50,21.170834,very low,380.5,476.5320213,2.3208334,5.233333,51.291668,17,06/05/2023,14.458333
72.99,49,25.870834,low,390.5,476.5320213,2.7583332,5.4874997,48.625,17,07/05/2023,17.791666
72.68,53,31.820833,low,385.58334,476.5320213,2.1833334,3.8791666,80.25,24,08/05/2023,21.945833
68.63,72,31.758333,low,412.25,476.5320213,2.7291667,4.9625,70.916664,31,09/05/2023,21.8125
66.47,71,24.645834,low,371.875,476.5320213,2.1499999,4.4958334,67.416664,21,10/05/2023,16.929167
66.72,70,24.866667,low,820.9167,476.5320213,1.9083333,18.020834,63.541668,23,11/05/2023,17.324999
66.24,77,20.85,very low,670,476.5320213,1.3666667,11.358334,81.125,20,12/05/2023,14.554166
64.85,79,12.304166,very low,454.41666,476.5320213,1.6958333,11.229167,41.791668,15,13/05/2023,8.558333
64.53,79,16.391666,very low,367.08334,476.5320213,1.0416666,8.183333,52.833332,22,14/05/2023,10.962501
64.8,69,21.891668,low,981.75,476.5320213,1.9916667,19.795834,57.208332,20,15/05/2023,15.141666
65.5,69,29.441666,low,1114.9584,476.5320213,2.5166667,20.237501,66.291664,18,16/05/2023,19.7875
65.68,68,33.791668,low,1314.6666,476.5320213,3.0083332,25.5625,68.666664,15,17/05/2023,22.758333
66.02,66,35.258335,low,1167.1666,476.5320213,2.8708334,23.154167,64.958336,27,18/05/2023,23.641668
66.81,65,35.204166,low,1173.4166,476.5320213,3.1375,22.291666,66.041664,23,19/05/2023,23.779167
67.03,66,27.845833,low,957.2917,476.5320213,2.2708333,20.358334,64.333336,12,20/05/2023,18.433332
67.44,67,32.162502,low,955.2083,476.5320213,2.1583333,19.341667,64.25,14,21/05/2023,21.420832
69.08,64,26.262499,low,534.9583,476.5320213,1.2666667,10.279166,74.625,25,22/05/2023,17.616667
68.94,67,29.970833,low,604.5417,476.5320213,1.5916667,12.133334,69.708336,22,23/05/2023,20.466667
66.27,76,27.591667,low,730.125,476.5320213,1.9666667,16.208334,62.833332,14,24/05/2023,18.820833
61.83,86,31.141665,low,704.1667,476.5320213,2.0958333,15.25,72.583336,15,25/05/2023,20.883333
68.18,67,24.895834,low,614.5,476.5320213,1.4125,13.75,61.75,25,26/05/2023,16.675001
69.17,62,28.779167,low,712.0417,476.5320213,1.6125001,16.116667,63.041668,18,27/05/2023,19.449999
69.33,62,31.395834,low,734.8333,476.5320213,2.4125001,15.804166,79.125,17,28/05/2023,21.383333
67.08,73,47.379166,moderate,1096.1666,476.5320213,4.9375,22.045832,86.291664,18,29/05/2023,32.745834
68,68,32.225002,low,920.2917,476.5320213,4.6666665,17.933332,92.75,24,30/05/2023,22.304167
66.87,74,21.454168,very low,587.8333,476.5320213,1.6999999,10.875,73,16,31/05/2023,14.8625
67.39,76,16.329166,very low,606.4167,476.5320213,1.5041666,13.291667,65.875,15,01/06/2023,11.391666
67.93,71,19.579166,very low,833.9167,476.5320213,1.7416667,14.8,61.583332,19,02/06/2023,13.625
67.82,68,22.85,low,1010.125,476.5320213,1.8833333,14.716667,54.208332,11,03/06/2023,15.770833
68,69,17.008333,very low,550.9583,476.5320213,1.3458333,12.837501,53,7,04/06/2023,11.729167
66.06,78,20.004168,very low,617.8333,476.5320213,1.5541667,14.116666,54.208332,22,05/06/2023,13.854167
66.6,77,21.737501,low,643.2917,476.5320213,1.6750001,15.329166,62.166668,19,06/06/2023,15.0625
66.65,79,20.583334,very low,680.7917,476.5320213,1.8625001,16.699999,55.916668,14,07/06/2023,14.295834
65.16,81,20.3125,very low,847.125,476.5320213,1.7458334,19.766666,51.25,20,08/06/2023,14.208333
66.24,77,20.829166,very low,869.625,476.5320213,1.7916666,18.220833,59.125,13,09/06/2023,14.5125
65.97,74,29.716667,low,1225.4166,476.5320213,2.1791666,24.041666,62.625,19,10/06/2023,20.679167
67.96,70,22.512499,low,1010.0833,476.5320213,2.3458333,22.387499,57.166668,18,11/06/2023,15.695834
66.88,74,20.566668,very low,775.4167,476.5320213,1.6833334,16.958334,64.916664,12,12/06/2023,14.279167
65.98,77,11.145833,very low,471.54166,476.5320213,0.8458333,12.075,49.416668,20,13/06/2023,7.808333
65.75,74,13.075,very low,631.6667,476.5320213,1.25,15.104167,49.041668,32,14/06/2023,9.150001
64.96,79,20.1,very low,935.2083,476.5320213,2.0291667,19.745832,55.666668,14,15/06/2023,14.070834
66.69,75,20.870832,very low,951.75,476.5320213,2.0375001,17.045834,52.166668,14,16/06/2023,14.429166
67.84,73,16.945833,very low,818.125,476.5320213,1.9625,15.9375,44.875,17,17/06/2023,11.666667
69.4,68,17.104166,very low,766.9583,476.5320213,1.775,15.1875,53.166668,14,18/06/2023,11.891666
68.2,72,17.008333,very low,834.375,476.5320213,1.8833333,14.541667,43.791668,16,19/06/2023,11.820834
67.62,71,13.933333,very low,535.1667,476.5320213,1.6333333,12.2375,47.291668,15,20/06/2023,9.729167
66.6,73,15.733334,very low,958.7083,476.5320213,2.4041667,15.016666,37.958332,21,21/06/2023,10.962501
66.33,69,15.570834,very low,956.0417,476.5320213,2.5,15.170834,40,16,22/06/2023,10.891666
66.04,73,13.95,very low,748.5,476.5320213,1.8874999,11.591667,33.083332,18,23/06/2023,9.758333
67.12,71,16.954166,very low,1014.125,476.5320213,2.2166667,14.091667,34.708332,15,24/06/2023,11.866666
65.77,76,16.745832,very low,703.4167,476.5320213,2.1499999,18.6875,35.125,15,25/06/2023,11.741666
65.7,73,17.783333,very low,835.9167,476.5320213,1.65,23.762499,37.416668,16,26/06/2023,12.470833
66.78,72,17.716667,very low,458.875,476.5320213,2.8374999,12.595833,40.5,16,27/06/2023,12.616666
66.96,74,16.574999,very low,390.41666,476.5320213,3.2791665,11.849999,37.958332,12,28/06/2023,11.775001
67.19,76,19.7875,very low,418.16666,476.5320213,3.2875001,11.675,42.916668,12,29/06/2023,13.916667
67.14,74,21.470833,very low,561.7917,476.5320213,5.445833,14.099999,38.166668,11,30/06/2023,14.8
68.63,72,20.904167,very low,322.125,476.5320213,2.4875,9.233334,41.458332,9,01/07/2023,14.037499
69.22,71,14.258334,very low,315.20834,476.5320213,2.3875,8.5125,37.5,16,02/07/2023,9.829166
68.02,71,8.383333,very low,287,476.5320213,2.1416667,8.370833,31.458334,17,03/07/2023,5.870833
66.29,76,8.095834,very low,301.875,476.5320213,2.0125,8.520833,28.041666,23,04/07/2023,5.6749997
65.68,79,9.220834,very low,347.29166,476.5320213,2.5041666,9.349999,30.125,15,05/07/2023,6.4583335
64.71,75,13.308333,very low,525.2083,476.5320213,4.9458337,9.9375,31.833334,25,06/07/2023,9.379167
65.73,75,13.95,very low,442.25,476.5320213,3.8374999,10.087501,35.291668,12,07/07/2023,9.866667
68.94,69,17.991667,very low,300.875,476.5320213,2.7250001,8.270833,48.875,13,08/07/2023,12.858334
66.83,76,18.733334,very low,335.25,476.5320213,4.5666666,9.133333,54.666668,15,09/07/2023,13.345833
67.3,76,16.125,very low,411.75,476.5320213,3.7083333,13.383334,42.458332,17,10/07/2023,11.325
66.42,75,12.254167,very low,329.16666,476.5320213,2.3958333,9.433333,28.666666,12,11/07/2023,8.775001
65.68,76,13.295834,very low,658.1667,476.5320213,6.120833,14.258334,27.625,22,12/07/2023,9.337501
65.95,75,11.337501,very low,557.2083,476.5320213,4.7833333,11.229167,31.791666,13,13/07/2023,7.9249997
66.6,70,12.4375,very low,507.79166,476.5320213,3.9375,10.741666,34.416668,7,14/07/2023,8.8875
65.75,75,10.375,very low,422.375,476.5320213,3,9.104167,32.708332,10,15/07/2023,7.3583336
66.65,75,10.349999,very low,376.25,476.5320213,2.5208333,9.191667,28.958334,14,16/07/2023,7.3333335
67.12,74,17.8125,very low,370.70834,476.5320213,2.6333334,10.045834,47.75,17,17/07/2023,12.337501
66.45,76,14.908333,very low,368.41666,476.5320213,2.425,8.5625,46.625,15,18/07/2023,10.254167
68.11,74,17.729166,very low,361.75,476.5320213,2.7083333,10.05,44.958332,17,19/07/2023,12.345833
68.65,72,18.495832,very low,549,476.5320213,3.9833333,15.0125,38.083332,17,20/07/2023,12.95
66.67,75,17.358334,very low,367.08334,476.5320213,3.0375001,9.870833,52.875,19,21/07/2023,12.133334
65.97,79,16.800001,very low,371.66666,476.5320213,3.7749999,9.116667,65.916664,14,22/07/2023,11.770833
67.86,73,25,low,519.6667,476.5320213,5.6375003,14.849999,67.041664,15,23/07/2023,17.508333
69.71,69,22.741667,low,569.7917,476.5320213,4.35,13.729167,59.708332,18,24/07/2023,15.941667
67.91,72,21.375,low,571.5417,476.5320213,4.5875,18.4,41.625,22,25/07/2023,15.0125
67.42,73,10.4875,very low,381.5,476.5320213,3.4583333,9.575,33.5,14,26/07/2023,7.4708333
68.5,69,7.6583333,very low,264.91666,476.5320213,2.0833333,7.5291667,34.625,11,27/07/2023,5.4125
69.44,69,6.3125,very low,263.20834,476.5320213,2.0583334,7.245833,31.791666,4,28/07/2023,4.366667
70.07,70,9.308333,very low,367.75,476.5320213,3,11.349999,28.125,12,29/07/2023,6.5125003
67.5,76,8.683333,very low,301.625,476.5320213,2.5916667,9.4875,35.666668,14,30/07/2023,6.066667
66.11,81,6.2083335,very low,238.95833,476.5320213,2.0666666,7.558333,35.916668,8,31/07/2023,4.3416667
65.68,83,8.733334,very low,394.91666,476.5320213,2.7875001,12.266666,30.166666,11,01/08/2023,6.0916667
65.79,80,11.408333,very low,420.04166,476.5320213,3.2666667,13.004167,36.916668,15,02/08/2023,7.9500003
64.92,81,11.6125,very low,474.33334,476.5320213,3.8208332,14.395833,34.25,24,03/08/2023,8.070833
65.86,80,10.695834,very low,476.625,476.5320213,3.3625,13.020833,30.583334,20,04/08/2023,7.3125
64.56,83,11.145833,very low,405.45834,476.5320213,2.9541667,11.425,30,17,05/08/2023,7.4208336
65.43,78,10.141666,very low,383.125,476.5320213,2.9166667,11.395833,29.833334,9,06/08/2023,6.7999997
63.59,83,8.0125,very low,357.375,476.5320213,2.8833332,11.587501,29.583334,9,07/08/2023,5.5875
63.3,80,7.7625003,very low,370.875,476.5320213,2.8583333,12.666667,27.333334,15,08/08/2023,5.433333
62.76,83,10.629167,very low,538.9583,476.5320213,3.9875,14.304166,32.333332,9,09/08/2023,7.3916664
63.72,82,15.816667,very low,684.4583,476.5320213,6.2291665,16.520834,39.458332,19,10/08/2023,10.854167
64.81,75,17.541666,very low,654.7917,476.5320213,5.6458335,13.650001,38.125,12,11/08/2023,11.791667
66.07,72,22.908333,low,640.4583,476.5320213,5.445833,14.295834,35.125,11,12/08/2023,15.054166
65.8,73,27.620834,low,686.125,476.5320213,5.4833336,14.8625,32.833332,9,13/08/2023,17.866667
67.32,75,19.370832,very low,765.7083,476.5320213,6.308333,17.225,32.125,8,14/08/2023,13.412499
67.03,74,19.658333,very low,597.6667,476.5320213,4.491667,17.383333,33.083332,9,15/08/2023,13.820834
66.24,80,17.254168,very low,481.79166,476.5320213,3.4416666,13.529167,37.333332,21,16/08/2023,12.170834
65.7,80,14.704166,very low,447.75,476.5320213,3.1000001,13.483334,40.833332,11,17/08/2023,10.483334
65.03,81,18.358334,very low,545.1667,476.5320213,3.9833333,11.337501,39.583332,12,18/08/2023,13.054166
66.31,76,19.1,very low,448,476.5320213,3.2541666,10.008333,37.458332,13,19/08/2023,13.545834
65.32,79,25.091667,low,407.5,476.5320213,2.7833335,10.491667,44.333332,11,20/08/2023,17.704166
67.73,75,15.620833,very low,440.20834,476.5320213,3.5125,12.745833,39.333332,12,21/08/2023,11.170834
66.52,76,17.304167,very low,655.7083,476.5320213,5.7333336,17.512499,34.625,19,22/08/2023,12.220833
66.83,75,17.583334,very low,714.7917,476.5320213,6.6666665,18.012499,31.625,11,23/08/2023,12.233334
66.04,74,14.208333,very low,516.7917,476.5320213,3.7291667,12.087501,32.25,16,24/08/2023,9.970834
66.16,77,13.370833,very low,541,476.5320213,4.241667,10.2375,32.541668,14,25/08/2023,9.133333
66.04,76,9.766666,very low,438.79166,476.5320213,3.1458333,9.466666,32.958332,25,26/08/2023,6.679167
65.61,78,11.304166,very low,483.08334,476.5320213,4.1291666,10.129167,32.625,13,27/08/2023,7.7333336
65.88,74,12.829166,very low,478.91666,476.5320213,3.2583332,11.483334,32.625,24,28/08/2023,8.954166
66.11,75,16.220833,very low,361.66666,476.5320213,2.8958333,9.5125,52.5,12,29/08/2023,11.458333
66.61,79,14.033333,very low,365.58334,476.5320213,3.7833335,9.929167,55.958332,13,30/08/2023,9.883333
66.42,78,17.9,very low,543.7083,476.5320213,3.9624999,15.879167,44.916668,13,31/08/2023,12.587501
67.01,76,19.545834,very low,504.58334,476.5320213,3.2291667,13.058333,57.041668,16,01/09/2023,13.75
67.01,76,23.591667,low,823.5833,476.5320213,5.9125,20.583334,55.791668,14,02/09/2023,16.5
66.67,76,30.733332,low,806.1667,476.5320213,5.804167,21.3125,71,14,03/09/2023,21.479166
66.18,76,25.558334,low,506.16666,476.5320213,5.5833335,10.804166,93.333336,16,04/09/2023,17.783333
66.61,75,16.525,very low,458.04166,476.5320213,6.429167,11.75,63.208332,24,05/09/2023,11.570834
66.47,80,16.541666,very low,516.5417,476.5320213,4.991667,17.720833,33.666668,20,06/09/2023,11.6375
64.62,81,16.708334,very low,412.25,476.5320213,2.9833333,11.595833,45.333332,26,07/09/2023,11.708333
66.6,78,17.170834,very low,422.875,476.5320213,3.4583333,11.929166,50.958332,16,08/09/2023,12.070834
66.02,81,15.070834,very low,403.16666,476.5320213,3.2749999,9.891666,54.5,18,09/09/2023,10.599999
65.57,80,15.925,very low,495.95834,476.5320213,4.3083334,15.037499,37.958332,7,10/09/2023,11.208333
65.86,80,11.483334,very low,351.25,476.5320213,2.7458334,11.175,30.375,14,11/09/2023,8.083333
64.72,82,12.316667,very low,509.20834,476.5320213,3.8958333,15.558333,30.541666,14,12/09/2023,8.645833
64.9,75,13.416667,very low,548.2917,476.5320213,4.3541665,16.833334,30.166666,16,13/09/2023,9.379167
64.54,79,16.458334,very low,565.125,476.5320213,4.5583334,17.050001,39.166668,20,14/09/2023,11.537499
65.16,80,11.054166,very low,373.875,476.5320213,2.6000001,8.412499,61.416668,12,15/09/2023,7.7625003
65.75,78,15.108334,very low,572.75,476.5320213,4.7999997,15.908333,49.291668,18,16/09/2023,10.583333
64.99,80,15.591667,very low,457.45834,476.5320213,9.337501,13.283333,59.416668,13,17/09/2023,10.933333
65.43,80,11.445834,very low,370.66666,476.5320213,3.6166668,11.445834,32.208332,19,18/09/2023,8.045834
64.13,84,15.470833,very low,535.875,476.5320213,4.6291666,18.058332,24.708334,10,19/09/2023,10.837501
63.43,81,24.25,low,736.875,476.5320213,5.9791665,23.225,31.958334,19,20/09/2023,17.025
64.85,78,28.725,low,676.25,476.5320213,4.6124997,19.533333,38.958332,13,21/09/2023,19.9
64.89,75,18.979166,very low,458.33334,476.5320213,3.4291668,12.083333,57.416668,18,22/09/2023,13.258334
65.14,79,26.354166,low,565.9583,476.5320213,5.8541665,15.670834,68,20,23/09/2023,18.433332
66.79,74,24.420832,low,511.5,476.5320213,3.3916667,11.854167,66.625,26,24/09/2023,17.083334
65.75,72,21.5875,low,521.2083,476.5320213,3.6791668,14.079166,66.5,19,25/09/2023,15.083333
65.1,77,31.120834,low,821.8333,476.5320213,7.3541665,24.829168,50.666668,18,26/09/2023,21.345833
66.54,73,17.554167,very low,429.41666,476.5320213,4.5041666,12.474999,51.041668,17,27/09/2023,12.175
66.36,79,16.4375,very low,571.4167,476.5320213,8.958333,17.920834,40.958332,15,28/09/2023,11.508334
64.71,81,10.783333,very low,408.125,476.5320213,6.070833,13.083333,33.208332,19,29/09/2023,7.558333
64.06,83,11.333333,very low,418.70834,476.5320213,4.6791663,13.0125,26.791666,16,30/09/2023,7.9249997
64.35,80,15.370833,very low,679.8333,476.5320213,5.975,19.566668,28.541666,8,01/10/2023,10.758334
64.69,82,16.862501,very low,498.04166,476.5320213,3.8583333,15.462501,37.375,20,02/10/2023,11.795834
64.49,78,17.800001,very low,504.95834,476.5320213,3.8083334,14.470833,43.5,35,03/10/2023,12.4375
65.03,78,25.012499,low,743.8333,476.5320213,5.5625,22.079168,46.625,18,04/10/2023,17.5
67.55,73,24.574999,low,504.04166,476.5320213,6.254167,12.208333,68.541664,24,05/10/2023,17.154167
65.35,79,18.625,very low,474.66666,476.5320213,4.9166665,12.2,62.875,11,06/10/2023,13.037499
65.61,78,19.204166,very low,587.75,476.5320213,6.2291665,15.495833,55.25,26,07/10/2023,13.429166
66.43,78,14.016666,very low,498.58334,476.5320213,5.1749997,14.320834,40.916668,18,08/10/2023,9.8
65.68,75,15.008334,very low,576.125,476.5320213,8.1375,16.416666,45.291668,16,09/10/2023,10.508333
65.32,77,22.591667,low,778.875,476.5320213,8.708333,19.733334,62.583332,21,10/10/2023,15.808333
64.38,78,22.458334,low,629.25,476.5320213,5.6875,14.75,67.375,25,11/10/2023,15.683333
63.75,81,20.4,very low,627.4583,476.5320213,5.9583335,15.358334,70.958336,29,12/10/2023,14.241666
65.23,78,13.691667,very low,500.75,476.5320213,3.9583333,12.3125,57.541668,16,13/10/2023,9.5125
63.9,78,17.841667,very low,564.125,476.5320213,4.8958335,17.404167,43.5,18,14/10/2023,12.4875
63.3,78,18.983334,very low,584.5417,476.5320213,4.7375,16.333334,59.541668,18,15/10/2023,13.283333
64.4,75,18.375,very low,734,476.5320213,5.5208335,19.333334,62.5,24,16/10/2023,12.875
64.11,77,35.024998,low,1113.7084,476.5320213,9.129167,31.920832,62.5,34,17/10/2023,24.475
64.51,74,37.4875,moderate,1016.7083,476.5320213,5.5291667,21.862501,69.916664,26,18/10/2023,26.15
64.36,74,28.4125,low,681.7083,476.5320213,4.0958333,17.520834,53.791668,28,19/10/2023,19.875
63.43,77,29.908333,low,637.0417,476.5320213,3.8625002,13.575,71.583336,22,20/10/2023,20.933332
65.08,72,23.979166,low,781.9583,476.5320213,5.883333,22.470833,61.208332,27,21/10/2023,16.783333
64.44,72,19.716667,very low,617.625,476.5320213,4.9,13.6125,68.416664,20,22/10/2023,13.770833
63,74,34.454166,low,773.8333,476.5320213,7.429167,19.908333,67.791664,22,23/10/2023,24.104166
63.5,77,33.391666,low,859.625,476.5320213,6.875,23.858332,67.041664,28,24/10/2023,23.345833
63.54,77,26.041666,low,827.7917,476.5320213,6.8458333,24.525,57.75,24,25/10/2023,18.154167
63.7,75,27.991667,low,682.8333,476.5320213,4.766667,16.9375,60.333332,21,26/10/2023,19.504168
64.74,73,16.854166,very low,515.625,476.5320213,3.9791667,11.995833,54.666668,23,27/10/2023,11.758334
64.51,80,19.9125,very low,527.375,476.5320213,4.233333,13.525001,47.666668,11,28/10/2023,13.916667
63.95,76,21.295834,very low,556.125,476.5320213,4.2208333,14.916667,47.291668,22,29/10/2023,14.895833
64.38,75,9.6125,very low,403.83334,476.5320213,3.25,11.545834,42.791668,20,30/10/2023,6.725
63.28,80,27.679167,low,780.2917,476.5320213,5.6666665,20.241667,49.416668,23,31/10/2023,19.358334
64.85,71,34.529167,low,1027.4166,476.5320213,8.170833,27.979166,68.041664,18,01/11/2023,24.070833
64.31,76,31.9625,low,898.5,476.5320213,5.754167,20.920834,68.958336,19,02/11/2023,22.241667
64.15,77,24.566666,low,785.6667,476.5320213,5.045833,19.066668,51.833332,21,03/11/2023,17.1
65.73,74,34.729168,low,854.7917,476.5320213,5.5499997,22.108332,57,18,04/11/2023,24.254166
64.67,77,33.604168,low,861.5417,476.5320213,4.125,20.120832,59.583332,14,05/11/2023,23.495834
65.91,73,34.083332,low,992.875,476.5320213,7.6875,21.241667,62.708332,24,06/11/2023,23.770834
66.42,71,32.670834,low,709.8333,476.5320213,3.9958334,15.6875,75.5,19,07/11/2023,22.791666
65.82,73,33.795834,low,698.7083,476.5320213,4.570833,15.05,69.875,13,08/11/2023,23.579168
65.23,74,44.6375,moderate,1060.5416,476.5320213,8.325,32.466667,65.958336,20,09/11/2023,31.204168
65.5,76,44.1875,moderate,1054.0416,476.5320213,8.229167,28.104166,72.583336,17,10/11/2023,30.8125
66.24,73,50.2625,moderate,1192,476.5320213,11.029167,32.195835,79.916664,12,11/11/2023,35.041668
66.29,73,36.979168,moderate,850.9167,476.5320213,8.541667,20.745832,62.458332,15,12/11/2023,25.754166
66.47,72,17.008333,very low,511.33334,476.5320213,4.2916665,13.7,51.833332,27,13/11/2023,11.7625
65.39,73,22.558334,low,769.0833,476.5320213,6.4083333,20.816668,55.958332,16,14/11/2023,15.579166
64.26,75,34.704166,low,1089.4166,476.5320213,9.120833,27.475,68.291664,24,15/11/2023,24.137499
63.82,77,20.425001,very low,664.0417,476.5320213,5.5416665,14.4875,64,19,16/11/2023,14.175
65.41,74,19.6625,very low,759.1667,476.5320213,4.3333335,14.158333,42,18,17/11/2023,13.683333
59.58,80,27.608332,low,1040.25,476.5320213,8.170834,24.520834,58.166668,14,18/11/2023,19.233334
61.07,69,21.762499,low,836.1667,476.5320213,6.3333335,16.9125,54.125,16,19/11/2023,15.179166
60.15,76,29.666666,low,1022.2917,476.5320213,8.866667,23.133333,50.541668,20,20/11/2023,20.433332
61.07,76,40.558334,moderate,1078.3334,476.5320213,9.133333,29.891668,67.916664,17,21/11/2023,28.141668
61.68,77,48.00833,moderate,1142.3334,476.5320213,12.833333,33.416668,86.958336,17,22/11/2023,33.395832
63.46,74,40.066666,moderate,960.9583,476.5320213,12.125,25.233335,70.083336,16,23/11/2023,27.620834
61.39,79,31.6875,low,879.2917,476.5320213,7.558333,22.625,60.333332,22,24/11/2023,21.558334
60.03,73,28.0375,low,841.25,476.5320213,7.3583336,22.095833,57.75,20,25/11/2023,19.125
59.92,70,23.929167,low,598.375,476.5320213,4.829167,14.358334,55.25,14,26/11/2023,16.491667
59.56,72,22.845833,low,702.9167,476.5320213,5.025,17.699999,51.666668,22,27/11/2023,15.520833
59.09,71,28.716667,low,820.4583,476.5320213,5.3458333,21.508333,52.541668,30,28/11/2023,19.6875
58.48,70,39.3625,moderate,1031.5,476.5320213,8.191667,26.420832,61.041668,7,29/11/2023,27.225
60.3,73,40.8625,moderate,920.75,476.5320213,6.483333,19.9125,66.875,15,30/11/2023,28.158333
62.76,70,32.45,low,874.4583,476.5320213,6.4500003,19.666666,57.083332,24,01/12/2023,22.475
62.02,73,18.449999,very low,618.1667,476.5320213,5.8291664,12.908333,57.416668,11,02/12/2023,12.770833
63.52,72,20.795834,very low,809.9167,476.5320213,6.2000003,18.391666,54.541668,13,03/12/2023,14.441667
63.45,76,30.995832,low,1091.1666,476.5320213,10.008333,26.933334,54.458332,24,04/12/2023,21.516668
64.31,77,24.808334,low,663.0833,476.5320213,4.508333,13.083333,61.666668,15,05/12/2023,17.104166
63.66,76,19.941668,very low,608.9583,476.5320213,3.8791666,14.5,56.375,18,06/12/2023,13.845833
64.63,74,18.895834,very low,691.7917,476.5320213,6.7666664,17.8375,50.708332,23,07/12/2023,13.175
65.01,74,24.041666,low,1004.7083,476.5320213,7.75,24.25,39.166668,25,08/12/2023,16.795834
63.43,78,27.4375,low,889.2917,476.5320213,4.570833,18.362501,42.958332,22,09/12/2023,19.0875
63.41,80,28.199999,low,1012.7083,476.5320213,7.9083333,25.470833,31.25,23,10/12/2023,19.670834
63.59,77,26.333334,low,794.2917,476.5320213,5.5375,21.116667,41.5,17,11/12/2023,18.391666
64.58,76,35.591667,low,949.3333,476.5320213,7.445833,24.2875,67.041664,20,12/12/2023,24.866667
64.36,70,37.783333,moderate,907.0833,476.5320213,8.0625,23.8125,59.416668,22,13/12/2023,28.270834
62.24,73,34.308334,low,876.0833,476.5320213,7.4208336,23.883333,49.083332,23,14/12/2023,24.291666
61.32,78,35.037502,low,862.5833,476.5320213,7.4166665,25.141668,47.541668,18,15/12/2023,22.0625
60.93,65,31.733332,low,790.9167,476.5320213,8.5375,22.112501,69.208336,18,16/12/2023,21.958334
59.29,75,35.833332,low,828.5417,476.5320213,12.083333,24.879166,64.666664,14,17/12/2023,24.691666
58.82,71,39.837498,moderate,939.1667,476.5320213,10.595834,28.329168,67.166664,18,18/12/2023,27.516668
59.85,71,39.0625,moderate,1078.4584,476.5320213,12.533333,29.966667,76.583336,25,19/12/2023,27.158333
58.33,72,38.083332,moderate,1024.1666,476.5320213,12.683333,26.3125,75.291664,19,20/12/2023,26.220833
59.27,69,29.9125,low,935.5,476.5320213,10.770833,23.645834,75,25,21/12/2023,20.833334
59.5,79,24.641668,low,676.875,476.5320213,6.8125,13.5625,49.375,14,22/12/2023,17.0875
52.09,78,23.5625,low,653.8333,476.5320213,4.8958335,12.7375,50.75,16,23/12/2023,16.066668
50.49,84,23.800001,low,678.9583,476.5320213,5.125,14.458333,53.5,16,24/12/2023,16.183332
50.16,77,30.879166,low,935.7917,476.5320213,8.370833,18.5875,56.041668,17,25/12/2023,21.245832
52.86,78,40.054165,moderate,1084.2916,476.5320213,9.95,25.995834,75.291664,22,26/12/2023,27.691666
54.66,76,33.416668,low,964.2917,476.5320213,7.8875003,21.270834,68.416664,15,27/12/2023,23.208334
56.39,75,34.320835,low,967.1667,476.5320213,9.091666,22.941666,64.958336,14,28/12/2023,23.854166
56.68,70,33.983334,low,913.4167,476.5320213,10.441667,23.012499,65.583336,25,29/12/2023,23.616667
56.26,70,32.191666,low,845.875,476.5320213,11.104167,25.358332,68.541664,10,30/12/2023,22.391668
55.2,74,30.533333,low,848.7083,476.5320213,11.691667,24.908333,75.458336,17,31/12/2023,21.241667
54.61,51,28.991667,low,873.625,476.5320213,11.895833,25.333334,69.041664,21,01/01/2024,20.195833
54.64,45,23.654167,low,876.4167,476.5320213,7.4,25.012499,60.333332,21,02/01/2024,16.529167
53.67,40,31.358332,low,916.4167,476.5320213,12.670834,27.920832,84.5,22,03/01/2024,21.920832
56.14,65,28.008333,low,801.8333,476.5320213,8.758333,24.233332,70.791664,27,04/01/2024,19.387499
56.07,65,24.449999,low,821.375,476.5320213,7.1375003,25.341667,65.916664,25,05/01/2024,16.858334
57.94,65,26.295832,low,892.3333,476.5320213,8.854167,27.304167,65.416664,20,06/01/2024,18.091667
58.96,66,28.116667,low,814.3333,476.5320213,7.4625,24.179167,59.041668,11,07/01/2024,19.391666
59,60,24.75,low,808.75,476.5320213,7.1041665,21.8375,43,24,08/01/2024,17.1
59.04,49,21.733332,low,791.375,476.5320213,7.3458333,23.7875,44.75,23,09/01/2024,15.016666
58.06,44,22.454168,low,779.875,476.5320213,7.7708335,25.441666,51.458332,28,10/01/2024,15.5
55.42,50,25.4125,low,837.875,476.5320213,8.1375,24.529167,41.125,19,11/01/2024,17.516666
55.06,47,21.104166,very low,785.1667,476.5320213,7.375,22.987501,47.416668,20,12/01/2024,14.633334
53.96,48,26.933334,low,623,476.5320213,6.275,16.245832,66.458336,11,13/01/2024,18.779167
54.18,44,29.991667,low,699.125,476.5320213,6.1625,18.625,57.833332,11,14/01/2024,20.804167
57.94,71,25.404167,low,625.625,476.5320213,4.4333334,15.058333,51.916668,23,15/01/2024,17.574999
60.51,74,27.883333,low,783.4583,476.5320213,6.1416664,18.766666,57.416668,22,16/01/2024,19.254168
59.23,62,26.116667,low,958.875,476.5320213,7.65,22.283333,47.958332,26,17/01/2024,18.137499
56.79,51,26.4,low,910.9583,476.5320213,7.133333,22.370834,42.916668,30,18/01/2024,18.220833
55.22,53,18.9375,very low,848.0833,476.5320213,6.0166664,17.291666,42.5,13,19/01/2024,13.112499
53.76,41,21.183332,very low,787.5,476.5320213,6.2875,22.566666,48.416668,18,20/01/2024,14.654167
52.95,37,22.4125,low,786.1667,476.5320213,6.2666664,20.041666,50.041668,11,21/01/2024,15.404166
51.89,47,30.229166,low,841.2083,476.5320213,6.8583336,24.966667,62.25,30,22/01/2024,20.758333
54.36,41,25.300001,low,568.875,476.5320213,4.6291666,13.170834,65.583336,28,23/01/2024,17.333334
53.38,51,30.391668,low,657.5,476.5320213,6.5125003,11.683333,69,19,24/01/2024,21.050001
54.77,73,34.55,low,661.2917,476.5320213,5.8375,10.837501,68.875,22,25/01/2024,23.854166
58.32,74,24.216667,low,650.2917,476.5320213,6.495833,12.795834,51.041668,18,26/01/2024,16.841667
57.02,75,23.179167,low,639.375,476.5320213,4.7374997,14.241666,50.416668,18,27/01/2024,16.050001
57.79,57,23.420832,low,687.7083,476.5320213,4.6749997,16.616667,45.583332,20,28/01/2024,16.204166
56.53,82,23.170832,low,498.16666,476.5320213,3.3041668,10.104167,55.208332,28,29/01/2024,16.0125
57.38,74,21.275,very low,479.875,476.5320213,3.0166667,10.425,45.75,23,30/01/2024,14.724999
56.26,73,17.508333,very low,679.2083,476.5320213,5.6625,17.675001,38.458332,19,31/01/2024,12.166667
54.9,62,17.841667,very low,755.125,476.5320213,6.1583333,17.3125,45.916668,25,01/02/2024,12.395833
54.32,42,17.291666,very low,754.5417,476.5320213,6.225,17.0375,44.416668,27,02/02/2024,12.029167
53.28,33,25.9,low,740.0833,476.5320213,5.6875,18.6625,49.916668,17,03/02/2024,17.470833
54.03,37,35.166668,low,781.4167,476.5320213,6.5499997,20.033333,54.333332,18,04/02/2024,23.0625
55.44,44,28.070833,low,849.1667,476.5320213,6.8291664,21.245832,55.041668,26,05/02/2024,18.816668
56.73,39,27.2875,low,852.4167,476.5320213,6.3958335,20.533333,52.5,26,06/02/2024,18.029167
56.73,40,34.666668,low,835.75,476.5320213,6.2708335,20.920834,54.916668,30,07/02/2024,22.316666
58.93,40,38.958332,low,838.0417,476.5320213,7.0916667,24.925001,57.583332,22,08/02/2024,24.679167
59.61,44,34.558334,low,684.8333,476.5320213,6.129167,18.504168,64.875,28,09/02/2024,22.895834
58.41,41,42.80417,moderate,533.8333,476.5320213,5.3375,8.912499,73,18,10/02/2024,29.25
63.37,63,53.591663,moderate,1016.6667,476.5320213,9.520833,26.420832,63.708332,20,11/02/2024,36.850002
60.08,69,50.895832,moderate,1073.2084,476.5320213,11.120833,28.608332,86.041664,20,12/02/2024,34.754166
61.21,50,30.016668,low,816.0417,476.5320213,6.9708333,24.204168,68.541664,24,13/02/2024,20.533333
60.37,37,31.604166,low,915.3333,476.5320213,7.629166,26.025,54.875,20,14/02/2024,21.4125
60.04,34,35.654167,low,925.1667,476.5320213,7.2041664,26.308334,79.208336,23,15/02/2024,24.554167
59.77,30,29.933334,low,698.5833,476.5320213,5.2125,15.8125,79.291664,28,16/02/2024,20.658333
59.13,37,27.525,low,785.625,476.5320213,6.495833,18.941668,46.291668,19,17/02/2024,18.604166
57.99,37,22.445833,low,792.75,476.5320213,6.1416664,18.566668,56.25,21,18/02/2024,15.179166
55.67,29,23.691666,low,759.5417,476.5320213,6.225,18.445833,61,17,19/02/2024,16.1
56.03,40,22.633333,low,697.3333,476.5320213,5.758333,15.191667,55.791668,20,20/02/2024,15.466667
54.61,34,26.920832,low,807.9583,476.5320213,6.15,21.370834,59.875,21,21/02/2024,18.15
55.58,29,31.429167,low,872.2917,476.5320213,7.2374997,26.4375,60.833332,22,22/02/2024,21.1
57.09,26,23.429167,low,831.0833,476.5320213,6.9041667,22.591667,58.333332,17,23/02/2024,16.020834
56.44,29,30.324999,low,790.3333,476.5320213,6.4083333,24.5,54.875,16,24/02/2024,20.65
59.83,36,34.712498,low,704.8333,476.5320213,6.008333,19.254168,65.833336,20,25/02/2024,23.641665
60.55,30,46.816666,moderate,679.3333,476.5320213,6.2291665,15.995833,78.208336,32,26/02/2024,32.108334
63.41,35,41.108334,moderate,565.4167,476.5320213,3.7916667,10.804166,62.833332,17,27/02/2024,28.141668
65.19,44,26.204168,low,581.875,476.5320213,3.8458335,12.150001,56,27,28/02/2024,18.020834
62.73,38,22.949999,low,599.875,476.5320213,4.4708333,15.849999,60.25,26,29/02/2024,15.733334
63.05,33,29.858332,low,632.625,476.5320213,4.7625003,16.762499,65.791664,17,01/03/2024,20.320833
61.66,35,32.3875,low,475.75,476.5320213,3.7416668,8.333333,70.25,12,02/03/2024,22.025
61.93,43,23.570833,low,543.1667,476.5320213,3.9541667,12.408333,53.458332,25,03/03/2024,15.816667
61.7,48,22.870834,low,628.5,476.5320213,4.4625,16.4375,53.083332,24,04/03/2024,15.483334
61.03,36,41.079166,moderate,839,476.5320213,5.375,21.045834,61.458332,22,05/03/2024,27.754166
64.53,34,46.75833,moderate,930.4583,476.5320213,7.1375003,25.933334,78.75,23,06/03/2024,31.949999
64.49,33,60.225002,high,836.25,476.5320213,6.191667,17.066668,89.791664,19,07/03/2024,40.733334
64.09,28,45.80417,moderate,619.625,476.5320213,4.5625,11.679166,76.625,29,08/03/2024,30.9125
63.14,43,25.566666,low,549.6667,476.5320213,3.8541667,12.9375,56.333332,23,09/03/2024,17.262499
62.89,33,30.816666,low,709.4167,476.5320213,5.383333,17.525,62.458332,15,10/03/2024,20.525
61.48,37,32.258335,low,477.75,476.5320213,3.9624999,10.833333,70.625,26,11/03/2024,21.383333
61.92,50,24.633333,low,451.54166,476.5320213,3.2666667,10.166667,55.625,20,12/03/2024,16.4625
62.51,47,24.0875,low,569.5,476.5320213,3.8666668,13.474999,60.333332,22,13/03/2024,16.366667
58.95,29,54.225002,moderate,972.7917,476.5320213,7.191667,25.679167,75.041664,24,14/03/2024,36.495834
62.65,36,69.987495,high,998.0417,476.5320213,6.8916664,19.245832,99.333336,18,15/03/2024,47.100002
63.07,43,64.34583,high,786.8333,476.5320213,5.1041665,13.308333,85.708336,17,16/03/2024,42.3
64.76,39,63.925,high,654.875,476.5320213,4.225,14,65.708336,19,17/03/2024,40.929165
66.11,43,51.104168,moderate,700.9167,476.5320213,4.3416667,16.045834,64.583336,19,18/03/2024,33.391666
66.97,36,67.19583,high,662.75,476.5320213,5.9874997,9.804167,116.5,33,19/03/2024,44.983334
68.47,42,37.779167,moderate,690.0417,476.5320213,6.808333,12.729167,74.541664,15,20/03/2024,26.254166
63.5,74,38.029167,moderate,774.4167,476.5320213,5.2000003,17.416666,71.083336,19,21/03/2024,26.454168
61.81,74,26.3125,low,708.5833,476.5320213,4.5499997,15.491666,52.541668,29,22/03/2024,17.875
62.15,55,20.629168,very low,492.125,476.5320213,3.3125,12.483334,55.458332,19,23/03/2024,13.870833
59.9,34,25.737501,low,566.5417,476.5320213,4.5041666,16.016666,59.083332,30,24/03/2024,17.116667
61.66,39,33.779167,low,644.9583,476.5320213,5.4625,17.166666,74.291664,29,25/03/2024,22.625
63.01,32,39.904167,moderate,514.2083,476.5320213,4.5958333,9.104167,78.458336,29,26/03/2024,26.699999
65.21,34,35.545834,low,465.45834,476.5320213,3.9833333,8.925,63.041668,24,27/03/2024,23.491667
64.63,36,30.862501,low,684.0833,476.5320213,5.995833,20.5875,58.916668,20,28/03/2024,19.970833
64.08,34,34.454166,low,520.2083,476.5320213,3.8625,12.7375,68.958336,16,29/03/2024,22.129166
62.98,40,46.808334,moderate,769.3333,476.5320213,6.120833,22.233332,60.291668,16,30/03/2024,29.670832
65.21,35,51.379166,moderate,630.875,476.5320213,5.0750003,13.849999,73.791664,16,31/03/2024,31.616667
66.34,37,48.208332,moderate,669.7917,476.5320213,5.070833,14.662499,71.041664,19,01/04/2024,30.0625
67.6,39,41.808334,moderate,661.4167,476.5320213,4.9583335,13.279167,75.291664,24,02/04/2024,26.833334
66.94,37,62.412502,high,679,476.5320213,4.9375,12.849999,79.416664,22,03/04/2024,39.345833
69.06,44,44.575,moderate,717.7083,476.5320213,5.5125003,16.391666,74.875,29,04/04/2024,28.574999
70.36,38,55.245834,moderate,652.4167,476.5320213,5.15,12.829166,81.375,22,05/04/2024,35.370834
70.75,41,59.837498,high,604.5417,476.5320213,4.1291666,9.925,81.875,13,06/04/2024,38.229168
72.43,42,50.416668,moderate,610.5417,476.5320213,4.0916667,10.55,82.458336,13,07/04/2024,32.545834
73,50,57.808334,high,689.75,476.5320213,5.2291665,15.154167,73.541664,18,08/04/2024,38.220833
72.59,32,54.795834,moderate,723.75,476.5320213,4.8416667,13.162499,82.5,13,09/04/2024,36.649998
71.83,31,67.270836,high,683,476.5320213,6.9541664,11.441667,82,20,10/04/2024,45.808334
66.42,64,50.5,moderate,760.4583,476.5320213,4.945833,17.608334,78.375,18,11/04/2024,34.725002
63.59,62,49.645832,moderate,602.6667,476.5320213,2.8416665,8.145833,78.666664,16,12/04/2024,33.975002
68.05,59,43.325,moderate,647.5,476.5320213,2.9958334,11.025001,67.333336,9,13/04/2024,29.391665
68.11,46,39.379166,moderate,685.5417,476.5320213,3.3041668,11.9875,77.208336,14,14/04/2024,26.775
71.24,38,40.783333,moderate,786.0417,476.5320213,5.0875,16.074999,68.416664,24,15/04/2024,27.754166
70.59,42,35.662502,low,581.9167,476.5320213,3.125,10.3875,67.916664,14,16/04/2024,23.7875
68.27,44,32.045834,low,564.9583,476.5320213,3.1625001,10.841667,63.958332,33,17/04/2024,21.0375
68.31,41,47.120834,moderate,634.2083,476.5320213,4.4041667,15.008334,61.25,20,18/04/2024,30.108332
67.95,49,47.6375,moderate,563.4167,476.5320213,3.8333333,12.141666,58.541668,17,19/04/2024,29.466667
68.99,49,42.708332,moderate,575.1667,476.5320213,3.7833335,9.6125,71.125,27,20/04/2024,26.7125
69.44,50,33.920834,low,485.41666,476.5320213,3.0625,10.079166,61.166668,10,21/04/2024,20.791666
70.34,44,42.825,moderate,468.125,476.5320213,3.3416665,8.9875,69.166664,24,22/04/2024,25.9
72.27,46,44.408337,moderate,561.1667,476.5320213,3.9208333,11.962501,65.708336,25,23/04/2024,28.275
72.28,46,36.370834,low,463.79166,476.5320213,2.9208333,8.675,67.916664,21,24/04/2024,23.354166
71.19,46,41.004166,moderate,564.3333,476.5320213,3.7625,14.912499,54.5,30,25/04/2024,26.1
72.5,39,34.495834,low,462.125,476.5320213,2.7458334,9.779166,58.458332,12,26/04/2024,22.095833
70.12,44,49.662502,moderate,544.3333,476.5320213,4.1124997,13.2375,65.583336,19,27/04/2024,31.783333
71.62,44,49.045834,moderate,468.04166,476.5320213,3.2250001,8.929167,68.5,10,28/04/2024,31.025
72.25,49,39.87083,moderate,449.5,476.5320213,3.4958334,9.020833,63.125,28,29/04/2024,25.154167
72.99,44,38.341667,low,448.45834,476.5320213,4.2458334,9.595834,64.375,22,30/04/2024,24.795832
73.72,32,42.912502,moderate,539.4167,476.5320213,6.3458333,12.295834,66.958336,27,01/05/2024,28.258333
72.43,48,54.004166,moderate,392.41666,476.5320213,3.9916668,7.945833,60.541668,24,02/05/2024,35.133335
74.95,46,42.558334,moderate,595.4583,476.5320213,5.0333333,15.829166,57.833332,29,03/05/2024,28.379166
70.68,45,39.308334,moderate,490.04166,476.5320213,3.3999999,10.7625,65.25,12,04/05/2024,25.7875
69.94,48,34.345833,low,493,476.5320213,3.6041667,11.941667,68.208336,17,05/05/2024,22.2125
69.62,42,44.9375,moderate,600.4583,476.5320213,4.1,16.65,66.375,19,06/05/2024,28.129166
70.36,47,53.825,moderate,456.41666,476.5320213,3.95,7.7625003,77.041664,29,07/05/2024,35.329166
69.42,46,50.4375,moderate,508.25,476.5320213,3.9375,11.05,69.375,29,08/05/2024,33.529167
68.2,52,40.445835,moderate,375.25,476.5320213,2.8791666,5.775,78.625,25,09/05/2024,26.920832
68.9,61,34.075,low,483.375,476.5320213,3.8374999,11.145833,66.083336,16,10/05/2024,23.204168
64.09,82,32.1125,low,558.0833,476.5320213,4.4041667,14.095833,60.291668,19,11/05/2024,21.987501
66.65,69,26.304167,low,521.8333,476.5320213,4.2708335,14.041667,58.416668,11,12/05/2024,18.2125
66.61,67,34.783333,low,494.83334,476.5320213,3.4624999,11.408333,57.583332,23,13/05/2024,23.720833
68.4,71,27.487501,low,571.5833,476.5320213,4.454167,14.183333,66.75,24,14/05/2024,18.808332
68.54,69,30.908333,low,738.8333,476.5320213,6.2083335,21.054167,53.666668,17,15/05/2024,21.4125
66.25,75,37.883335,moderate,633.4583,476.5320213,6.7125,14.224999,82.083336,15,16/05/2024,26.3125
68.38,75,28.366667,low,464.58334,476.5320213,3.8708334,8.0125,68.833336,16,17/05/2024,19.775
69.48,71,28.045832,low,814.125,476.5320213,6.741667,22.179167,47.375,16,18/05/2024,19.516666
69.06,71,23.5875,low,500.45834,476.5320213,3.8208332,13.8125,56.833332,21,19/05/2024,16.304167
69.4,66,21.845833,low,436.91666,476.5320213,2.8999999,10.666667,54.75,17,20/05/2024,15.008334
68,75,17.645834,very low,461.25,476.5320213,4.5291667,8.966666,79.958336,21,21/05/2024,12.337501
67.28,74,21.258333,very low,651.375,476.5320213,5.3416667,17.658333,68.291664,15,22/05/2024,14.875
66.42,75,18.320833,very low,485.16666,476.5320213,4.766667,9.995833,79.375,20,23/05/2024,12.8125
67.19,77,8.870833,very low,352.625,476.5320213,6.0958333,10.183333,54.791668,11,24/05/2024,6.2125
66.07,84,9.416667,very low,370.41666,476.5320213,3.5791667,11.683333,36.166668,16,25/05/2024,6.5750003
65.17,85,8.679167,very low,312.45834,476.5320213,2.5458333,10.212501,30.625,13,26/05/2024,6.045833
65.93,81,10.633333,very low,432.16666,476.5320213,3.2250001,13.895833,28.416666,19,27/05/2024,7.429167
67.01,82,14.733334,very low,460.08334,476.5320213,3.3458335,13.658333,36.625,12,28/05/2024,10.270833
67.73,77,19.216667,very low,544,476.5320213,3.7083333,16.449999,37.375,23,29/05/2024,13.408333
68.2,76,23.633333,low,536.4583,476.5320213,3.6125,14.945834,44.875,23,30/05/2024,15.604167
69.8,73,36.787502,low,619.875,476.5320213,4.5208335,18.045834,62.041668,12,31/05/2024,23.016668
70.34,73,14.979167,very low,366.41666,476.5320213,2.7083333,9.941667,53.791668,14,01/06/2024,9.983334
68.74,76,12.966667,very low,402.5,476.5320213,3.6166668,13.416667,33.541668,12,02/06/2024,9.058333
66.63,78,14.791667,very low,644.9583,476.5320213,5.2375,20.095835,31.333334,11,03/06/2024,10.4375
66.56,74,20.254168,very low,657.3333,476.5320213,5.5791664,17.179167,37.708332,16,04/06/2024,14.008334
66.72,77,22.929167,low,475.20834,476.5320213,3.7291667,13.962501,44,16,05/06/2024,15.3
66.81,78,13.658333,very low,432.625,476.5320213,3.3791666,12.808333,38.75,14,06/06/2024,9.599999
67.15,74,14.966667,very low,510.16666,476.5320213,3.7625,14.849999,40.833332,6,07/06/2024,10.566667
68.02,75,20.995832,very low,736.5833,476.5320213,6.6875,23.345833,47.166668,17,08/06/2024,14.508334
68,75,21.620834,very low,395.41666,476.5320213,3.2041667,9.183333,62.083332,12,09/06/2024,13.783333
68.54,76,17.795834,very low,435.375,476.5320213,4.883333,10.316667,65.583336,15,10/06/2024,12.416667
67.86,76,10.029166,very low,307.08334,476.5320213,2.5416667,9.566667,35.75,20,11/06/2024,7.058333
66.97,75,9.587501,very low,389,476.5320213,2.6583333,11.5125,39.25,22,12/06/2024,6.7666664
65.68,79,10.2375,very low,347,476.5320213,2.5833333,10.729167,34.583332,19,13/06/2024,7.129167
66.81,79,8.933333,very low,387.66666,476.5320213,2.6583333,11.258334,34.75,18,14/06/2024,6.2374997
67.14,77,21.545832,very low,833.0417,476.5320213,6.695833,25.645834,44.583332,14,15/06/2024,14.933333
68.05,74,19.770834,very low,812.2083,476.5320213,5.7208333,22.233332,41.625,20,16/06/2024,13.845833
67.82,77,16.495832,very low,595.9167,476.5320213,4.3791666,16.916666,42.125,17,17/06/2024,11.516666
67.62,74,13.695834,very low,538.4583,476.5320213,4.025,12.766666,41.25,21,18/06/2024,9.3
66.97,75,13.1875,very low,413.33334,476.5320213,3.3999999,11.629167,37.958332,20,19/06/2024,9.283334
66.56,76,11.641666,very low,490.5,476.5320213,3.7416668,13.708333,31.666666,15,20/06/2024,8.145833
68,75,16.704166,very low,488.625,476.5320213,3.3125,12.983334,40.541668,13,21/06/2024,11.724999
67.32,79,20.933332,very low,533.0417,476.5320213,3.6083333,14.5125,48,11,22/06/2024,14.491666
68.56,75,20.375,very low,455.08334,476.5320213,3.5666666,13.033333,46.708332,13,23/06/2024,14.308333
68.02,78,18.300001,very low,462.91666,476.5320213,3.8999999,14.154167,38.083332,23,24/06/2024,12.875
66.42,81,19.470833,very low,371.875,476.5320213,4.0208335,10.466666,51.708332,20,25/06/2024,13.691667
67.15,79,11.150001,very low,378.5,476.5320213,4.2083335,13.341666,32.958332,20,26/06/2024,7.820833
65.5,82,11.345833,very low,406.70834,476.5320213,3.2708333,13.920834,30,14,27/06/2024,7.9208336
66.42,77,17.270834,very low,515.5,476.5320213,4.1375003,16.925001,33.416668,21,28/06/2024,12.170834
66.25,80,12.966667,very low,368.79166,476.5320213,3.1958332,11.845833,34.541668,9,29/06/2024,9.166667
67.35,79,13.304166,very low,415.29166,476.5320213,2.9708335,12.404167,31.291666,16,30/06/2024,9.25
66.02,80,11.991666,very low,464.91666,476.5320213,4.1041665,11.958333,29.083334,17,01/07/2024,8.224999
65.84,72,17.116667,very low,615.4583,476.5320213,5.495833,16.845833,31.583334,11,02/07/2024,11.583333
66,73,12.958333,very low,338.75,476.5320213,3.0791667,11.087501,34.375,14,03/07/2024,8.766666
66.43,81,16.354166,very low,415.20834,476.5320213,4.4083333,14.258334,40.333332,14,04/07/2024,11.420834
66.27,81,18.416666,very low,420.125,476.5320213,3.7749999,12.820834,44.166668,25,05/07/2024,12.891666
66.76,78,15.029167,very low,361.875,476.5320213,3.1875,10.925,44.708332,17,06/07/2024,10.5
65.7,81,11.283333,very low,349.54166,476.5320213,3.3333333,10.9375,45.875,16,07/07/2024,7.9208336
67.01,77,11.587501,very low,332.83334,476.5320213,2.5041666,10.8875,35.875,14,08/07/2024,8.170834
67.37,76,20.979166,very low,528.9167,476.5320213,4.3458333,17.020834,36.416668,21,09/07/2024,14.854167
66.92,76,20.362501,very low,520.875,476.5320213,4.133333,15.662499,39.916668,14,10/07/2024,14.370833
68,75,16.775,very low,618.7083,476.5320213,5.875,18.112501,35.041668,25,11/07/2024,11.712501
66.56,73,16.5625,very low,692.375,476.5320213,6.7791667,20.875,30.083334,11,12/07/2024,11.712501
66.76,75,14.183333,very low,413.25,476.5320213,3.7458334,14.25,34.916668,14,13/07/2024,9.9875
67.82,76,14.833333,very low,597.5,476.5320213,5.3083334,17.108334,38.333332,13,14/07/2024,10.454166
67.14,74,18.4125,very low,569.7083,476.5320213,4.4500003,17.0375,41.291668,19,15/07/2024,12.979167
66.76,76,15.354167,very low,467.08334,476.5320213,4,14.720833,40.208332,15,16/07/2024,10.770833
68.18,77,22.591667,low,637.3333,476.5320213,7.2708335,21.254168,52.291668,19,17/07/2024,15.820834
67.01,77,17.570833,very low,508.5,476.5320213,5.116667,17.166666,38.708332,21,18/07/2024,12.316667
66.61,78,14.375,very low,507.70834,476.5320213,4.0625,15.720833,31.875,12,19/07/2024,10.083333
66.25,80,12.645833,very low,403.125,476.5320213,3.5874999,13.545834,33.5,20,20/07/2024,8.875
66.4,78,13.154167,very low,547.7083,476.5320213,4.3958335,16.845835,34.625,12,21/07/2024,9.204166
65.89,77,15.158333,very low,521.375,476.5320213,4.4791665,15.854167,35,14,22/07/2024,10.620833
65.05,78,12.654167,very low,588.5,476.5320213,4.545833,14.4375,31.416666,17,23/07/2024,8.841666
66.38,77,12.133334,very low,432.91666,476.5320213,3.3666668,13.0125,38.166668,14,24/07/2024,8.454166
66.96,78,6.9500003,very low,326.375,476.5320213,2.5833333,10.541667,34.583332,21,25/07/2024,4.8624997
66.15,81,8.704166,very low,329.75,476.5320213,2.7333333,10.491667,37,19,26/07/2024,6.0958333
64.72,84,10.05,very low,352.625,476.5320213,2.8958333,11.716667,33.041668,12,27/07/2024,7.0416665
65.89,79,9.629167,very low,338.66666,476.5320213,2.8208332,11.325,36.166668,14,28/07/2024,6.754167
65.8,80,11.354167,very low,376.41666,476.5320213,3.2124999,12.925,28.166666,8,29/07/2024,7.9708333
65.57,79,10.541667,very low,384.54166,476.5320213,3.4375,13.454166,26.833334,22,30/07/2024,7.245833
65.44,79,8.912499,very low,314.41666,476.5320213,2.4708333,9.695833,33.041668,11,31/07/2024,6.2666664
64.67,82,8.05,very low,408.16666,476.5320213,3.3166666,13.808333,22.166666,8,01/08/2024,5.6458335
63.41,83,12.029167,very low,551.2083,476.5320213,4.2374997,17.658333,24.25,14,02/08/2024,8.408334
63.73,82,14.754167,very low,485,476.5320213,3.9916668,14.133334,30.166666,21,03/08/2024,10.379167
65.17,78,15.141666,very low,424.25,476.5320213,3.1458333,12.875,36.166668,23,04/08/2024,10.6125
65.52,78,16.245832,very low,440.16666,476.5320213,3.7291667,14.441667,35.25,18,05/08/2024,11.474999
65.79,78,17.258333,very low,457.45834,476.5320213,4.4083333,15.141666,36.541668,19,06/08/2024,12.345833
65.73,79,18.199999,very low,473.83334,476.5320213,4.1875,15.587501,35.625,10,07/08/2024,13.208333
65.48,79,23.2125,low,873.0833,476.5320213,7.866667,23.025,32.375,18,08/08/2024,16.645834
65.28,77,21.695833,low,673.125,476.5320213,5.6875,16.316668,36.041668,14,09/08/2024,15.3
66.38,77,17.066668,very low,607.2083,476.5320213,5.616667,14.016666,32.041668,14,10/08/2024,11.912499
66.96,74,19.770834,very low,720.9583,476.5320213,6.491667,16.720833,29.416666,17,11/08/2024,13.583333
67.89,75,24.7125,low,609.75,476.5320213,5.6416664,20.45,31.375,12,12/08/2024,17.487501
65.89,78,16.783333,very low,572.625,476.5320213,4.9166665,19.275,30.541666,18,13/08/2024,11.820834
65.3,75,17.137499,very low,570.0417,476.5320213,4.65,17.166666,32.041668,14,14/08/2024,12.016666
66.22,77,17.85,very low,568.25,476.5320213,4.358333,15.295834,24.958334,11,15/08/2024,12.720833
67.28,77,17.4625,very low,527.2083,476.5320213,4.6583333,17.808332,29.958334,14,16/08/2024,12.304166
65.41,84,16.570833,very low,500.54166,476.5320213,4.3958335,16.520834,32.875,11,17/08/2024,11.666667
65.71,82,14.175,very low,486,476.5320213,4.25,17.012499,28.583334,14,18/08/2024,9.920834
66.24,82,19.658335,very low,625.375,476.5320213,5.5208335,19.283333,33.25,22,19/08/2024,13.787499
66.56,79,23.391668,low,679.5833,476.5320213,5.9125,22.429167,31.416666,11,20/08/2024,16.429167
65.84,76,17.625,very low,784.375,476.5320213,6.9125,26.795832,19.125,17,21/08/2024,12.354167
65.01,82,13.6125,very low,423.29166,476.5320213,3.8083334,14.05,27.833334,20,22/08/2024,9.570833
64.78,82,13.162499,very low,495.29166,476.5320213,4.1749997,14.875,21.416666,14,23/08/2024,9.229167
64.27,83,15.412499,very low,531.2083,476.5320213,4.5125003,18.204166,31.125,17,24/08/2024,10.808333
64.8,78,20.595835,very low,747.875,476.5320213,6.995833,21.800001,28.833334,19,25/08/2024,14.429168
64.29,82,20.550001,very low,679.75,476.5320213,5.875,23.258333,30.583334,12,26/08/2024,14.516666
64.99,79,21.5875,low,568.6667,476.5320213,5.554167,18.816668,39.666668,14,27/08/2024,15.212501
63.79,83,16.487501,very low,484.5,476.5320213,4.295833,15.712501,34.833332,21,28/08/2024,11.616666
64.13,79,15.75,very low,438.75,476.5320213,4.1041665,15.629167,30.125,14,29/08/2024,11.091667
64.11,82,17.258333,very low,546.4583,476.5320213,4.1458335,16.695833,35.5,21,30/08/2024,12.045834
65.46,76,18.8625,very low,587.375,476.5320213,4.920833,18.629168,39.291668,12,31/08/2024,13.158333
66.88,76,23.570833,low,653,476.5320213,5.8375,23.0625,44.666668,18,01/09/2024,16.520834
65.07,81,29.133333,low,737.7083,476.5320213,5.258333,19.008333,56.541668,30,02/09/2024,20.387499
66,77,29.4625,low,686.7917,476.5320213,5.5291667,20.058332,61.5,17,03/09/2024,20.583334
66.07,70,22.658333,low,732.2083,476.5320213,5.879167,21.029167,57.333332,21,04/09/2024,15.825
67.1,75,16.745832,very low,550.2083,476.5320213,3.9166667,16.875,37.625,14,05/09/2024,11.724999
66.99,76,18.033333,very low,581.75,476.5320213,4.733333,15.412499,38.833332,19,06/09/2024,12.691667
66.38,75,11.787499,very low,421.79166,476.5320213,3.6958332,13.587501,41.833332,15,07/09/2024,8.220834
67.44,74,11.291667,very low,479.79166,476.5320213,4.045833,14.9375,34.833332,20,08/09/2024,7.9083333
67.12,77,12.070832,very low,468.25,476.5320213,3.9375,15.179166,29.25,21,09/09/2024,8.462501
65.23,79,7.625,very low,388.625,476.5320213,3.0833333,13.079166,21.958334,15,10/09/2024,5.3375
64.54,79,10.212501,very low,403.91666,476.5320213,3.5541668,14.070834,25.208334,15,11/09/2024,7.1625
63.43,78,14.970833,very low,527.8333,476.5320213,4.554167,18.550001,32.125,19,12/09/2024,10.416667
63.59,83,19.029167,very low,713.4583,476.5320213,5.9625,19.504168,33.791668,22,13/09/2024,13.0625
64.98,76,24.620834,low,714.5417,476.5320213,4.9874997,21.995834,35.125,11,14/09/2024,17.15
66,74,24.975,low,749.5833,476.5320213,5.5875,19.387499,37.833332,10,15/09/2024,17.429167
65.52,73,26.762499,low,760.125,476.5320213,4.5333333,20.070833,42.458332,17,16/09/2024,18.408333
66.45,75,27.195833,low,786.6667,476.5320213,5.8416667,22.991667,53,18,17/09/2024,19.025
67.05,74,32.0125,low,891.625,476.5320213,6.9249997,26.099998,65.708336,13,18/09/2024,22.316666
65.08,76,29.954168,low,861.2917,476.5320213,6.808333,26.495834,59.25,14,19/09/2024,20.783333
67.89,69,38.854168,moderate,974.375,476.5320213,8.3,28.570833,69.083336,13,20/09/2024,27.016668
66.45,75,24.512499,low,540.625,476.5320213,4.3708334,13.645833,60.5,17,21/09/2024,17.0375
66.27,77,22.237501,low,575.7083,476.5320213,5.2791667,15.129167,65.75,11,22/09/2024,15.554166
66.22,78,18.820833,very low,648.8333,476.5320213,6.0208335,21.466667,35.958332,12,23/09/2024,13.175
64.27,76,16.425001,very low,470.58334,476.5320213,4.2625003,14.287499,40.041668,18,24/09/2024,11.491666
63.79,82,16.429167,very low,511.54166,476.5320213,4.7458334,16.604166,22.875,17,25/09/2024,11.495833
63.09,75,16.716665,very low,455.04166,476.5320213,4.7374997,16.566668,41.041668,12,26/09/2024,11.745833
63.79,79,34.508335,low,1030.3334,476.5320213,7.866667,33.3125,43.916668,21,27/09/2024,24.141668
64.87,79,36.379166,moderate,951.75,476.5320213,7.0375,30.925001,47.25,22,28/09/2024,25.491667
66.13,76,31.908333,low,800.5833,476.5320213,5.4708333,22.375,42.541668,14,29/09/2024,22.4
66.97,77,24.716667,low,700.25,476.5320213,5.75,21.5375,27.916666,9,30/09/2024,17.395834
67.21,79,17.754168,very low,491.625,476.5320213,5.7958336,14.570834,46.291668,17,01/10/2024,12.5
65.37,79,17.108334,very low,502.25,476.5320213,8.904166,15.241666,56.125,21,02/10/2024,12
64.78,81,11.783333,very low,440.16666,476.5320213,7.9375,12.754167,53.083332,15,03/10/2024,8.254167
64.09,85,19.745832,very low,767.6667,476.5320213,8.4375,23.425001,45.416668,25,04/10/2024,13.816667
63.41,84,26.591667,low,788.8333,476.5320213,8.520833,26.475,59.208332,20,05/10/2024,18.566668
64.47,75,39.079166,moderate,764.5,476.5320213,11.75,21.966667,89.416664,24,06/10/2024,27.233332
65.01,69,45.158337,moderate,763.875,476.5320213,8.966666,17.4375,82.708336,35,07/10/2024,31.416666
64.69,71,38.520832,moderate,1044.2084,476.5320213,11.8875,30.695833,65.458336,21,08/10/2024,26.908333
64.35,75,37.416668,moderate,758.9167,476.5320213,8.724999,19.9625,88.041664,24,09/10/2024,26.058334
64.81,71,35.358334,low,769.875,476.5320213,6.8958335,19.116667,81.041664,26,10/10/2024,24.641668
63.75,78,31.4625,low,691.1667,476.5320213,5.241667,16.716667,69.958336,25,11/10/2024,21.866667
63.64,76,50.704166,moderate,1041.9584,476.5320213,9.8625,27.958334,75.041664,24,12/10/2024,35.254166
64.71,73,42.712498,moderate,852.7083,476.5320213,9.220834,19.879168,77.833336,31,13/10/2024,29.5375
63.84,78,28.104166,low,708.4167,476.5320213,5.5499997,17.958334,57.666668,26,14/10/2024,19.545834
64.06,77,33.733334,low,821.625,476.5320213,4.866667,18.933332,64.375,13,15/10/2024,23.508333
64.53,76,29.195833,low,532.7083,476.5320213,4.0333333,9.9375,76.791664,17,16/10/2024,20.266666
64.8,76,30.358332,low,982.9167,476.5320213,8.479167,28.733332,53.916668,28,17/10/2024,21.204166
64.92,73,30.091667,low,918.9167,476.5320213,7.129167,27.112501,63.666668,30,18/10/2024,21.0375
65.39,72,36.429165,moderate,931.9167,476.5320213,6.745833,24.449999,78.625,22,19/10/2024,25.441666
64.54,77,19.541666,very low,604.3333,476.5320213,5.4833336,17.183332,52.666668,25,20/10/2024,13.633334
63.52,78,23.925001,low,659.5417,476.5320213,5.758333,20.233334,51.375,21,21/10/2024,16.566668
62.69,80,18.762499,very low,600.5833,476.5320213,4.9958334,16.945833,53.583332,20,22/10/2024,13.058333
63.5,78,28.979166,low,948.2083,476.5320213,9.537499,28.949999,62.125,27,23/10/2024,20.045834
62.73,73,35.654167,low,1032.125,476.5320213,10.304167,30.9,64.875,21,24/10/2024,24.708334
63.66,77,26.395834,low,892.1667,476.5320213,6.125,23.65,53.25,17,25/10/2024,18.387499
64.56,72,22.616667,low,1833.5,530.125,6.0125003,19.745832,40.25,22,26/10/2024,15.5625
66.02,71,19.316668,very low,1861.625,522.8333,3.8,14.933333,47.625,13,27/10/2024,13.454166
66.18,72,22.15,low,935.875,501.66666,6.1375003,21.949999,54.625,24,28/10/2024,15.404167
64.96,78,28.283333,low,1974,512.8333,7.2333336,23.791666,45.875,30,29/10/2024,19.695833
64.56,74,37.308334,moderate,2200.0833,522.3333,7.9874997,26.279167,74,18,30/10/2024,26.033333
62.78,76,34.45,low,2344.125,539.4583,9.400001,29.895834,55.416668,17,31/10/2024,23.995834
63.82,62,33.866665,low,1869.4166,512.7917,7.2291665,28.862501,58.291668,11,01/11/2024,23.508333
64.44,65,27.362501,low,1638.7916,499.33334,5.8291664,15.316667,67.458336,16,02/11/2024,19.070833
62.55,75,33.008335,low,1451.125,492.54166,9.979167,27.154167,72.75,18,03/11/2024,22.9625
62.58,73,27.800001,low,1549.2916,500.58334,9.145833,28.770834,63,17,04/11/2024,19.233334
60.1,72,22.295832,low,1095.125,483.91666,4.3458333,14.741668,53.875,21,05/11/2024,15.466667
61.25,81,14.654167,very low,853.4167,464.625,4.875,15.229167,50.666668,23,06/11/2024,10.191667
60.26,84,22.25,low,956.1667,466.45834,8.866667,13.537499,54.375,20,07/11/2024,15.3125
56.52,81,25.345833,low,929.25,472.54166,4.641667,13.445834,40.833332,24,08/11/2024,17.570833
56.16,85,31.679167,low,1715.125,504,4.320833,14.529167,50.208332,14,09/11/2024,21.725
58.6,78,36.791668,moderate,1981.4584,516.2083,7.616667,26.9375,58.166668,19,10/11/2024,25.379166
60.91,70,36.195835,moderate,1843.6666,511.125,8.675,27.608332,71.416664,21,11/11/2024,25.1625
60.42,62,35.479168,moderate,1866.5834,505.45834,13.670834,38.495834,74.541664,23,12/11/2024,30.362501
61.52,68,29.574999,moderate,1807.3334,496.375,11.1375,32.720833,84.416664,29,13/11/2024,29.458334
61.86,71,23.9375,low,1696.5,495.625,11.662499,31.637499,62.583332,16,14/11/2024,23.879166
62.89,76,18.699999,low,1333.5834,483.83334,10.820834,34.7375,57.125,24,15/11/2024,18.370832
61.3,78,22.3125,low,1352.5834,481.04166,11.191667,33.375,71.125,16,16/11/2024,22.054167
61.81,76,22.129166,low,1468.3334,468.125,11.608334,32.991665,76.541664,20,17/11/2024,22.012499
61.79,83,21.345833,low,1222.4166,480.54166,8.691667,25.016668,65.875,29,18/11/2024,21.183332
59.59,70,26.6,moderate,1236.4166,482.66666,12.020833,34.020832,73.416664,24,19/11/2024,26.420832
58.69,75,26.625,moderate,1561.875,493.25,13.391666,35.245834,72.125,26,20/11/2024,26.479166
59.14,70,27.345833,moderate,1455.4584,492.75,13,32.754166,81.541664,33,21/11/2024,27.233332
58.98,70,26.175001,moderate,1334.9584,481.20834,10.545834,26.824999,84.875,27,22/11/2024,26.095833
57.79,72,22.4625,low,1435.2084,487.29166,10.483334,23.875,79.916664,21,23/11/2024,22.366667
58.44,78,35.0625,moderate,1362.6666,490,18.9,41.25,83.416664,25,24/11/2024,34.820835
58.66,74,30.2125,moderate,1485.7084,490.04166,16.454166,37.100002,88.333336,27,25/11/2024,29.987501
59.07,77,33.429165,moderate,1246.9166,478.58334,16.3375,37.133335,75.083336,32,26/11/2024,33.037502
60.33,78,25.449999,moderate,1298.5834,483.83334,14.245833,32.837498,73.583336,31,27/11/2024,25.108332
59.45,78,20.970833,low,1042.25,477.29166,12.912499,31.545832,70.791664,30,28/11/2024,20.895834
57.09,80,31.445833,moderate,1150.1666,486.08334,8.645833,23.904167,65.75,23,29/11/2024,31.345833
56.82,73,27.391668,moderate,1480.8334,489.41666,10.5,30.666666,64.916664,20,30/11/2024,27.295832
58.73,75,30.545832,moderate,1566.5416,487,13.733334,39.779167,81.666664,19,01/12/2024,30.133333
59.56,77,32.058334,moderate,1683.75,492.41666,18.166666,40.208332,85.125,26,02/12/2024,31.791666
60.53,80,28.254166,moderate,1585.625,489.95834,16.945833,43.704166,84,24,03/12/2024,28.137499
61.38,79,35.0125,moderate,1572.4584,490.16666,21.658333,47.983334,97.5,25,04/12/2024,34.899998
62.35,80,27.675001,moderate,1047.7084,478.125,11.2625,33.358334,55.75,27,05/12/2024,27.5375
61.47,77,20.304167,low,1052.6666,472.16666,8.741667,27.329168,55,29,06/12/2024,20.145834
59.45,83,31.816666,moderate,1165.6666,480.79166,14.808333,32.795834,74.833336,23,07/12/2024,31.554167
60.24,79,33.575,moderate,1605.3334,498.25,20.333334,36.25,82.25,26,08/12/2024,33.162502
62.15,77,36.9875,moderate,1408.625,494.45834,12.9875,36.395832,68.333336,23,09/12/2024,36.75
60.91,76,28.6875,moderate,1381.5416,501.33334,12.7625,37.458332,72,25,10/12/2024,28.579168
59.63,82,28.137499,moderate,1357.7084,490.20834,12.229167,33.7375,77.416664,23,11/12/2024,28.016668
60.01,78,26.445833,moderate,1213.4584,488.625,12.208333,31.445833,91.041664,30,12/12/2024,26.258333
57.49,70,25.495834,moderate,1296.75,487.20834,15.7625,34.270832,80.208336,24,13/12/2024,25.441666
58.6,81,20.854166,low,1211.8334,478.95834,13.075,18.341667,74.375,12,14/12/2024,20.829166
60.62,82,16.458334,low,927.7917,470.25,9.470834,14.6875,52.25,10,15/12/2024,16.429167
58.08,77,23.525,low,1074.4166,476.08334,9.675,25.233332,50.583332,31,16/12/2024,23.487501
56.53,77,25.391668,moderate,1115.75,476.625,11.854167,31.9125,69.916664,29,17/12/2024,25.366667
56.57,80,26.358332,moderate,1456.5,480.5,17.995832,32.241665,82.083336,19,18/12/2024,26.358332
56.62,79,33.995834,moderate,1472.25,485.875,20.275,35.920834,82.958336,11,19/12/2024,33.954166
56.05,84,34.675,moderate,1320.125,477.41666,20.308332,33.5625,88.208336,17,20/12/2024,34.616665
55.89,78,34.495834,moderate,1515.1666,483.41666,18.708334,30.9,92,18,21/12/2024,34.404167
53.8,82,41.508335,high,1694.75,483.75,18.137499,33.587498,88.666664,21,22/12/2024,41.337498
52.5,77,39.412502,high,1371.8334,483.45834,16.125,35.25,87,29,23/12/2024,39.208332
52.38,78,35.720833,moderate,1383.7084,486,13.933333,36.9875,83.208336,17,24/12/2024,35.391666
52.07,74,28.25,moderate,1513.2084,484.125,12.925,31.379166,89.166664,18,25/12/2024,27.854166
53.22,71,30.808334,moderate,1444.9584,482.625,15.416667,37.166668,91.75,23,26/12/2024,30.204168
52.68,60,20.420834,low,1446.875,479.29166,12.529167,31.479166,84.458336,33,27/12/2024,20.3125
53.04,73,19.541666,low,1213.5416,474.375,10.554167,27.941666,70,29,28/12/2024,19.5
54.14,76,30.175001,moderate,1396.3334,480.08334,16.670834,35.316666,84.375,17,29/12/2024,30.170832
56.48,73,33.475,moderate,1286.5,478.25,23.120834,40.820835,99.083336,16,30/12/2024,33.475
56.68,80,33.483334,moderate,1364.4166,486.25,23.295832,35.179165,95.541664,23,31/12/2024,33.429165
56.44,79,31.9625,moderate,1485.6666,484.625,20.166666,37.679165,97.583336,18,01/01/2025,31.366667
55.62,72,38.475002,moderate,1344.3334,486.08334,23.025,43.295834,100.625,27,02/01/2025,37.166668
55.94,68,30.754166,moderate,1483.2916,483.29166,12.320834,32.5,83.791664,16,03/01/2025,29.133333
52.68,65,30.254166,moderate,1299.9166,477.625,18.916666,40.054165,92.625,21,04/01/2025,30.025
52.93,60,37.162502,moderate,1353.7084,482.75,16.820833,37.616665,87.958336,22,05/01/2025,36.679165
50.49,69,34.670834,moderate,1535.7084,481.45834,15.320834,38.4375,96.291664,29,06/01/2025,34.304165
51.8,70,35.7375,moderate,1583.4166,482.25,22.283333,37.725002,104.375,35,07/01/2025,35.475002
49.62,57,36.254166,moderate,1481.3334,478.66666,16.775,35.375,79.25,31,08/01/2025,36.029167
49.78,62,39.774998,high,1338.1666,481.41666,18.229166,36.345833,105.25,24,09/01/2025,39.337498
54.61,64,34.383335,moderate,1185.6666,470.875,18.245832,31.729166,99.541664,29,10/01/2025,32.766666
54.66,67,25.050001,low,1192.125,480.125,11.208333,20.800001,81.083336,17,11/01/2025,24.6875
50.54,63,21.429167,low,858.0833,464.79166,8.875,24.050001,70.416664,13,12/01/2025,21.254168
46.94,68,26.979166,moderate,1385.2084,471.375,13.070834,32.704166,89.083336,33,13/01/2025,26.829168
46.98,60,29.104166,moderate,1415.0834,472.08334,18.720833,36.983334,98.583336,32,14/01/2025,29.008333
47.64,53,20.054167,low,1098.375,460.625,9.875,23.904167,87.958336,27,15/01/2025,20.008333
48.33,51,17.416666,low,1135.6666,463.54166,10.775001,23.0625,75.25,24,16/01/2025,17.395834
50.68,57,32.608334,moderate,1457.7084,472.08334,18.979166,42.133335,87.208336,27,17/01/2025,32.595833
52.9,61,34.591667,moderate,1464.1666,473.66666,23.104166,38.600002,122.333336,24,18/01/2025,34.570835
53.56,58,32.575,moderate,1530,475.45834,28.15,34.1625,123.416664,24,19/01/2025,32.566666
52.65,58,30.254166,moderate,1688.2084,476.91666,16.6875,28.137499,103.916664,30,20/01/2025,30.245832
52.83,45,24.2875,low,1731.6666,476.95834,12.183333,24.625,86.958336,34,21/01/2025,24.245834
51.4,37,32.1375,moderate,1695.1666,483.91666,12.979167,28.691666,91.416664,43,22/01/2025,32.033333
52.14,41,35.029167,moderate,1563.375,485.875,13.679168,30.529167,94.125,34,23/01/2025,34.958332
53.02,40,29.245834,moderate,1652.3334,490.375,15.795834,42.566666,83.875,32,24/01/2025,29.216667
52.88,43,24.995834,low,1564.9166,484.66666,11.8125,35.175,84.416664,18,25/01/2025,24.604166
53.73,41,28.870832,moderate,1730.5,481.125,16.370832,26.204168,124.75,21,26/01/2025,28.741667
54.72,44,40.016666,high,862.2083,478.95834,9.462501,21.470833,48.208332,23,27/01/2025,39.833332
52.3,75,38.3875,high,1677.7084,484.70834,17.229166,26.941666,87,31,28/01/2025,38.037502
53.78,62,35.179165,moderate,1746.9584,483.75,14.212501,23.258333,94.125,33,29/01/2025,34.733334
53.76,58,27.170832,moderate,1679.8334,480.375,7.758333,20.191668,79.416664,23,30/01/2025,26.695833
53.67,68,24.300001,low,1364.0834,486.83334,11.025001,33.325,68.375,18,31/01/2025,23.675001
54.23,46,23.5,low,1244.25,477.33334,11.629167,36.625,72.916664,30,01/02/2025,22.970833
54.3,38,26.291666,moderate,1480.125,481.91666,11.795834,36.633335,75.416664,30,02/02/2025,25.941666
55.49,35,30.762499,moderate,1456.2084,481.66666,13.220833,38.179165,109.791664,40,03/02/2025,30.533333
57.07,38,27.1875,moderate,1144.7084,480.5,8.720834,15.070834,99.75,27,04/02/2025,27.070833
55.45,51,36.083332,moderate,1471.375,485.5,9.599999,27.504166,75.291664,37,05/02/2025,35.729168
54.59,63,33.629166,moderate,1500.4584,488.75,11.583333,34.570835,81.208336,20,06/02/2025,32.9875
57.43,46,33.595833,moderate,1458.6666,482.375,10.116667,25.933334,98.5,34,07/02/2025,33.145832
57.72,52,40.379166,high,1367.7084,481.79166,10.358334,19.0375,102.166664,24,08/02/2025,40.0625
58.62,62,24.141668,low,1199.8334,477.54166,7.616667,15.491666,91.208336,27,09/02/2025,24.029167
59.97,55,25.841667,moderate,1720.9166,482.58334,7.3291664,19.375,86.166664,30,10/02/2025,25.695833
58.05,54,26.829168,moderate,1625.2084,484.83334,7.9833336,22.154167,77.166664,26,11/02/2025,26.691666
56.95,52,25.779167,moderate,1516.4166,487.125,11.279167,35.587498,72.875,27,12/02/2025,25.679167
57.22,34,26.941666,moderate,1331,482.91666,12.083333,35.820835,77.291664,29,13/02/2025,26.358332
54.01,33,29.025,moderate,1377.625,480.66666,10.8125,33.787502,78.666664,25,14/02/2025,27.816666
55.08,43,38.741665,moderate,1294.9584,480.04166,11.5625,34.116665,79.125,15,15/02/2025,37.066666
55.4,43,34.170834,moderate,1291.8334,481.54166,10.741666,32.962498,82.416664,27,16/02/2025,32.825
55.11,40,37.9875,moderate,1355.7916,480.04166,11.191667,35.541668,83.875,44,17/02/2025,36.566666
56.91,31,42.629166,high,1672.5,482.375,8.195833,21.229166,92.541664,32,18/02/2025,41.658333
57.06,44,45.845837,high,1415.7084,478.54166,10.037499,25.983332,88.875,24,19/02/2025,44.7375
58.24,47,39.412502,high,1288.4584,477.5,8.683333,25.308334,88.916664,24,20/02/2025,37.766666
60.3,43,37.645832,moderate,1119.7084,474.16666,8.375,22.9625,85.875,30,21/02/2025,35.425
58.86,48,32.829166,moderate,1578.2916,479.91666,10.670834,30.304167,87.541664,18,22/02/2025,30.804167
60.3,41,37.375,moderate,1087.8334,468.54166,8.654166,21.183332,94.25,18,23/02/2025,35.995834
61.03,64,28.245834,moderate,903.9583,463,8.945833,19.679167,84.75,39,24/02/2025,27.862501
57.81,88,32.304165,moderate,1532.625,479.95834,10.841667,19.695833,82.25,28,25/02/2025,32.05
57.36,84,29.820833,moderate,1495.5416,480.75,11.087501,30.554167,66.541664,35,26/02/2025,29.529167
60.26,71,23.833334,low,1590.7916,480.79166,8.458333,27.320833,64.083336,30,27/02/2025,22.975
61.88,59,28.770834,moderate,1428.75,486.33334,10.420834,34.229168,63.791668,19,28/02/2025,27.866667
63.23,52,23.637499,low,1428.6666,488.83334,9.091666,31.283333,59.333332,19,01/03/2025,22.85
61.59,42,26.541666,low,1401.1666,490.5,10.104167,34.245834,72.916664,17,02/03/2025,24.308334
61.77,38,32.270832,moderate,1358.6666,491.66666,11.05,35.75,85.208336,22,03/03/2025,30.020834
60.78,39,41.266666,high,1491.0416,489.41666,11.662499,36.016666,89.708336,30,04/03/2025,38.287502
61.39,34,43.149998,high,1498.5416,489.875,12.533333,33.891666,85.791664,15,05/03/2025,40.6875
59.59,35,33.058334,moderate,1562.5416,486.08334,10.579166,31.591667,83.416664,23,06/03/2025,30.779167
58.17,36,37.133335,moderate,1018.0417,471.41666,6.695833,10.008333,108.041664,24,07/03/2025,35
60.21,53,38.508335,moderate,860.5,467.5,4.5416665,11.8125,83.166664,17,08/03/2025,37.275
61.59,75,33.283333,moderate,1384.25,479.875,6.9125,22.133333,79.625,27,09/03/2025,32.291668
64.87,58,32.520832,moderate,1581.0834,488.125,9.283334,30.316666,93.208336,25,10/03/2025,30.945833
65.21,57,39.875,moderate,1555.7916,489.95834,10.070834,34.65,74.833336,37,11/03/2025,36.341667
64.87,41,45.50833,high,1450.0834,489.54166,12.2625,37.433334,75.791664,35,12/03/2025,42.354168
64,45,28.441666,moderate,1234.125,479.375,8.604167,26.133333,74.041664,25,13/03/2025,27.066666
61.52,31,45.766666,high,1308.7916,489.91666,11.341667,28.387499,94.916664,16,14/03/2025,39.283333
63.41,34,45.183334,high,1277.3334,491.875,10.966667,28.0875,103.208336,18,15/03/2025,40.475
63.99,27,55.158337,high,1472.7916,493.16666,10.616667,27.304167,101.708336,17,16/03/2025,49.245834
64.36,37,54.829166,high,1180.5,473.16666,7.691666,15.224999,100.5,34,17/03/2025,49.7
64.27,37,47.395832,high,959.7083,467.125,7.879167,10.5125,109.125,30,18/03/2025,43.49167
64.83,35,76.941666,very unsafe,1163.1666,480.83334,7.9375,21.0125,71.416664,38,19/03/2025,75.325
63.12,57,62.129166,high,1712.6666,488.625,9.370833,20.829166,109,18,20/03/2025,60.087498
62.22,55,84.487495,very unsafe,1520.7916,484.83334,15.179166,32.916668,125.916664,22,21/03/2025,81.354164
64.06,47,93.43333,very unsafe,1589.7916,487,18.300001,40.670834,122.958336,25,22/03/2025,89.725
65.17,43,71.979164,high,1495.7916,495.08334,14.595833,39.983334,108.791664,29,23/03/2025,69.479164
64.33,36,58.345837,high,1496.9166,496.33334,12.191667,36.304165,100.916664,22,24/03/2025,56.541668
63.39,31,34.591667,moderate,1480.625,492.375,8.483334,25.908333,99.958336,25,25/03/2025,33.6875
63.68,38,32.350002,moderate,1380.3334,488.25,8.325,24.958334,94.666664,25,26/03/2025,31.258333
62.04,38,37.270832,moderate,1312.5416,486.58334,6.8125,19.35,107.166664,36,27/03/2025,33.804165
60.39,37,50.325,high,1455,487.875,9.345834,28.262499,100.708336,20,28/03/2025,44.087498
62.35,40,71.799995,high,1496.9584,487.08334,9.279166,26.699999,103.708336,18,29/03/2025,64.583336
65.97,34,50.629166,high,1053.5416,473.54166,6.3375,12.866666,107.958336,16,30/03/2025,48.24167
67.28,45,37.791668,moderate,846.625,468.625,4.1583333,10.0125,88.75,30,31/03/2025,36.795834
67.5,51,42.575,high,856,473.58334,4.625,13.099999,76.625,33,01/04/2025,41.416668
65.5,64,38.904167,high,855.4167,472.95834,6.2041664,14.254167,87.625,26,02/04/2025,38.0375
66.83,52,63.741665,high,1129.375,482.83334,7.0791664,19.841667,91.333336,34,03/04/2025,62.941666
66.11,59,50.6125,high,1108.9584,485.95834,5.5375,15.55,97.666664,23,04/04/2025,50.037502
68.09,51,42.179165,high,1211.0834,485.45834,8.554167,25.708334,79.75,17,05/04/2025,41.754166
64,61,29.079168,moderate,1139.875,478.29166,6.8583336,18.804167,80.166664,26,06/04/2025,28.795832
63.19,74,26.845833,moderate,1022.7083,473.41666,4.3416667,11.3625,81.541664,21,07/04/2025,26.5
62.51,72,27.308334,moderate,1194,488.04166,5.5958333,15.3625,84.5,29,08/04/2025,27.025
66.15,53,50.57083,high,1351.0834,492.91666,7.633333,23.7125,76.208336,32,09/04/2025,50.024998
67.23,51,50.9875,high,1304.5416,497.54166,5.808333,14.966667,92.625,31,10/04/2025,50.44583
65.98,59,28.145834,moderate,1033.7084,489.08334,4.475,12.029167,78.416664,22,11/04/2025,27.737501
65.52,71,18.3375,low,904.7917,473.5,5.9791665,19.637499,44.791668,18,12/04/2025,17.829166
64.08,81,10.2,very low,714.875,459.70834,6.933333,9.758333,68.666664,19,13/04/2025,10.129167
65.91,76,33.899998,moderate,1019.125,467.04166,7.0916667,22.191666,72.791664,27,14/04/2025,33.05
62.47,84,28.6,moderate,1250.625,478.16666,10.679166,32.3625,73.958336,22,15/04/2025,28.375
64.98,75,18.208334,low,1331.9166,487.20834,6.629166,21.512499,57.416668,21,16/04/2025,18.045834
65.01,78,14.412499,very low,1184.0834,483.41666,4.179167,14.241666,55.583332,25,17/04/2025,14.224999
64.96,73,20.404167,low,1159.9166,481.16666,7.1375003,26.199999,51.125,27,18/04/2025,19.9125
65.17,72,25.891668,low,1027.5,476.66666,5.304167,17.875,66,25,19/04/2025,22.579168
64,66,25.4,low,836.6667,479.125,4.1541667,12.974999,75.833336,24,20/04/2025,21.895834
64.15,65,24.508333,low,880.7083,486.70834,4.258333,13.029167,70.291664,39,21/04/2025,20.816668
66.16,70,27.6625,low,1432.7084,498.83334,3.6666667,9.891666,79.375,21,22/04/2025,24.65
68.07,59,31.770834,moderate,839.2083,492.58334,3.9958334,9.691667,84.958336,17,23/04/2025,28.166666
67.59,53,39.916668,moderate,977.8333,495.41666,3.8666668,9.7125,79.375,27,24/04/2025,34.175
67.77,53,41.858334,moderate,1057.5834,493.45834,4.891667,12.066667,79.625,24,25/04/2025,34.962498
68.99,43,38.520832,moderate,782.0417,479.5,5.629167,13.420834,85.791664,18,26/04/2025,33.583332
69.84,49,27.008333,low,808.625,485.83334,4.5916667,8.008333,100.791664,17,27/04/2025,24.408333
67.24,69,18.65,low,1060.5416,486.08334,4.025,6.566667,101.75,31,28/04/2025,17.704166
64.81,73,15.154167,very low,914.0833,471.75,3.4083335,7.2041664,90.041664,25,29/04/2025,14.866666
63.64,74,14.383334,very low,1034.8334,483.375,4.0916667,9.229167,74.458336,27,30/04/2025,14.216667
64.6,66,16.925001,low,1093.2916,481.33334,4.0916667,9.858334,80.125,33,01/05/2025,16.5625
64.56,74,17.008333,low,999.0417,469.08334,4.7083335,11.75,73.541664,25,02/05/2025,16.775
65.55,74,22.612501,low,860.9583,476.875,5.5625,19.583334,65.25,20,03/05/2025,22.2125
65.53,69,20.345833,low,921.25,479.5,4.9583335,16.870832,49.833332,18,04/05/2025,18.074999
64.63,73,18.908333,low,804.0417,478.5,4.766667,15.175,68.25,23,05/05/2025,16.391666
66.11,59,16.716667,very low,684.2083,474.04166,4.4625,12.133334,79.041664,24,06/05/2025,14.708333
66.83,56,15.658333,very low,629.4167,476.20834,4.1583333,11.395833,76.458336,30,07/05/2025,14.349999
67.53,65,22.904167,low,963.625,495.41666,3.8458335,9.625,73,20,08/05/2025,21.108334
66.09,82,25.295832,low,814.125,490.625,4.420833,9.833333,82.625,27,09/05/2025,23.199999
66.6,73,36.62917,moderate,872.5417,494.75,4.929167,13.474999,70,16,10/05/2025,33.308334
65.52,78,19.395834,low,750.375,477.08334,3.75,8.150001,98.625,22,11/05/2025,17.166666
66.2,76,20.791666,low,861.875,467.33334,7.120833,13.841666,90.625,34,12/05/2025,19.895834
66.96,72,25.262499,low,867.375,465,6.1749997,20.383333,69.666664,36,13/05/2025,24.800001
65.68,74,16.508333,low,644.2083,459.625,4.295833,10.3125,83.666664,22,14/05/2025,16.404167
66.25,78,17.8375,low,1206.8334,467.08334,5.6083336,16.387499,48.166668,19,15/05/2025,17.699999
63.32,84,16.754168,low,1207.6666,467.91666,4.7833333,13.8,53.416668,24,16/05/2025,16.425001
62.49,81,13.575,very low,1167.2084,467,4.6916666,13.766666,53.625,21,17/05/2025,13.25
65.21,82,12.679166,very low,1073.5416,473.125,4.7791667,15.341667,49.458332,10,18/05/2025,12.55
64.63,78,24.266668,low,1384.2916,485.79166,9.570833,33.633335,49.666668,22,19/05/2025,24.091667
65.84,78,20.85,low,1084.7916,473.83334,6.5375,23.154167,50.541668,17,20/05/2025,20.741667
66.43,75,17.595833,low,1456.4584,486.125,3.9041665,14.654167,60.333332,24,21/05/2025,17.445833
66.42,78,12.712501,very low,851.5417,473.58334,4.2791667,12.004167,59,20,22/05/2025,12.474999
67.46,75,14.254167,very low,1067.4166,462.20834,5.4166665,16.266666,55.541668,15,23/05/2025,13.912499
66.92,77,13.770833,very low,726.0417,450.54166,7.0833335,12.837501,92.583336,12,24/05/2025,13.733334
67.12,77,11.516666,very low,589.5417,446.54166,7.0499997,11.8875,94.166664,14,25/05/2025,11.516666
67.26,78,16.333334,low,547.0417,444.75,9.875,16.85,81.375,30,26/05/2025,16.324999
66.52,81,12.6375,very low,901.75,450.58334,6.683333,13.970833,53.958332,28,27/05/2025,12.504167
65.12,81,13.379167,very low,845.7083,454.33334,5.2458334,16.433332,40.666668,24,28/05/2025,12.695834
64.96,80,15.341667,very low,888.9167,451.125,5.4708333,19.295834,32.291668,28,29/05/2025,13.8625
66.56,73,8.929167,very low,1521.0416,469.91666,3.9875,14.208333,38.458332,22,30/05/2025,8.4375
65.19,83,7.141667,very low,1445.625,474.83334,3.2,10.754167,34.333332,13,31/05/2025,6.5791664
65.03,83,10.400001,very low,789.4583,466.875,4.3375,16.158333,37.166668,24,01/06/2025,10.116667
66.74,75,10.604167,very low,1176.9166,468.16666,3.5958335,12.004167,48.166668,27,02/06/2025,9.175
65.91,76,22.170832,low,1320.0834,480.75,8.220834,27.504166,47.75,31,03/06/2025,18.941668
64.42,74,40.675,moderate,1297.0834,482.33334,9.483333,30.058334,54.5,37,04/06/2025,30.833334
64.92,78,31.779167,moderate,1510.7084,485.16666,7.7166667,27.020834,59.333332,29,05/06/2025,28.154167
66.72,78,32.370834,moderate,1400.9584,481.16666,11.633334,35.399998,52.708332,32,06/06/2025,29.745834
67.82,75,16.741667,low,1309.625,485.625,5.879167,18.679167,58.708332,24,07/06/2025,15.833333
67.96,74,17.345833,low,1037.4584,473.41666,6.2166667,22.175001,53.458332,60,08/06/2025,16.808332
68.65,75,13.379167,very low,759.1667,459.5,4.1458335,13.9875,49.916668,33,09/06/2025,12.933333
68.52,77,12.504167,very low,733.875,456.29166,4.170833,11.491666,62.375,31,10/06/2025,11.833333
66.54,81,12.650001,very low,1089.4166,461.91666,5.5625,15.558333,52.541668,64,11/06/2025,12.316667
65.48,80,16.949999,low,1723.0834,488.41666,5.4791665,16.620832,58.583332,48,12/06/2025,16.591667
65.64,80,14.745833,very low,1081.4166,469.16666,5.054167,15.516666,46.833332,30,13/06/2025,14.1375
65.48,84,13.754167,very low,1064.625,467.125,4.8416667,15.920834,42.416668,42,14/06/2025,13.166667
65.3,80,7.5750003,very low,1046.8334,468.70834,3.5249999,12.158333,44,15,15/06/2025,7.3250003
65.55,81,13.900001,very low,1473.7916,474.41666,6.004167,20.4625,40.291668,26,16/06/2025,13.533333
64.65,83,12.283333,very low,992.5833,466,4.775,17.725,35.958332,38,17/06/2025,12.083333
66,79,15.770833,low,1065.625,469.875,6.1708336,22.704168,37.583332,46,18/06/2025,15.233334
65.17,79,20.179167,low,1369.9166,470.375,6.7125,22.091667,39.75,27,19/06/2025,17.479166
64.98,80,20.512499,low,1466.5,477.5,7.3458333,22.9375,44.666668,37,20/06/2025,17.445833
66.22,76,16.637499,very low,936.4583,458.29166,4.570833,13.6125,48.916668,45,21/06/2025,12.683333
66.4,79,11.5125,very low,840.2917,456.45834,4.2999997,11.8875,50.666668,18,22/06/2025,10.466666
65.91,80,9.154166,very low,611.875,449.20834,3.6458333,12.266666,42.208332,23,23/06/2025,8.566667
66.27,77,16.829166,low,851.8333,455.5,5.3416667,19.279167,38.833332,46,24/06/2025,15.466667
65.14,79,23.704168,low,847.0833,466.66666,7.683333,24.2125,47.666668,44,25/06/2025,20.958334
65.89,77,18.958334,low,920.5833,459.83334,6.4208336,20.383333,49.041668,25,26/06/2025,16.991667
65.68,79,11.545834,very low,837.0417,454.29166,5.2458334,17.3,39.291668,25,27/06/2025,10.7
65.03,81,15.104167,very low,1026.7084,464.125,6.2083335,19.8125,40.333332,33,28/06/2025,14.091667
64.29,79,13.804166,very low,1062.9166,465.125,4.766667,16.033333,38.166668,35,29/06/2025,12.545834
64.13,78,18.220835,very low,1343.5416,467.375,5.0208335,18.354166,39.708332,60,30/06/2025,14.333333
65.89,73,18.841667,low,1241.625,462.375,7.316667,21.933334,40.041668,21,01/07/2025,16.5875
65.17,80,20.704166,low,1212.75,462.375,7.9833336,24.379166,38.416668,23,02/07/2025,17.904167
64.76,76,23.029167,low,1362.6666,469.125,10.691667,27.791666,43.541668,27,03/07/2025,20.629168
64.81,75,20.366667,low,1379.7084,466.04166,8.283334,22.125,44.083332,29,04/07/2025,17.645834
64.96,73,20.279165,low,924.7917,458.75,8.491667,25.433334,44.416668,14,05/07/2025,18.633333
65.7,77,13.045834,very low,1131.2916,478.25,5.5875,17.8125,38.5,8,06/07/2025,12.150001
64.96,78,19.058332,low,1467.75,485.33334,7.820833,24.966667,36.958332,22,07/07/2025,16.25
65.37,79,23.516668,low,1270.0416,473.33334,6.304167,21.629166,42.041668,23,08/07/2025,16.612501
66.97,73,19.449999,low,1588.625,480.66666,6.0166664,19.6625,40.708332,27,09/07/2025,16.166666
66.09,77,27.366667,low,1123.7916,466.70834,6.9500003,21.75,43.75,17,10/07/2025,19.204166
66.97,77,32.600002,low,1159.25,457.41666,8.241667,26.4625,34.541668,15,11/07/2025,21.375
66.22,75,21.283335,low,1466.375,466.625,9.2625,27.883333,51.791668,11,12/07/2025,20.074999
64.6,83,17.691668,low,1059.7916,460.33334,6.6,20.554167,42,19,13/07/2025,16.2125
66.07,78,22.683334,low,1437.75,479.875,8.066667,23.858332,44.333332,35,14/07/2025,20.254168
67.15,80,17.029167,low,1497.2084,467.70834,8.854167,25.145834,41.333332,17,15/07/2025,15.920834
66.45,78,13.670834,very low,1430.7916,470.04166,6.7083335,22.579168,34.458332,18,16/07/2025,13.108334
66.06,77,15.2,very low,1399.75,467.91666,7.4708333,23.6625,36.291668,14,17/07/2025,14.841667
65.35,79,14.849999,very low,1297.7916,468.75,5.6625,17.612501,37.583332,21,18/07/2025,14.291667
64.74,77,18.304167,low,1337.7916,476.08334,9.2375,23.808334,36.166668,23,19/07/2025,17.6
66.54,76,12.612499,very low,1469.4166,472.75,5.941667,18.666666,39.625,11,20/07/2025,12.458333
66,77,14.566667,very low,1600.5416,470.54166,5.816667,19.366667,37.5,18,21/07/2025,14.329166
66.92,76,11.7,very low,1287.75,465.66666,6.008333,20.800001,36.083332,16,22/07/2025,11.545834
65.91,78,5.9791665,very low,898.0417,457.45834,4.445833,15.029167,35.125,19,23/07/2025,5.866667
64.85,83,6.758333,very low,1011.6667,453.875,3.4875,12.2375,36.125,12,24/07/2025,6.304167
64.83,83,7.1124997,very low,1557,472.08334,4.7083335,16.449999,37.291668,14,25/07/2025,6.7875
65.01,83,11.166667,very low,1330.5834,464.45834,5.679167,20.079166,37,26,26/07/2025,10.554167
65.37,82,8.925,very low,1350.1666,461.45834,5.566667,18.704166,33.083332,15,27/07/2025,8.787499
65.73,80,9.970834,very low,1268.5416,463.25,5.3375,16.633333,39.333332,17,28/07/2025,9.741667
64.13,84,14.058333,very low,1251.9166,470.79166,5.695833,17.858334,41.708332,29,29/07/2025,12.925
64.92,80,23.220833,low,1453.3334,473.20834,7.4208336,24.041666,36.375,18,30/07/2025,18.125
65.68,77,23.5375,low,1312.7916,476.08334,8.016666,22.2875,39.958332,22,31/07/2025,17.616667
66.07,76,27.041666,low,1384.75,474.625,9.05,23.512499,37.458332,14,01/08/2025,18.820833
65.89,79,28.620834,low,1389.9166,477.375,7.9583335,21.675001,39.291668,20,02/08/2025,19.929167
65.93,76,28.724998,low,1351.1666,475.66666,7.4791665,19.925001,37.916668,8,03/08/2025,20.404167
66.58,76,16.908333,low,1472.125,478.04166,7.2374997,23.666666,33.583332,21,04/08/2025,16.154165
67.3,75,14.033333,very low,1434.5,478.08334,6.1416664,20.445833,34.375,21,05/08/2025,12.866666
66.58,77,10.795834,very low,1832.7084,476.45834,5.1291666,16.741667,32.916668,22,06/08/2025,10
64.13,76,9.879167,very low,1194.875,471.79166,4.829167,15.462501,32,19,07/08/2025,9.400001
64.29,80,23.779167,low,1792.625,480.29166,9.5125,27.145834,35,26,08/08/2025,21.554167
64.49,80,18.512499,low,1512.5834,481.41666,8.020833,23.6875,35.583332,19,09/08/2025,17.545834
64.24,78,15.425,low,1176.1666,476.54166,7.1625,19.166666,35.291668,19,10/08/2025,15.25
65.12,79,13.875,very low,1217.625,467.95834,5.15,17.470833,37.791668,17,11/08/2025,13.633334
65.91,78,7.433333,very low,890.375,457.625,4.070833,12.808333,41.5,24,12/08/2025,7.258333
65.89,78,14.645833,very low,1492.25,476.125,6.7833333,20.2125,37.333332,20,13/08/2025,14.325
66,79,17.637499,low,1638.625,485.04166,8.895833,25.741667,36.625,10,14/08/2025,17.5375
66.2,75,6.995833,very low,1018.8333,455.41666,3.095833,9.516667,55.791668,12,15/08/2025,6.9125
65.48,81,13.291667,very low,584.9583,442.29166,9.233334,16.345833,60.041668,17,16/08/2025,13.216667
65.41,76,11.170834,very low,1087.2916,455.79166,6.475,15.966667,42.166668,21,17/08/2025,11.129167
63.61,83,16.341667,low,1627.9584,475.20834,6.504167,20.841665,37.708332,20,18/08/2025,15.991666
64.94,76,12.520833,very low,1075.0834,466.08334,4.8375,15.616666,39.458332,19,19/08/2025,11.829166
66,75,18.433332,low,1454.5,478.70834,8.245833,24.574999,43.5,23,20/08/2025,17.395834
66.18,75,15.525001,very low,1016.375,459.29166,5.6583333,18.770834,39.708332,37,21/08/2025,14.316667
66.45,75,12.8875,very low,1166.875,462.25,4.945833,14.3125,52,32,22/08/2025,12.020833
65.89,79,6.8458333,very low,1277.0416,465.83334,5.0416665,13.179166,50.666668,34,23/08/2025,6.75
64.47,82,12.991666,very low,1141.75,462.70834,6.1875,17.858334,47,39,24/08/2025,12.925
64.78,79,16.574999,low,1659.1666,487.75,6.7666664,22.625,61.041668,43,25/08/2025,16.529167
66,74,12.983334,very low,985.6667,457.875,5.5833335,16.766666,45.791668,17,26/08/2025,12.954166
65.14,79,10.962501,very low,1167.0416,459.75,6.4791665,21.566666,35.708332,66,27/08/2025,10.804166
63.3,79,18.666666,low,1581.2084,485.83334,10.087501,31.129166,30.75,14,28/08/2025,18.316668
62.62,73,20.983334,low,1765.0834,486.33334,8.083333,25.787498,50.083332,60,29/08/2025,20.554167
64.26,76,14.166667,very low,1660.625,484.70834,4.0875,14.508334,48.916668,52,30/08/2025,13.820834
65.3,78,12.037499,very low,618.4583,449.58334,6.4041667,15.995833,48.5,33,31/08/2025,12.020833
65.52,79,21.775,low,806.5,451.58334,10.5625,24.754166,50.208332,21,01/09/2025,21.675001
64.65,82,11.287499,very low,1089.8334,458.54166,5.8333335,17.324999,37.666668,24,02/09/2025,10.9875
65.5,80,20.029167,low,1565.3334,476.41666,8.724999,24.949999,38.083332,22,03/09/2025,19.316668
65.35,79,9.7,very low,1087.4166,468.625,4.9041667,14.891666,50.125,19,04/09/2025,9.5
66.79,76,23.283333,low,1341.125,474.79166,7.6041665,21.470833,69.708336,18,05/09/2025,23.270834
66.96,77,21.1875,low,1540.0416,486.875,8.029166,22.7875,66.416664,9,06/09/2025,21.175001
65.86,79,37.008335,moderate,1409.25,474.79166,8.879167,28.016668,84.833336,18,07/09/2025,36.958332
64.6,80,20.083334,low,1208.5416,466.375,7.3541665,18.512499,77.208336,22,08/09/2025,20.070833
64.26,83,13.945834,very low,813.2083,452.33334,6.2999997,11.470833,82.458336,15,09/09/2025,13.920834
64.29,82,7.304167,very low,695.0417,445,4.7416663,12.2375,39.416668,20,10/09/2025,7.275
65.17,81,7.9583335,very low,1021.9583,463.95834,4.358333,13.912499,42.75,24,11/09/2025,7.6458335
64.09,82,14.770833,very low,980.0417,466.16666,7.558333,23.645834,32.375,26,12/09/2025,14.491666
64.96,83,12.995833,very low,1177.6666,467.75,5.620833,17.379168,39.541668,16,13/09/2025,12.766666
65.19,81,18.804167,low,1594.4166,482.75,7.6749997,25.595833,33.083332,12,14/09/2025,18.545834
63.75,81,16.2125,low,866.4167,451.75,8.958333,26.025,54.916668,20,15/09/2025,16.137499
63.59,81,23.408333,low,1313.5416,463.375,11.3875,29.545832,61.583332,26,16/09/2025,23.358332
64.98,80,26.195833,moderate,1236.625,473.20834,9.933333,25.654167,73.083336,25,17/09/2025,26.170832
65.26,75,21.266666,low,1510.0834,473.125,9.620833,27.6625,74.625,25,18/09/2025,21.262499
66.47,75,13.929166,very low,922.2083,451.625,6.8624997,18.295834,62.958332,28,19/09/2025,13.925
65.89,73,11.7,very low,829.9167,449.08334,9.095834,14.341667,66.458336,12,20/09/2025,11.675
65.75,79,14.641666,very low,994.9583,452.70834,8.345834,24.366667,34.5,12,21/09/2025,14.554166
65.35,82,9.154166,very low,741.6667,450.625,6.0208335,19.229166,31.708334,16,22/09/2025,8.837501
65.39,79,8.075,very low,1316.0834,465.70834,4.6,14.520833,47.75,25,23/09/2025,7.9791665
64.94,78,11.429166,very low,898.75,460.20834,7.195833,21.833334,38.666668,14,24/09/2025,11.408333
64.96,80,12.849999,very low,1560.125,474.91666,7.1124997,20.995832,48.75,14,25/09/2025,12.795834
64.04,84,14.920834,very low,886.125,454.08334,5.1583333,15.141666,68.75,18,26/09/2025,14.791667
64.27,83,10.554167,very low,1575.625,471.54166,4.4249997,12.575,69.416664,17,27/09/2025,10.55
64.35,80,12.616666,very low,1378.9166,478.20834,6.133333,19.516666,49.125,25,28/09/2025,12.445834
66.04,72,10.4875,very low,947.0833,462.70834,4.6625,14.733334,49.166668,22,29/09/2025,10.408334
66.56,76,5.6,very low,525.8333,444.16666,4.2541666,10.804166,44.791668,20,30/09/2025,5.5499997
64.62,82,12.179166,very low,844,452,6.991667,20.554167,30.416666,16,01/10/2025,11.808333
64.06,82,10.783333,very low,1753.375,482.16666,4.929167,14.495833,45.708332,34,02/10/2025,9.983334
63.75,83,15.183333,very low,1343.4584,483.91666,6.5875,20.895834,45.541668,22,03/10/2025,14.745833
64.27,79,16.283333,low,1567.125,484.20834,6.6083336,19.6875,41.875,17,04/10/2025,15.787499
63.91,77,12.833333,very low,1735.2916,482.29166,5.2541666,16.7875,47.666668,22,05/10/2025,12.679166
64.24,80,16.004168,low,1478.7916,477.08334,7.6749997,25.158333,37.916668,26,06/10/2025,15.916667
63.55,80,18.229166,low,1344.75,467.83334,5.4791665,17.75,43,24,07/10/2025,17.504168
65.28,76,12.508334,very low,1512.4584,468.66666,5.1833334,15.916667,48.458332,28,08/10/2025,12.254167
64.42,77,16.475,low,1548.2084,479.45834,8.4375,18.762499,61,29,09/10/2025,16.345833
63.88,77,24.666666,low,1281,466.20834,14.529167,33.537502,69.708336,16,10/10/2025,24.6
63.79,71,25.604166,moderate,1661.7916,483.41666,14.224999,34.570835,72.875,20,11/10/2025,25.533333
65.07,66,25.5875,moderate,1564.0834,481.04166,12.141666,29.470833,77.041664,15,12/10/2025,25.570833
65.39,73,30.620834,moderate,1556.125,481.41666,12.833333,34.954166,73.291664,18,13/10/2025,30.583334
64.99,76,20.7875,low,1626.5416,473,7.525,23.008333,71.458336,20,14/10/2025,20.737501
63.66,77,10.083333,very low,1226.5834,458.375,9.004167,14.974999,67.333336,22,15/10/2025,10.070833
64.44,74,16.629168,low,820.2083,459.5,9.404166,19.075,61.083332,19,16/10/2025,16.591667
63.84,75,23.579168,low,1404.0416,483.58334,8.537499,26.966667,60.625,27,17/10/2025,23.4625
63.39,77,22.970833,low,1387.25,488.79166,10.2375,30.866667,62.041668,20,18/10/2025,22.574999
64.17,75,15.216667,low,1488.3334,486.125,6.1666665,20.658333,56.791668,19,19/10/2025,15.079166
62.94,77,22.375,low,1391.25,492.70834,10.470834,30.241667,79.375,34,20/10/2025,22.320833
62.8,68,19.316668,low,1118.7084,478.33334,7.566667,21.729166,67.333336,26,21/10/2025,19.295834
62.83,73,15.379167,low,673.2917,461.79166,5.683333,17.958334,60.333332,19,22/10/2025,15.3625
60.26,73,19.795834,low,1175.7916,466.25,10.458333,26.633333,56.958332,17,23/10/2025,19.608334
59.68,75,28.033333,moderate,998.875,461.25,9.6375,28.35,56.208332,24,24/10/2025,27.941666
61.79,79,24.949999,low,1443.7916,477.66666,11.9375,35.691666,68.5,27,25/10/2025,24.85
61.18,78,23.391668,low,1458.0834,483.25,12.508334,35.191666,70.125,17,26/10/2025,23.354166
61.18,80,19.233334,low,1306.2916,481.83334,8.041667,25.591667,58.083332,21,27/10/2025,19.229166
61.86,77,19.25,low,1239.0834,479.29166,8.129167,26.0625,61.125,23,28/10/2025,19.229166
61.61,71,17.475,low,1525.2084,482.66666,9.575,29.558334,68.416664,22,29/10/2025,17.454166
62.64,71,23.220833,low,1101.4584,473.25,12.866666,36.6125,64.208336,34,30/10/2025,23.195833
61.99,73,17.483334,low,713.3333,457.75,8.754167,25.308334,63.166668,13,31/10/2025,17.454166
64.09,78,10.808333,very low,606.4167,448.79166,8.150001,16.395834,58.083332,22,01/11/2025,10.775001
64.04,79,12.333333,very low,566.7917,450.66666,9.575,16.625,61.708332,47,02/11/2025,12.3125
63.34,75,13.724999,very low,766.2083,455.04166,8.212501,18.074999,58.75,24,03/11/2025,13.650001
62.49,84,17.429167,low,1182.0834,466,8.7625,20.2375,68.541664,27,04/11/2025,17.416666
61.02,85,32.845833,moderate,1372.6666,479.875,16.841667,36.620834,69.25,29,05/11/2025,32.804165
62.51,76,30.425001,moderate,1888.0834,495.91666,16.675001,42.649998,70.541664,28,06/11/2025,30.404167
62.06,80,24.637499,low,1668.9166,490.66666,8.383333,27.2875,55.5,31,07/11/2025,24.6
63.07,77,17.775,low,1558.875,474.70834,6.8875003,19.4125,66.291664,21,08/11/2025,17.745832
62.29,82,11.3875,very low,1010.75,453.08334,9.054167,20.558332,52.708332,22,09/11/2025,11.379167
63.37,77,13.925,very low,1715.0834,470.625,8.087501,23.4625,38.541668,30,10/11/2025,13.904167
61.18,81,23.883333,low,1552.75,484.66666,9.354167,28.654167,49.375,19,11/11/2025,23.862501
61.93,77,30.300001,moderate,1444.5834,476.625,14.870833,42.825,81.416664,25,12/11/2025,30.270834
62.92,76,26.879166,moderate,1160.5,457.70834,16.695833,31.520834,91.75,34,13/11/2025,26.862501
62.31,79,22.179167,low,1894.4584,482.75,13.141666,32.891666,74.541664,27,14/11/2025,22.179167
61.61,79,29.345833,moderate,1529.2084,477.375,16.729166,36.3,83.875,18,15/11/2025,29.3375
59.68,78,14.745833,very low,1183.375,466.83334,8.6375,25.008333,67.125,17,16/11/2025,14.516666
58.05,71,20.358334,low,856.3333,457.54166,7.9666667,20.525,53.125,25,17/11/2025,20.229166
61.34,77,18.308332,low,740.8333,453.54166,8.037499,23.458334,46.375,15,18/11/2025,18.241667
59.68,80,11.470833,very low,827.9167,459.25,7.125,17.966667,44.458332,23,19/11/2025,11.458333
58.46,76,14.991668,very low,992.2917,459.58334,7.5375,20.066668,53.708332,31,20/11/2025,14.941667
54.5,80,14.970833,very low,623.9583,456.375,8.983334,23.266668,60,29,21/11/2025,14.854167
53.22,81,21.916666,low,1497.0416,469.41666,13.766666,37.641666,69.541664,22,22/11/2025,21.833334
53.38,79,24.208334,low,1499.1666,473.33334,13.587501,38.625,77.5,20,23/11/2025,24.183334
54.84,78,13.974999,very low,771.7083,450.75,8.145833,22.745834,71.5,28,24/11/2025,13.8875
53.19,73,12.883334,very low,588.625,452.29166,7.9583335,16.658333,69.958336,28,25/11/2025,12.820834
49.77,66,21.9125,low,658.9167,453.91666,9.416667,21.504166,69.625,31,26/11/2025,21.65
49.46,69,16.458334,low,549.7083,447.625,8.358334,16.929167,76.583336,20,27/11/2025,16.208334
47.25,66,14.212501,very low,792.375,457.95834,10.545834,23.9,69,32,28/11/2025,13.983334
45.68,53,21.566666,low,1581.0834,468.625,16.345833,40.175,80.666664,14,29/11/2025,21.258333
48.38,66,30.095833,moderate,1481.875,462.75,18.225,37.274998,106.416664,15,30/11/2025,30.083334
51.37,69,32.1375,moderate,1529.625,461.625,18.025,37.425,111,61,01/12/2025,32.133335
51.73,75,31.433334,moderate,1601.25,467.75,20.0875,41.875,115.333336,39,02/12/2025,31.420832
52.68,80,27.745834,moderate,1467.1666,471.83334,19.470833,36.75,115.291664,29,03/12/2025,27.725
52.86,82,25.216667,moderate,1346.125,473.20834,18.695833,34.641666,105.5,47,04/12/2025,25.216667
55.09,80,27.383333,moderate,1435.375,479.875,15.833333,36.720833,87.291664,37,05/12/2025,27.366667
56.77,82,33.970833,moderate,1495.5416,494.125,16.304167,38.7375,72.208336,43,06/12/2025,33.825
57.33,83,30.845833,moderate,1391.0834,488.875,13.3625,38.2625,77.75,75,07/12/2025,30.716667
57.36,76,31.983332,moderate,1456.4166,487.83334,20.458334,35.658333,90.333336,64,08/12/2025,31.475
56.39,80,33.045834,moderate,1593.0416,487.54166,15.849999,33.825,77.458336,37,09/12/2025,32.229168
53.74,82,28.704168,moderate,1291.875,483.875,13.754167,36.5125,75.958336,59,10/12/2025,28.295832
52.39,73,30.65,moderate,1407.9166,485.83334,12.45,33.654167,78.666664,39,11/12/2025,30.291666
54.05,75,35.4375,moderate,1344.7084,483.83334,14.912499,39.866665,72.666664,36,12/12/2025,35.158333
56.93,80,29.745834,moderate,1163.6666,478.04166,10.675,31.883333,69.333336,31,13/12/2025,29.558334
56.48,80,23.195833,low,1378.125,483.83334,9.037499,27.4375,59.5,22,14/12/2025,23.0875
56.5,79,24.533333,low,1449.0834,491.79166,13.220833,35.216667,77.5,39,15/12/2025,24.475
55.65,82,23.725,low,1596.875,485.33334,18.391666,25.262499,92.291664,38,16/12/2025,23.645834
55.09,83,17.775,low,810.4583,467.5,10.099999,18.495832,73.458336,55,17/12/2025,17.683332
55.2,81,27.362501,moderate,1151.125,475.83334,14.1375,31.891668,71.375,17,18/12/2025,26.6625
52.36,85,29.8375,moderate,1129.2916,481.33334,14.9875,38.695835,85.041664,52,19/12/2025,29.025
52.75,72,26.512499,moderate,1103.0416,480.79166,18.466667,31.9125,103.541664,19,20/12/2025,26.204168
52.88,73,21.637499,low,1198.875,473.04166,9.666667,27.629166,75.333336,24,21/12/2025,20.983334
51.78,68,23.341667,low,1193.1666,478.70834,13.091667,34.058334,68.958336,33,22/12/2025,22.841667
51.66,67,20.133333,low,1145.0834,483.29166,11.545834,31.241667,63.625,43,23/12/2025,19.904167
52.09,78,21.708334,low,1145.625,485.95834,10.366667,30.4625,56.333332,31,24/12/2025,21.270834
53.49,66,30.775,moderate,1166.5834,484.16666,18.025,35.045834,88.458336,34,25/12/2025,30.2875
55.45,69,22.1625,low,1351.7084,482.54166,14.341667,25.566666,89.125,28,26/12/2025,21.641668
53.02,79,23.7875,low,1384.5416,487.20834,12.108334,29.225,76.541664,34,27/12/2025,23.387499
52.09,78,29.15,moderate,1209.4584,484.79166,13.233334,32.56667,70.875,40,28/12/2025,28.933334
51.89,58,25.533333,moderate,1364.6666,485.16666,12.775001,33.0625,64.25,46,29/12/2025,25.112501
51.01,55,25.929167,moderate,1414.375,482.875,14.529167,35.604168,84.5,45,30/12/2025,25.704168
50.7,53,25.070833,low,1215.3334,479.70834,13.2375,35.454166,65.458336,20,31/12/2025,24.958334
26.08125114,90,11.59999943,very low,1387.916626,,5.591666698,22.49583435,43.16666794,28,03/09/2026,11.1208334
26.37708282,90,12.97916698,very low,1437.125,,5.75416708,22.20416832,37.54166794,28,04/09/2026,11.6291666
25.49374962,91,8.449999809,very low,1006.166687,,4.016666889,16.59166718,44.79166794,27,05/09/2026,7.854166508
25.85833168,91,6.662499905,very low,739.75,,2.991666794,9.604166985,48.75,26,06/09/2026,6.545833588
26.00833321,90,12.52083302,very low,744.302063,,7.00416708,18.46666718,37.54166794,25,07/09/2026,12.29583359
25.54166603,91,16.79999924,low,951,,9,24.20000076,11,24,08/09/2026,16.39999962
