"AGE_Y,lat,long,tempF,humidity,pm10,pm2_5,carbon_monoxide,carbon_dioxide,sulphur_dioxide,nitrogen_dioxide,ozone,count,Index,pm2_5_val,date"
"71.375,18.928566071428573,98.91584821428572,52.88,84.0,41.6375,moderate,1696.1666,476.53202125,8.054167,35.395832,90.041664,56.0,0.0,28.929167,2023-01-01"
"69.01515151515152,18.70000606060606,98.85387575757576,51.08,86.0,36.229168,moderate,1600.375,476.53202125,6.1229167,33.375,101.583336,66.0,1.0,25.179167,2023-01-02"
"70.93103448275862,18.873609442060086,98.85629527896997,50.7,73.0,35.470833,low,1442.375,476.53202125,4.36875,32.160416,77.333336,233.0,2.0,24.691666,2023-01-03"
"72.47089947089947,18.655312698412697,98.82190052910052,51.71,95.0,36.3875,moderate,1502.0416,476.53202125,4.5666666,26.879166,69.083336,189.0,3.0,25.324999,2023-01-04"
"71.62698412698413,18.80388888888889,98.8781373015873,54.84,94.0,31.420832,low,1420.4584,476.53202125,3.425,25.9,70.458336,126.0,4.0,21.908333,2023-01-05"
"71.80357142857143,19.152044047619047,98.93988392857143,55.239999999999995,87.0,19.0875,very low,686.375,476.53202125,2.08125,14.087501,70.375,168.0,5.0,13.320834,2023-01-06"
"70.17460317460318,18.959952380952384,98.87414285714286,51.91,79.0,27.887499,low,1211.25,476.53202125,3.0916665,22.800001,62.333332,63.0,6.0,19.516666,2023-01-07"
"65.40350877192982,18.799687719298248,98.78167894736842,49.87,65.0,37.670834,moderate,1670.9584000000002,476.53202125,4.4270835,32.09375,81.75,57.0,7.0,26.3375,2023-01-08"
"70.49675324675324,18.997944155844156,98.97794123376623,51.64,62.0,44.441666,moderate,1834.625,476.53202125,4.80625,33.48125,83.333336,308.0,8.0,31.054167,2023-01-09"
"70.09663865546219,18.8405987394958,98.85392142857143,54.029999999999994,80.0,40.458332,moderate,1630.625,476.53202125,4.272917,33.45625,75.375,238.0,9.0,28.25,2023-01-10"
"70.97826086956522,18.633407065217394,98.78430597826087,54.7,72.0,42.745834,moderate,1302.5834,476.53202125,9.229167,26.677084,106.25,184.0,10.0,29.858331999999997,2023-01-11"
"71.40714285714286,18.855744285714287,98.88133,54.09,64.0,33.620834,low,1367.0834,476.53202125,4.866667,26.760416,55.083332,140.0,11.0,23.4625,2023-01-12"
"69.72251308900523,18.934842408376962,98.92856387434556,51.84,64.0,36.600002,moderate,1650.0,476.53202125,4.0875,31.966667,70.291664,191.0,12.0,25.5625,2023-01-13"
"70.76388888888889,19.03867222222222,98.90957222222222,50.5,56.0,41.175,moderate,1779.6666,476.53202125,3.9354165,39.964584,78.958336,72.0,13.0,28.779167000000005,2023-01-14"
"69.203125,18.8175078125,98.869528125,51.17,58.0,43.666668,moderate,1769.0416,476.53202125,4.21875,36.48125,101.958336,64.0,14.0,30.483332,2023-01-15"
"70.3030303030303,18.947337229437228,98.95828701298701,50.81,47.0,37.916668,moderate,1429.625,476.53202125,12.447917,31.333334,123.833336,231.0,15.0,26.475,2023-01-16"
"69.95017793594306,18.914346263345195,98.87475943060498,51.46,55.0,39.404167,moderate,1050.7084,476.53202125,7.6583333,21.19375,104.083336,281.0,16.0,27.491667,2023-01-17"
"71.83414634146341,18.740231219512197,98.87196975609756,52.5,75.0,45.2625,moderate,1475.625,476.53202125,5.456249699999999,33.79375,86.625,205.0,17.0,31.583334,2023-01-18"
"68.53982300884955,19.06163628318584,98.97512654867256,52.5,89.0,41.054165,moderate,1322.5,476.53202125,5.025,29.447916,90.041664,113.0,18.0,28.620833999999995,2023-01-19"
"70.87330316742081,18.9382221719457,98.9248185520362,53.56,78.0,43.954166,moderate,1301.5416,476.53202125,9.54375,26.69375,111.791664,221.0,19.0,30.65,2023-01-20"
"69.0,18.85750307692308,98.86660923076923,54.36,73.0,42.266666,moderate,1398.25,476.53202125,6.660417,32.147915,96.208336,65.0,20.0,29.487501,2023-01-21"
"67.65333333333334,18.806844,98.82468266666666,53.69,50.0,42.204166,moderate,905.5417,476.53202125,5.266667,11.78125,119.5,75.0,21.0,29.4625,2023-01-22"
"70.52631578947368,19.038783859649122,98.94496000000001,53.94,38.0,44.908337,moderate,737.125,476.53202125,6.7291665,8.016666,120.5,285.0,22.0,31.345833000000002,2023-01-23"
"71.06593406593407,18.94056336996337,98.88750989010988,55.04,40.0,51.1875,moderate,786.8333,476.53202125,11.181251,9.145833,116.708336,273.0,23.0,35.720833,2023-01-24"
"70.32544378698225,18.75880769230769,98.84371065088757,53.82,62.0,42.508335,moderate,1037.0,476.53202125,9.622916,18.112501,103.66666399999998,169.0,24.0,29.675001000000005,2023-01-25"
"70.57042253521126,18.8205,98.87771126760563,54.39,66.0,46.204166,moderate,1281.9584,476.53202125,7.8562503,27.425001,100.166664,142.0,25.0,32.2625,2023-01-26"
"69.54545454545455,19.105595867768592,98.95947107438016,56.34,62.0,52.649998,moderate,1548.4584,476.53202125,15.095833,32.95,129.5,121.0,26.0,36.649998,2023-01-27"
"70.37837837837837,19.03938783783784,98.93266621621622,54.86,64.0,44.7,moderate,1640.75,476.53202125,13.002083,37.033333,105.166664,74.0,27.0,31.129166,2023-01-28"
"72.71698113207547,18.737603773584908,98.8042,53.26,75.0,53.233334,moderate,2052.0,476.53202125,7.7999997,34.754166,95.458336,53.0,28.0,37.175,2023-01-29"
"71.0418410041841,18.971342083333337,98.92070458333333,52.27,73.0,67.104164,high,2633.75,476.53202125,7.472917,47.78125,143.04167,240.0,29.0,46.904163,2023-01-30"
"71.73122529644269,18.929560079051384,98.8795395256917,53.89,68.0,58.8,high,1845.5416,476.53202125,11.308333,30.793749,146.79167,253.0,30.0,41.095833,2023-01-31"
"71.28085106382979,18.8495114893617,98.9094544680851,56.25,59.0,58.0625,high,1576.875,476.53202125,8.087501,30.606249,117.375,235.0,31.0,40.533333,2023-02-01"
"69.94871794871794,19.026603821656053,98.94503630573249,58.32,58.0,60.720837,high,1629.0834,476.53202125,8.564584,32.912502,136.54167,157.0,32.0,42.3625,2023-02-02"
"70.83333333333333,18.881650520833336,98.87682135416667,59.669999999999995,51.0,46.958332000000006,moderate,1145.5834,476.53202125,5.491667,21.618749999999995,113.41666400000001,192.0,33.0,32.516666,2023-02-03"
"70.70588235294117,18.817655294117646,98.86902588235294,59.94,64.0,43.399998,moderate,936.625,476.53202125,4.2083335,18.854166,78.791664,85.0,34.0,30.0,2023-02-04"
"68.17857142857143,18.697591228070177,98.8116245614035,59.76,74.0,34.104168,low,809.2917000000001,476.53202125,3.1812499,17.74375,62.583332,57.0,35.0,23.554167,2023-02-05"
"70.81171548117155,19.086029460580914,98.96743029045642,58.5,77.0,26.629166,low,1158.4166,476.53202125,3.5229168,22.018751,62.625,241.0,36.0,18.362501,2023-02-06"
"69.61233480176212,18.8906563876652,98.8704,55.58,46.0,28.5625,low,1295.1666,476.53202125,3.7208335,25.120834,77.875,227.0,37.0,19.841667,2023-02-07"
"71.62770562770562,18.779215086206897,98.87249137931035,54.18,43.0,37.479168,moderate,1561.7916,476.53202125,3.7958333,28.033333,73.708336,232.0,38.0,26.145834,2023-02-08"
"70.52459016393442,18.83752295081967,98.86292540983607,52.72,38.0,36.241665,moderate,1685.2084,476.53202125,3.7958333,30.283333,86.875,122.0,39.0,25.304167,2023-02-09"
"68.93167701863354,18.987352795031057,98.88122422360249,53.82,42.0,34.0125,low,1652.4166,476.53202125,3.5416667,25.079168,80.333336,161.0,40.0,23.720833,2023-02-10"
"71.70422535211267,18.86199295774648,98.91419154929578,54.09,46.0,36.379166,moderate,1653.8334,476.53202125,3.5166667,30.041666,79.208336,71.0,41.0,25.320833,2023-02-11"
"70.31481481481481,18.898416666666666,98.82862777777778,54.28,41.0,41.920834,moderate,901.4583,476.53202125,4.5,10.954166,103.66666399999998,54.0,42.0,29.229165999999996,2023-02-12"
"70.71052631578948,19.04531691729323,98.96904285714285,55.0,41.0,43.875,moderate,610.375,476.53202125,5.2458334,6.9,90.541664,266.0,43.0,30.570833,2023-02-13"
"69.3393665158371,18.917864705882355,98.88385067873303,54.28,39.0,51.399998,moderate,584.6667,476.53202125,5.320833,7.133333,93.166664,221.0,44.0,35.820835,2023-02-14"
"72.02830188679245,18.81236384976526,98.90857840375587,55.89,33.0,54.995834,high,599.2083,476.53202125,5.420833600000001,7.8333335,112.333336,213.0,45.0,38.2,2023-02-15"
"71.49425287356321,18.792555172413792,98.89904655172413,63.46000000000001,62.0,38.954166,moderate,875.875,476.53202125,2.3125,16.3625,94.208336,174.0,46.0,27.170832,2023-02-16"
"71.04819277108433,18.984202409638556,98.92750120481927,54.63,96.0,36.195835,moderate,1202.1666,476.53202125,2.425,22.1875,71.833336,166.0,47.0,25.304167,2023-02-17"
"71.06557377049181,18.882888524590165,98.90054426229509,53.47,94.0,41.545834,moderate,2015.7916,476.53202125,3.9750001,40.716667,91.0,61.0,48.0,29.029167,2023-02-18"
"67.12307692307692,18.91346153846154,98.89312153846153,56.5,67.0,39.545834,moderate,1897.75,476.53202125,4.7791667,36.545834,109.708336,65.0,49.0,27.574999,2023-02-19"
"70.10317460317461,18.99326746031746,98.94329087301587,57.58,51.0,62.183334,high,1975.0834,476.53202125,7.7125,39.375,104.25,252.0,50.0,43.2625,2023-02-20"
"70.43430656934306,18.947145620437954,98.90053759124088,60.53,64.0,51.879166,moderate,1664.7916,476.53202125,4.766667,33.204166,70.625,274.0,51.0,35.920834,2023-02-21"
"70.17777777777778,18.738356444444445,98.88265822222222,58.05,63.0,50.895832,moderate,1632.8334,476.53202125,4.3458333,35.287502,83.875,225.0,52.0,35.241665,2023-02-22"
"72.2603550295858,18.85092071005917,98.89297396449705,57.22,65.0,57.67499999999999,high,1793.625,476.53202125,3.8374999,33.899998,74.708336,169.0,53.0,39.925,2023-02-23"
"69.4776119402985,19.076302985074626,98.97892537313433,57.29,61.0,60.925,high,1962.5834000000002,476.53202125,5.233333,40.391666,124.91666399999998,134.0,54.0,42.291668,2023-02-24"
"69.6984126984127,18.88237619047619,98.8609507936508,60.46,51.0,57.270832,high,1555.375,476.53202125,9.966666,32.716667,97.75,63.0,55.0,39.658333,2023-02-25"
"69.5875,18.851646249999998,98.854865,57.42999999999999,69.0,47.925,moderate,1979.0,476.53202125,8.033334,37.695835,88.958336,80.0,56.0,33.4875,2023-02-26"
"70.68650793650794,19.1428968503937,98.93327992125985,56.61,69.0,57.337498,high,2053.2083,476.53202125,11.191667,42.470833,120.708336,254.0,57.0,39.658333,2023-02-27"
"69.93103448275862,18.91804068627451,98.89627205882354,59.74,51.0,70.950005,high,2012.375,476.53202125,10.183333,39.066666,148.54167,204.0,58.0,49.245834,2023-02-28"
"70.45698924731182,18.739517204301077,98.84963817204302,58.33,48.0,75.395836,high,1256.0,476.53202125,11.608334,11.787499,158.75,186.0,59.0,52.45,2023-03-01"
"71.15178571428571,18.870684955752214,98.88040442477877,60.08,39.0,69.99167,high,883.25,476.53202125,9.779166,6.679167,154.70833,113.0,60.0,48.716663,2023-03-02"
"71.20707070707071,18.901584422110552,98.8693201005025,60.15,39.0,55.16250200000001,high,660.8333,476.53202125,6.054167,5.929167,115.875,199.0,61.0,38.320835,2023-03-03"
"73.6896551724138,18.910939655172413,98.95108448275863,58.55,50.0,61.879166,high,680.5833,476.53202125,8.266666,6.4249997,126.083336,58.0,62.0,42.895832,2023-03-04"
"72.14,18.779642000000003,98.823924,57.36,50.0,68.433334,high,792.0833,476.53202125,6.620833,7.3583336,122.291664,50.0,63.0,47.23333399999999,2023-03-05"
"70.875,18.875443055555554,98.90470694444444,58.86,51.0,63.712498,high,1229.0,476.53202125,4.6916666,24.479166,107.208336,72.0,64.0,44.07083,2023-03-06"
"69.88235294117646,18.867987197231834,98.87029169550172,58.44,54.0,64.441666,high,1286.2916,476.53202125,3.5291665,24.645834,93.5,289.0,65.0,44.675,2023-03-07"
"72.00862068965517,18.729809913793105,98.84972456896551,60.06,49.0,67.645836,high,1703.3334,476.53202125,4.2374997,34.649998,99.708336,232.0,66.0,46.970837,2023-03-08"
"69.45859872611464,18.94020828025478,98.89851656050955,62.74,47.0,70.316666,high,1144.7084,476.53202125,5.6541667,11.175,152.79167,157.0,67.0,48.899998,2023-03-09"
"69.73364485981308,19.02524046511628,98.91407162790696,61.86,50.0,66.333336,high,842.4583,476.53202125,6.179167,6.5958333,115.41666400000001,215.0,68.0,46.05417,2023-03-10"
"70.29268292682927,18.718198795180722,98.8306843373494,63.720000000000006,42.0,82.65,high,1048.8334,476.53202125,8.108334,7.804167,121.708336,83.0,69.0,57.583332,2023-03-11"
"70.9375,18.851115625000002,98.790259375,65.84,40.0,93.73334,high,1361.7084,476.53202125,5.491667,22.5,109.375,64.0,70.0,65.362495,2023-03-12"
"71.58754863813229,18.996055642023347,98.9749412451362,62.29,71.0,87.55417,high,1798.5834,476.53202125,8.691667,34.4875,94.208336,257.0,71.0,60.920834,2023-03-13"
"68.68181818181819,18.854477272727273,98.8523375,58.17,93.0,75.620834,high,1780.6666,476.53202125,5.6625,35.212498,105.333336,264.0,72.0,52.558334,2023-03-14"
"69.38528138528139,18.715056277056277,98.86795584415584,59.86,72.0,61.774998,high,1872.4166,476.53202125,3.8374999000000005,28.604166,82.458336,231.0,73.0,42.958332,2023-03-15"
"70.54395604395604,18.943045054945056,98.9225598901099,65.95,56.0,49.199999999999996,moderate,1287.2916,476.53202125,2.2083333,20.820833,79.666664,182.0,74.0,34.141666,2023-03-16"
"69.53571428571429,19.057450887573967,98.94034319526628,62.330000000000005,63.0,63.72916800000001,high,1676.875,476.53202125,3.1083332999999995,30.370834000000002,92.291664,169.0,75.0,44.3,2023-03-17"
"68.91379310344827,18.746925862068966,98.77250000000001,62.31,57.0,55.462498,high,1316.0,476.53202125,2.7291667,21.216667,71.5,58.0,76.0,38.579166,2023-03-18"
"66.44067796610169,18.804942372881357,98.86396101694916,62.6,64.0,52.033337,moderate,1228.2084,476.53202125,2.6333334,21.283335,77.916664,59.0,77.0,36.183334,2023-03-19"
"71.5811320754717,18.982300000000002,98.9434916981132,62.82,60.0,42.825,moderate,1354.7916,476.53202125,2.6625001,17.820833,61.625,265.0,78.0,29.5875,2023-03-20"
"70.51760563380282,18.97180176056338,98.90657816901408,62.91,61.0,38.554165,moderate,1574.0416,476.53202125,3.425,23.304167,48.666668,284.0,79.0,26.608332,2023-03-21"
"69.35983263598327,18.78336875,98.84866666666667,61.14,71.0,27.154166999999998,low,1246.0834,476.53202125,3.0125,21.804167,54.916668,240.0,80.0,18.725,2023-03-22"
"70.45390070921985,18.936564539007094,98.91165531914893,61.17999999999999,54.0,28.370834,low,1115.125,476.53202125,3.1791668,23.454168,63.666668,141.0,81.0,19.470833,2023-03-23"
"69.47798742138365,18.98317358490566,98.91785094339623,60.48,59.0,30.416665999999996,low,1387.7084,476.53202125,3.075,23.370834,61.45833199999999,159.0,82.0,20.916666,2023-03-24"
"71.75757575757575,18.731872727272727,98.81965454545455,61.02,61.0,43.75833,moderate,1555.9584,476.53202125,3.575,27.824999,72.458336,66.0,83.0,30.204168,2023-03-25"
"71.0,18.869095384615385,98.91504615384615,63.35999999999999,65.0,40.454166,moderate,1200.5,476.53202125,2.8708334,25.233332,75.75,65.0,84.0,27.941666,2023-03-26"
"70.78867924528302,19.05676917293233,98.8936484962406,63.05,66.0,45.8625,moderate,1512.25,476.53202125,3.6708333,29.033333,82.333336,266.0,85.0,31.7125,2023-03-27"
"70.12592592592593,18.852343333333334,98.87560148148148,61.57000000000001,53.0,53.354168,moderate,761.8333,476.53202125,3.8416665,10.866666,98.416664,270.0,86.0,37.037502,2023-03-28"
"69.73181818181818,18.81568090909091,98.90878181818182,62.1,49.0,86.270836,high,757.2917,476.53202125,4.875,10.525001,82.916664,220.0,87.0,60.0125,2023-03-29"
"70.64331210191082,18.9769898089172,98.92234713375797,61.96999999999999,43.0,90.65833,high,735.125,476.53202125,4.991667,8.841666,97.458336,157.0,88.0,62.987500000000004,2023-03-30"
"70.34042553191489,18.93080105820106,98.92432275132275,62.64000000000001,56.0,67.895836,high,600.2083,476.53202125,4.1916666,6.112499700000001,97.583336,189.0,89.0,46.95,2023-03-31"
"74.1917808219178,19.01128493150685,98.94505890410959,64.94,51.0,67.166664,high,648.125,476.53202125,4.2875,5.6583333,116.29166399999998,73.0,90.0,46.475002,2023-04-01"
"72.3225806451613,18.902664516129033,98.90057096774193,63.28,72.0,39.829166,moderate,454.41666,476.53202125,3.4375,5.6458335,83.791664,62.0,91.0,27.441666,2023-04-02"
"70.57575757575758,18.984826893939395,98.94266742424243,61.38,49.0,35.158333,low,436.41666,476.53202125,3.4583333,5.491667,72.333336,264.0,92.0,24.0625,2023-04-03"
"69.85858585858585,18.85291717171717,98.86128148148148,61.35999999999999,56.0,40.179165,moderate,470.5,476.53202125,3.7749999,5.233333,88.958336,297.0,93.0,27.520834,2023-04-04"
"69.79411764705883,18.781574789915965,98.87388697478993,60.08,46.0,56.337498,high,581.875,476.53202125,3.966667,5.841666699999999,98.5,238.0,94.0,38.912502,2023-04-05"
"66.6875,18.74542375,98.80549625,63.73,44.0,68.512505,high,709.7917,476.53202125,4.7083335,6.1541667,109.458336,80.0,95.0,47.57083,2023-04-06"
"69.99473684210527,19.043107894736842,98.93675105263158,66.54,48.0,75.39167,high,748.7082999999999,476.53202125,4.9333334,6.5375,107.583336,190.0,96.0,52.30416999999999,2023-04-07"
"68.74418604651163,18.878011627906975,98.93157906976744,66.9,40.0,62.462498,high,679.5833,476.53202125,4.4791665,5.7708335,106.125,43.0,97.0,43.129166,2023-04-08"
"69.96923076923076,18.928584615384615,98.89004769230769,67.05,36.0,50.254166,moderate,624.5417,476.53202125,4.241667,5.5375,102.083336,65.0,98.0,34.579166,2023-04-09"
"70.20370370370371,19.008616296296296,98.97272111111111,67.73,51.0,40.983334,moderate,529.7917,476.53202125,3.8083334,4.8125,94.833336,270.0,99.0,28.245834,2023-04-10"
"69.75196850393701,18.897162598425194,98.87645748031497,66.02,39.0,53.0125,moderate,638.375,476.53202125,4.6541667,5.7666664,100.166664,254.0,100.0,36.716667,2023-04-11"
"69.33771929824562,18.93714847161572,98.91367161572053,66.83,49.0,68.762505,high,712.6666999999999,476.53202125,4.55,4.304167,115.166664,229.0,101.0,47.825,2023-04-12"
"69.8103448275862,18.883558620689655,98.82301551724139,67.86,57.0,51.208332,moderate,583.7917,476.53202125,3.7708333,3.4166667,104.166664,58.0,102.0,35.408333,2023-04-13"
"68.35135135135135,18.85964054054054,98.84147567567567,67.6,56.0,43.45,moderate,1048.5,476.53202125,4.1208334,20.762499,88.416664,74.0,103.0,30.054167,2023-04-14"
"72.6029411764706,18.88938970588235,98.81645735294119,65.98,40.0,61.72083700000001,high,720.0833,476.53202125,5.1458335,6.7125,98.666664,68.0,104.0,42.879166,2023-04-15"
"68.88135593220339,18.895805084745763,98.85700677966102,67.96,36.0,53.645832,moderate,592.2083,476.53202125,4.2166667,5.1625,87.916664,59.0,105.0,37.025,2023-04-16"
"68.78873239436619,18.940419718309858,98.84814225352113,67.78,53.0,47.016666,moderate,516.5,476.53202125,3.5041666,4.545833,94.666664,71.0,106.0,32.412502,2023-04-17"
"70.6309963099631,18.896208487084873,98.86198118081181,64.81,47.0,46.575,moderate,629.375,476.53202125,3.6416667,6.2125,104.833336,271.0,107.0,32.204166,2023-04-18"
"70.55263157894737,18.713561572052402,98.82066550218342,68.27,53.0,51.545834,moderate,510.79166,476.53202125,4.0333333,3.9666665,100.208336,229.0,108.0,35.670834,2023-04-19"
"70.2,18.981036363636367,98.92152818181818,67.28,70.0,52.27499799999999,moderate,491.2083400000001,476.53202125,3.1416667000000005,3.8999999,92.875,110.0,109.0,35.991665,2023-04-20"
"70.93103448275862,18.900339655172417,98.87408706896551,65.08,78.0,50.958332,moderate,448.16666,476.53202125,3.5833333,4.7374997,85.166664,232.0,110.0,34.866665,2023-04-21"
"70.27142857142857,18.875714285714285,98.85401999999999,66.09,69.0,58.254166,high,445.75,476.53202125,3.3791666,4.7208333,82.5,70.0,111.0,39.8875,2023-04-22"
"70.84482758620689,18.78969310344828,98.87319137931034,63.72,72.0,46.100002,moderate,455.95834,476.53202125,2.9166667,5.3125,72.791664,58.0,112.0,31.3375,2023-04-23"
"69.86254295532646,19.07972662116041,98.96839624573379,67.28,57.0,48.75833,moderate,1042.875,476.53202125,3.2375,23.016668,60.833332,293.0,113.0,33.029167,2023-04-24"
"72.56944444444444,18.967120138888887,98.90151111111112,69.42,44.0,43.295834,moderate,1271.6666,476.53202125,2.8166666,23.804167,61.125,288.0,114.0,29.341667000000005,2023-04-25"
"70.05069124423963,18.745948387096774,98.78283456221199,69.66,41.0,43.541668,moderate,779.7917,476.53202125,2.2666667,12.5,68.291664,217.0,115.0,29.966667,2023-04-26"
"69.20979020979021,19.02973146853147,98.92431678321678,66.61,62.0,46.583332,moderate,915.25,476.53202125,2.2749999,17.020834,64.208336,143.0,116.0,32.295834,2023-04-27"
"70.45197740112994,19.050220338983053,98.90702655367232,65.3,62.0,30.349999999999998,low,720.7917,476.53202125,2.1666667,14.170833999999997,68.333336,177.0,117.0,20.6,2023-04-28"
"69.90322580645162,18.93848548387097,98.95493548387097,69.8,43.0,29.65,low,667.125,476.53202125,2.1541667,13.400001,70.083336,62.0,118.0,20.204166,2023-04-29"
"68.36170212765957,18.80383404255319,98.75590638297874,70.72,47.0,39.4875,moderate,486.79166,476.53202125,3.9875,4.204167,93.5,47.0,119.0,27.120834000000002,2023-04-30"
"70.79583333333333,18.997505809128633,98.92912780082987,69.04,63.0,38.533333,moderate,552.4167,476.53202125,3.2124999000000005,5.045833,92.208336,241.0,120.0,26.737501,2023-05-01"
"71.2057761732852,19.00950649819495,98.90486353790614,68.27,65.0,33.091667,low,520.25,476.53202125,2.5,6.2125,73.125,277.0,121.0,22.862501,2023-05-02"
"70.65652173913044,18.807143722943724,98.88736796536797,68.43,63.0,41.149998,moderate,475.3333400000001,476.53202125,3.2375,5.8916664,64.083336,231.0,122.0,28.358332,2023-05-03"
"73.15584415584415,18.832684415584417,98.85272337662337,68.36,61.0,34.058334,low,434.4583400000001,476.53202125,2.7625,4.875,62.458332,77.0,123.0,23.433334,2023-05-04"
"68.0,18.790853623188404,98.82576376811595,69.28,55.0,30.558333999999995,low,432.58334,476.53202125,2.5583334,4.9249997,60.166668,69.0,124.0,20.845833,2023-05-05"
"68.94339622641509,19.084071698113206,98.96642075471698,70.79,50.0,21.170834,very low,380.5,476.53202125,2.3208334,5.233333,51.291668,53.0,125.0,14.458333,2023-05-06"
"70.28205128205128,19.110697435897436,98.8557,72.99,49.0,25.870834,low,390.5,476.53202125,2.7583332,5.4874997,48.625,39.0,126.0,17.791666,2023-05-07"
"71.32113821138212,18.99720325203252,98.9792325203252,72.68,53.0,31.820833,low,385.58334,476.53202125,2.1833334,3.8791666,80.25,246.0,127.0,21.945833,2023-05-08"
"70.61010830324909,18.856113357400723,98.85870324909747,68.63,72.0,31.758333000000004,low,412.25,476.53202125,2.7291667,4.9625,70.916664,277.0,128.0,21.8125,2023-05-09"
"72.13333333333334,18.82206923076923,98.89226205128205,66.47,71.0,24.645834,low,371.875,476.53202125,2.1499999,4.4958334,67.416664,195.0,129.0,16.929167,2023-05-10"
"73.96899224806202,18.94463076923077,98.94668076923077,66.72,70.0,24.866667,low,820.9167,476.53202125,1.9083333,18.020834,63.541668,130.0,130.0,17.324999,2023-05-11"
"70.29299363057325,18.86275159235669,98.86044840764332,66.24,77.0,20.85,very low,670.0,476.53202125,1.3666667,11.358334,81.125,157.0,131.0,14.554166,2023-05-12"
"71.5625,18.725464583333334,98.81019166666668,64.85,79.0,12.304166,very low,454.41666000000004,476.53202125,1.6958333,11.229166999999999,41.791668,48.0,132.0,8.558333,2023-05-13"
"67.39655172413794,18.78079310344828,98.82411379310345,64.53,79.0,16.391666,very low,367.08334,476.53202125,1.0416666,8.183333,52.833332,58.0,133.0,10.962501,2023-05-14"
"70.98190045248869,19.05310633484163,98.97220271493214,64.8,69.0,21.891668,low,981.75,476.53202125,1.9916667,19.795834,57.208332,221.0,134.0,15.141666,2023-05-15"
"70.075,18.98667035714286,98.90938392857143,65.5,69.0,29.441665999999998,low,1114.9584,476.53202125,2.5166667,20.237501,66.291664,280.0,135.0,19.7875,2023-05-16"
"70.73214285714286,18.846798214285716,98.84138928571429,65.68,68.0,33.791668,low,1314.6666,476.53202125,3.0083332,25.5625,68.666664,56.0,136.0,22.758333,2023-05-17"
"69.58490566037736,18.894153459119497,98.91855220125787,66.02,66.0,35.258335,low,1167.1666,476.53202125,2.8708334,23.154167,64.958336,159.0,137.0,23.641668,2023-05-18"
"71.26573426573427,18.896667132867133,98.8577055944056,66.81,65.0,35.204166,low,1173.4166,476.53202125,3.1375,22.291666,66.041664,143.0,138.0,23.779167,2023-05-19"
"70.7872340425532,18.891565957446808,98.86903829787234,67.03,66.0,27.845832999999995,low,957.2917,476.53202125,2.2708333,20.358334,64.333336,47.0,139.0,18.433332,2023-05-20"
"65.60975609756098,18.828217073170734,98.84788536585366,67.44,67.0,32.162502,low,955.2083,476.53202125,2.1583333,19.341667,64.25,41.0,140.0,21.420832,2023-05-21"
"70.95348837209302,19.093746538461538,98.95181538461537,69.08,64.0,26.262499,low,534.9583,476.53202125,1.2666667,10.279166,74.625,260.0,141.0,17.616667,2023-05-22"
"70.9140625,19.023850390625,98.91670781250001,68.94,67.0,29.970833,low,604.5417,476.53202125,1.5916667,12.133334,69.708336,256.0,142.0,20.466667,2023-05-23"
"70.592,18.67744801587302,98.76625912698414,66.27,76.0,27.591667,low,730.125,476.53202125,1.9666667,16.208334,62.833332,252.0,143.0,18.820833,2023-05-24"
"71.92913385826772,18.888022047244096,98.92903937007874,61.83,86.0,31.141665,low,704.1667,476.53202125,2.0958333,15.25,72.583336,127.0,144.0,20.883333,2023-05-25"
"70.76344086021506,19.074751612903228,98.93165537634408,68.18,67.0,24.895834,low,614.5,476.53202125,1.4125,13.75,61.75,186.0,145.0,16.675001,2023-05-26"
"72.81632653061224,18.879708,98.908934,69.17,62.0,28.779167,low,712.0417,476.53202125,1.6125001,16.116667,63.041668,50.0,146.0,19.449999,2023-05-27"
"70.58181818181818,18.82514,98.86617454545456,69.33,62.0,31.395834,low,734.8333,476.53202125,2.4125001,15.804166,79.125,55.0,147.0,21.383333,2023-05-28"
"69.88412017167381,18.951518454935623,98.92996995708155,67.08,73.0,47.379166,moderate,1096.1666,476.53202125,4.9375,22.045832,86.291664,233.0,148.0,32.745834,2023-05-29"
"71.4225352112676,19.010044014084507,98.91653028169014,68.0,68.0,32.225002,low,920.2917,476.53202125,4.6666665,17.933332,92.75,284.0,149.0,22.304167,2023-05-30"
"71.11398963730569,18.742549740932642,98.89217305699482,66.87,74.0,21.454168000000003,very low,587.8333,476.53202125,1.6999999000000001,10.875,73.0,193.0,150.0,14.8625,2023-05-31"
"69.69047619047619,19.033103571428573,98.94489047619048,67.39,76.0,16.329166,very low,606.4167,476.53202125,1.5041666,13.291666999999999,65.875,84.0,151.0,11.391666,2023-06-01"
"70.08125,18.9692025,98.849540625,67.93,71.0,19.579166,very low,833.9167,476.53202125,1.7416667000000001,14.8,61.583332,160.0,152.0,13.625,2023-06-02"
"70.65116279069767,18.922879069767443,98.94108372093022,67.82,68.0,22.85,low,1010.125,476.53202125,1.8833333000000003,14.716667000000001,54.208332,43.0,153.0,15.770833,2023-06-03"
"66.5625,18.793260606060606,98.87121515151516,68.0,69.0,17.008333,very low,550.9583,476.53202125,1.3458333,12.837501,53.0,33.0,154.0,11.729167,2023-06-04"
"70.01408450704226,18.788721126760564,98.85232676056337,66.06,78.0,20.004168,very low,617.8333,476.53202125,1.5541667,14.116666,54.208332,71.0,155.0,13.854167,2023-06-05"
"71.24,18.844378799999998,98.86122719999999,66.6,77.0,21.737501,low,643.2917,476.53202125,1.6750001,15.329166,62.166668,250.0,156.0,15.0625,2023-06-06"
"70.37234042553192,18.629899468085107,98.82810159574467,66.65,79.0,20.583334,very low,680.7917,476.53202125,1.8625000999999999,16.699999,55.916668,188.0,157.0,14.295834,2023-06-07"
"72.2,18.96622340425532,98.93026879432624,65.16,81.0,20.3125,very low,847.125,476.53202125,1.7458334,19.766666,51.25,141.0,158.0,14.208333,2023-06-08"
"69.68382352941177,18.94255294117647,98.83585294117647,66.24,77.0,20.829166,very low,869.625,476.53202125,1.7916666,18.220833,59.125,136.0,159.0,14.5125,2023-06-09"
"69.98148148148148,18.721164814814816,98.81920185185184,65.97,74.0,29.716667,low,1225.4166,476.53202125,2.1791666,24.041665999999996,62.625,54.0,160.0,20.679167,2023-06-10"
"71.62790697674419,18.927967441860464,98.87566511627907,67.96,70.0,22.512499,low,1010.0832999999999,476.53202125,2.3458333,22.387499,57.166668,43.0,161.0,15.695833999999998,2023-06-11"
"71.14406779661017,18.994630084745765,98.98040762711864,66.88,74.0,20.566668,very low,775.4167,476.53202125,1.6833334,16.958334,64.916664,236.0,162.0,14.279167,2023-06-12"
"71.22457627118644,18.889102118644068,98.87513855932204,65.98,77.0,11.145833,very low,471.54166,476.53202125,0.8458333,12.075,49.416668,236.0,163.0,7.808333,2023-06-13"
"71.7,18.740273181818182,98.85720181818182,65.75,74.0,13.075,very low,631.6667,476.53202125,1.25,15.104167,49.041668,220.0,164.0,9.150001,2023-06-14"
"70.41843971631205,18.958118439716312,98.89647021276596,64.96,79.0,20.1,very low,935.2083000000001,476.53202125,2.0291667,19.745832,55.666668,141.0,165.0,14.070834,2023-06-15"
"69.4375,19.0804149068323,98.9570354037267,66.69,75.0,20.870832,very low,951.75,476.53202125,2.0375001,17.045834,52.166668,161.0,166.0,14.429166,2023-06-16"
"69.18867924528301,18.871396296296297,98.89054814814816,67.84,73.0,16.945833,very low,818.125,476.53202125,1.9625,15.9375,44.875,54.0,167.0,11.666667000000002,2023-06-17"
"71.73913043478261,18.81343043478261,98.85073913043479,69.4,68.0,17.104166,very low,766.9583,476.53202125,1.775,15.1875,53.166668,46.0,168.0,11.891666,2023-06-18"
"71.23181818181818,18.998120454545457,98.98473636363636,68.2,72.0,17.008333,very low,834.375,476.53202125,1.8833333,14.541667,43.791668,220.0,169.0,11.820834,2023-06-19"
"71.37979094076655,18.961879094076654,98.88362404181184,67.62,71.0,13.933333,very low,535.1667,476.53202125,1.6333333,12.2375,47.291668,287.0,170.0,9.729167,2023-06-20"
"70.98611111111111,18.712641203703704,98.8610888888889,66.6,73.0,15.733334,very low,958.7083,476.53202125,2.4041667000000007,15.016666,37.95833199999999,216.0,171.0,10.962501,2023-06-21"
"70.33582089552239,18.95217703703704,98.88637333333334,66.33,69.0,15.570834,very low,956.0417,476.53202125,2.5,15.170834,40.0,135.0,172.0,10.891666,2023-06-22"
"69.85826771653544,18.99848203125,98.92847109375,66.04,73.0,13.95,very low,748.5,476.53202125,1.8874999,11.591667,33.083332,128.0,173.0,9.758333,2023-06-23"
"73.74358974358974,19.128284615384615,98.97166923076922,67.12,71.0,16.954166,very low,1014.125,476.53202125,2.2166667,14.091667000000001,34.708332,39.0,174.0,11.866666,2023-06-24"
"73.44444444444444,18.737253333333335,98.82182666666668,65.77,76.0,16.745832,very low,703.4167,476.53202125,2.1499999,18.6875,35.125,45.0,175.0,11.741665999999999,2023-06-25"
"70.7378277153558,19.13101567164179,98.94923656716418,65.7,73.0,17.783333,very low,835.9167,476.53202125,1.65,23.762499,37.416668,268.0,176.0,12.470833,2023-06-26"
"70.02611940298507,18.950303358208956,98.90714813432835,66.78,72.0,17.716667,very low,458.875,476.53202125,2.8374999,12.595833,40.5,268.0,177.0,12.616666,2023-06-27"
"71.12,18.710305714285713,98.813076,66.96,74.0,16.574999,very low,390.41666000000004,476.53202125,3.2791665,11.849998999999999,37.958332,175.0,178.0,11.775001000000001,2023-06-28"
"72.29357798165138,18.980770642201836,98.95704678899082,67.19,76.0,19.7875,very low,418.16666,476.53202125,3.2875001,11.675,42.916668,109.0,179.0,13.916667,2023-06-29"
"72.01438848920863,18.95650785714286,98.89594857142858,67.14,74.0,21.470833,very low,561.7917,476.53202125,5.445833,14.099999,38.166668,140.0,180.0,14.8,2023-06-30"
"71.73809523809524,18.72882142857143,98.85721428571428,68.63,72.0,20.904167,very low,322.125,476.53202125,2.4875,9.233334,41.458332,42.0,181.0,14.037499,2023-07-01"
"68.11538461538461,18.86924807692308,98.90225384615384,69.22,71.0,14.258334,very low,315.20834,476.53202125,2.3875,8.5125,37.5,52.0,182.0,9.829166,2023-07-02"
"71.61739130434782,19.06216086956522,98.95716434782608,68.02,71.0,8.383333,very low,287.0,476.53202125,2.1416667,8.370833,31.458334,230.0,183.0,5.870833,2023-07-03"
"70.46090534979425,18.771248559670784,98.81242962962962,66.29,76.0,8.095834,very low,301.875,476.53202125,2.0125,8.520833,28.041666,243.0,184.0,5.6749997,2023-07-04"
"71.31937172774869,18.742379581151834,98.86207172774868,65.68,79.0,9.220834,very low,347.29166,476.53202125,2.5041666,9.349999,30.125,191.0,185.0,6.458333499999999,2023-07-05"
"72.79710144927536,18.937797826086957,98.91089565217392,64.71,75.0,13.308333,very low,525.2083,476.53202125,4.9458337,9.9375,31.833334,138.0,186.0,9.379167,2023-07-06"
"71.18954248366013,18.93598888888889,98.93480718954248,65.73,75.0,13.95,very low,442.25,476.53202125,3.8374998999999996,10.087501,35.291668,153.0,187.0,9.866667,2023-07-07"
"71.7872340425532,18.784965957446808,98.8597489361702,68.94,69.0,17.991667,very low,300.875,476.53202125,2.7250001,8.270833,48.875,47.0,188.0,12.858334,2023-07-08"
"65.75,18.7307265625,98.8297671875,66.83,76.0,18.733334,very low,335.25,476.53202125,4.5666666,9.133333,54.666668,64.0,189.0,13.345833,2023-07-09"
"71.58849557522124,19.101349557522123,99.00378274336282,67.3,76.0,16.125,very low,411.75,476.53202125,3.7083333,13.383334,42.458332,226.0,190.0,11.325,2023-07-10"
"70.93877551020408,18.930360204081634,98.89136989795918,66.42,75.0,12.254167,very low,329.16666,476.53202125,2.3958333,9.433333,28.666666,196.0,191.0,8.775001,2023-07-11"
"68.57635467980296,18.74358669950739,98.8459,65.68,76.0,13.295834,very low,658.1667,476.53202125,6.120833,14.258334,27.625,203.0,192.0,9.337501,2023-07-12"
"69.8130081300813,18.963904065040648,98.93336422764227,65.95,75.0,11.337501,very low,557.2083,476.53202125,4.7833333,11.229167,31.791666,123.0,193.0,7.9249997,2023-07-13"
"70.72789115646259,19.118077551020406,98.9308455782313,66.6,70.0,12.4375,very low,507.79166000000004,476.53202125,3.9375,10.741666,34.416668,147.0,194.0,8.8875,2023-07-14"
"72.13953488372093,18.82133023255814,98.90661395348837,65.75,75.0,10.375,very low,422.375,476.53202125,3.0,9.104167,32.708332,43.0,195.0,7.3583336,2023-07-15"
"66.75,19.05415277777778,98.86862222222221,66.65,75.0,10.349999,very low,376.25,476.53202125,2.5208333,9.191667,28.958333999999997,36.0,196.0,7.333333499999999,2023-07-16"
"70.29184549356223,18.947203004291847,98.95469442060086,67.12,74.0,17.8125,very low,370.70834,476.53202125,2.6333334,10.045834,47.75,233.0,197.0,12.337501,2023-07-17"
"71.41281138790036,18.881341637010678,98.8559128113879,66.45,76.0,14.908333,very low,368.41666,476.53202125,2.425,8.5625,46.625,281.0,198.0,10.254167,2023-07-18"
"70.61928934010152,18.699680203045684,98.80631370558375,68.11,74.0,17.729166,very low,361.75,476.53202125,2.7083333000000005,10.05,44.958332,197.0,199.0,12.345833,2023-07-19"
"70.03225806451613,19.031737903225807,98.95322903225806,68.65,72.0,18.495832,very low,549.0,476.53202125,3.9833333,15.0125,38.083332,124.0,200.0,12.95,2023-07-20"
"70.22285714285714,18.936184571428573,98.88325371428571,66.67,75.0,17.358334,very low,367.08334,476.53202125,3.0375001,9.870833,52.875,175.0,201.0,12.133334,2023-07-21"
"74.57627118644068,18.86144406779661,98.93627966101695,65.97,79.0,16.800001,very low,371.66666,476.53202125,3.7749999,9.116667,65.916664,59.0,202.0,11.770833,2023-07-22"
"65.84444444444445,18.753504444444445,98.87434,67.86,73.0,25.0,low,519.6667,476.53202125,5.6375003,14.849999,67.041664,45.0,203.0,17.508333,2023-07-23"
"69.65966386554622,19.0962731092437,98.95880546218487,69.71,69.0,22.741667,low,569.7917,476.53202125,4.35,13.729167,59.708332,238.0,204.0,15.941667,2023-07-24"
"70.70926517571885,18.927928434504793,98.90158466453674,67.91,72.0,21.375,low,571.5417,476.53202125,4.5875,18.4,41.625,313.0,205.0,15.012499999999998,2023-07-25"
"71.39583333333333,18.61925625,98.79470781250001,67.42,73.0,10.4875,very low,381.5,476.53202125,3.4583333,9.575,33.5,192.0,206.0,7.4708333,2023-07-26"
"70.88079470198676,19.124227814569537,98.9876417218543,68.5,69.0,7.6583333,very low,264.91666,476.53202125,2.0833333,7.5291667,34.625,151.0,207.0,5.4125,2023-07-27"
"68.03125,18.811740625,98.84970625,69.44,69.0,6.3125,very low,263.20834,476.53202125,2.0583334,7.245833,31.791666,32.0,208.0,4.366667,2023-07-28"
"65.95238095238095,18.861195238095238,98.89195000000001,70.07,70.0,9.308333,very low,367.75,476.53202125,3.0,11.349999,28.125,42.0,209.0,6.512500300000001,2023-07-29"
"67.16666666666667,18.9608,98.89061,67.5,76.0,8.683333,very low,301.625,476.53202125,2.5916667,9.4875,35.666668,30.0,210.0,6.066667,2023-07-30"
"69.38260869565218,19.23484956521739,99.04029565217391,66.11,81.0,6.2083335,very low,238.95833,476.53202125,2.0666666,7.558333,35.916668,115.0,211.0,4.3416667,2023-07-31"
"70.2,18.820114285714286,98.93033142857144,65.68,83.0,8.733334,very low,394.91666,476.53202125,2.7875001,12.266666,30.166666,35.0,212.0,6.0916667,2023-08-01"
"69.60714285714286,18.747674999999997,98.8735642857143,65.79,80.0,11.408333,very low,420.04166,476.53202125,3.2666666999999996,13.004167,36.916668,56.0,213.0,7.9500003,2023-08-02"
"71.64393939393939,18.893248484848485,98.92261212121211,64.92,81.0,11.6125,very low,474.33334,476.53202125,3.8208332,14.395833,34.25,132.0,214.0,8.070833,2023-08-03"
"71.4047619047619,18.994330952380952,98.9052011904762,65.86,80.0,10.695834,very low,476.625,476.53202125,3.3625,13.020833000000001,30.583333999999997,168.0,215.0,7.3125,2023-08-04"
"70.01724137931035,18.73529827586207,98.8528051724138,64.56,83.0,11.145833,very low,405.45834,476.53202125,2.9541667,11.425,30.0,58.0,216.0,7.4208336,2023-08-05"
"71.77777777777777,18.898746666666668,98.85891555555555,65.43,78.0,10.141666,very low,383.125,476.53202125,2.9166667,11.395833000000001,29.833333999999997,45.0,217.0,6.7999997,2023-08-06"
"71.4390243902439,19.00518487804878,98.94425121951218,63.59,83.0,8.0125,very low,357.375,476.53202125,2.8833332,11.587501,29.583334,205.0,218.0,5.5875,2023-08-07"
"70.7795918367347,18.929089387755102,98.88738857142856,63.3,80.0,7.7625003,very low,370.875,476.53202125,2.8583333,12.666667,27.333334,245.0,219.0,5.433333,2023-08-08"
"70.93564356435644,18.764234653465348,98.86133217821782,62.760000000000005,83.0,10.629167,very low,538.9583,476.53202125,3.9874999999999994,14.304166000000002,32.333332,202.0,220.0,7.3916664,2023-08-09"
"70.67625899280576,18.97586402877698,98.9590071942446,63.72,82.0,15.816667,very low,684.4583,476.53202125,6.2291665,16.520834,39.458332,139.0,221.0,10.854167,2023-08-10"
"71.23780487804878,19.07371575757576,98.93050848484849,64.81,75.0,17.541666,very low,654.7917,476.53202125,5.6458335,13.650001,38.125,165.0,222.0,11.791667,2023-08-11"
"72.36363636363636,18.85031818181818,98.86137575757576,66.07,72.0,22.908333,low,640.4583,476.53202125,5.445833,14.295834,35.125,33.0,223.0,15.054166,2023-08-12"
"70.4054054054054,19.087586486486487,98.95869189189189,65.8,73.0,27.620834,low,686.125,476.53202125,5.4833336,14.8625,32.833332,37.0,224.0,17.866667,2023-08-13"
"68.52173913043478,18.979758695652173,98.87222608695653,67.32,75.0,19.370832,very low,765.7083,476.53202125,6.308332999999999,17.225,32.125,46.0,225.0,13.412499,2023-08-14"
"70.11904761904762,18.853935714285715,98.86658469387756,67.03,74.0,19.658333,very low,597.6667,476.53202125,4.491667,17.383333,33.083332,294.0,226.0,13.820834,2023-08-15"
"71.21910112359551,18.76961843575419,98.88124581005586,66.24,80.0,17.254168,very low,481.79166,476.53202125,3.4416665999999996,13.529166999999998,37.333332,179.0,227.0,12.170833999999997,2023-08-16"
"69.93333333333334,18.954029752066116,98.94084545454545,65.7,80.0,14.704166,very low,447.75,476.53202125,3.1000001,13.483334,40.833332,121.0,228.0,10.483334,2023-08-17"
"71.47826086956522,18.994287142857143,98.93064857142858,65.03,81.0,18.358334,very low,545.1667,476.53202125,3.9833333,11.337501,39.583332,140.0,229.0,13.054166,2023-08-18"
"70.61224489795919,18.79100612244898,98.86184285714286,66.31,76.0,19.1,very low,448.0,476.53202125,3.2541666,10.008333,37.458332,49.0,230.0,13.545834,2023-08-19"
"70.3913043478261,18.83887608695652,98.92142391304348,65.32,79.0,25.091667,low,407.5,476.53202125,2.7833335000000003,10.491667,44.333332,46.0,231.0,17.704166,2023-08-20"
"71.81481481481481,19.088336866359448,99.00389493087557,67.73,75.0,15.620833,very low,440.20834,476.53202125,3.5125000000000006,12.745833,39.333332,217.0,232.0,11.170834,2023-08-21"
"70.30258302583026,19.00509188191882,98.92326826568265,66.52,76.0,17.304167,very low,655.7083,476.53202125,5.7333336,17.512499,34.625,271.0,233.0,12.220833,2023-08-22"
"70.93251533742331,18.820579754601226,98.85525460122699,66.83,75.0,17.583334,very low,714.7917,476.53202125,6.6666665,18.012499,31.625,163.0,234.0,12.233334,2023-08-23"
"71.11940298507463,18.9848223880597,98.91401492537314,66.04,74.0,14.208333,very low,516.7917,476.53202125,3.7291667,12.087501,32.25,134.0,235.0,9.970834,2023-08-24"
"71.41279069767442,19.00395465116279,98.92857325581394,66.16,77.0,13.370832999999998,very low,541.0,476.53202125,4.241667,10.2375,32.541668,172.0,236.0,9.133333,2023-08-25"
"71.08,18.703064,98.82681333333333,66.04,76.0,9.766666,very low,438.79166,476.53202125,3.1458333,9.466666,32.958332,75.0,237.0,6.679167,2023-08-26"
"68.4888888888889,18.895817777777776,98.89623777777778,65.61,78.0,11.304166,very low,483.08334,476.53202125,4.1291666,10.129167,32.625,45.0,238.0,7.733333599999999,2023-08-27"
"71.7625,19.070988842975204,98.96825950413223,65.88,74.0,12.829166,very low,478.91666000000004,476.53202125,3.2583332,11.483334,32.625,242.0,239.0,8.954166,2023-08-28"
"70.9608695652174,18.928569264069264,98.89226536796536,66.11,75.0,16.220833,very low,361.6666599999999,476.53202125,2.8958333,9.5125,52.5,231.0,240.0,11.458333,2023-08-29"
"70.04597701149426,18.705037714285716,98.85431142857142,66.61,79.0,14.033332999999999,very low,365.58334,476.53202125,3.7833335,9.929167,55.958332,175.0,241.0,9.883333,2023-08-30"
"71.70689655172414,18.97223620689655,98.94851896551725,66.42,78.0,17.9,very low,543.7083,476.53202125,3.9624999,15.879167,44.916668,116.0,242.0,12.587501,2023-08-31"
"70.36842105263158,18.80787894736842,98.8870403508772,67.01,76.0,19.545834,very low,504.58334,476.53202125,3.2291667,13.058333,57.041668,114.0,243.0,13.75,2023-09-01"
"70.14634146341463,18.676636585365856,98.80671463414635,67.01,76.0,23.591667,low,823.5833,476.53202125,5.9125,20.583334,55.791668,41.0,244.0,16.5,2023-09-02"
"65.91111111111111,18.759291304347826,98.81677608695654,66.67,76.0,30.733331999999997,low,806.1667,476.53202125,5.804167,21.3125,71.0,46.0,245.0,21.479166,2023-09-03"
"70.23557692307692,19.06659476190476,98.9633738095238,66.18,76.0,25.558334000000002,low,506.16666,476.53202125,5.5833335,10.804166,93.333336,210.0,246.0,17.783333,2023-09-04"
"69.90361445783132,18.861819277108435,98.86482088353414,66.61,75.0,16.525,very low,458.04166,476.53202125,6.429167,11.75,63.208332,249.0,247.0,11.570834,2023-09-05"
"70.56172839506173,18.760714110429447,98.87168036809815,66.47,80.0,16.541666,very low,516.5417,476.53202125,4.991667,17.720833,33.666668,163.0,248.0,11.6375,2023-09-06"
"70.61061946902655,18.918419469026546,98.94676548672567,64.62,81.0,16.708334,very low,412.25,476.53202125,2.9833333,11.595833000000002,45.333332,113.0,249.0,11.708333,2023-09-07"
"68.93506493506493,18.97633051948052,98.83983376623377,66.6,78.0,17.170834,very low,422.875,476.53202125,3.4583333,11.929166,50.958332,154.0,250.0,12.070834,2023-09-08"
"71.34426229508196,18.59985409836066,98.82416229508198,66.02,81.0,15.070834,very low,403.16666,476.53202125,3.2749999,9.891666,54.5,61.0,251.0,10.599999,2023-09-09"
"70.40625,18.721184375,98.8559625,65.57,80.0,15.925,very low,495.95834,476.53202125,4.3083334,15.037499,37.958332,32.0,252.0,11.208333,2023-09-10"
"70.31924882629107,19.041656542056074,98.98425887850466,65.86,80.0,11.483334,very low,351.25,476.53202125,2.7458334,11.175,30.375,214.0,253.0,8.083333,2023-09-11"
"70.135,18.8536275,98.86759599999999,64.72,82.0,12.316667,very low,509.20834,476.53202125,3.8958333,15.558333,30.541666,200.0,254.0,8.645833,2023-09-12"
"69.55757575757576,18.692972891566264,98.78401084337348,64.9,75.0,13.416667,very low,548.2917,476.53202125,4.3541665,16.833334,30.166666,166.0,255.0,9.379167,2023-09-13"
"71.1923076923077,18.934947435897435,98.94373012820513,64.54,79.0,16.458334,very low,565.125,476.53202125,4.5583334,17.050001,39.166668,156.0,256.0,11.537499,2023-09-14"
"70.72972972972973,18.971850675675675,98.88571621621622,65.16,80.0,11.054166,very low,373.875,476.53202125,2.6000001,8.412499,61.416668,148.0,257.0,7.762500300000001,2023-09-15"
"72.6896551724138,18.793493103448277,98.87705517241379,65.75,78.0,15.108334,very low,572.75,476.53202125,4.7999997,15.908333,49.291668,58.0,258.0,10.583333,2023-09-16"
"66.18604651162791,19.02530930232558,98.92974418604652,64.99,80.0,15.591667000000001,very low,457.45834,476.53202125,9.337501,13.283332999999999,59.416668,43.0,259.0,10.933333,2023-09-17"
"69.78645833333333,19.038275520833334,98.97003958333333,65.43,80.0,11.445834,very low,370.66666000000004,476.53202125,3.6166667999999995,11.445834,32.208332,192.0,260.0,8.045834,2023-09-18"
"69.87550200803213,18.90802,98.87731480000001,64.13,84.0,15.470833,very low,535.875,476.53202125,4.6291666,18.058332,24.708334,250.0,261.0,10.837501,2023-09-19"
"71.68181818181819,18.73630101010101,98.86830959595959,63.43,81.0,24.25,low,736.875,476.53202125,5.9791665,23.225,31.958334,198.0,262.0,17.025,2023-09-20"
"71.45774647887323,18.96027746478873,98.93172394366196,64.85,78.0,28.725,low,676.25,476.53202125,4.6124997,19.533333,38.958332,142.0,263.0,19.9,2023-09-21"
"69.91566265060241,19.17824610778443,98.99243113772455,64.89,75.0,18.979166,very low,458.33334,476.53202125,3.4291668,12.083333,57.416667999999994,167.0,264.0,13.258334000000001,2023-09-22"
"72.45588235294117,18.940835294117647,98.89774705882353,65.14,79.0,26.354166,low,565.9583,476.53202125,5.8541665,15.670834,68.0,68.0,265.0,18.433332,2023-09-23"
"72.421875,18.75255625,98.8603796875,66.79,74.0,24.420832,low,511.5,476.53202125,3.3916667,11.854167,66.625,64.0,266.0,17.083334,2023-09-24"
"70.76016260162602,19.07624939271255,98.90355344129554,65.75,72.0,21.5875,low,521.2083,476.53202125,3.6791668,14.079166,66.5,247.0,267.0,15.083333,2023-09-25"
"70.14782608695653,18.91047739130435,98.84518130434783,65.1,77.0,31.120834,low,821.8333,476.53202125,7.3541665,24.829168,50.666668,230.0,268.0,21.345833,2023-09-26"
"71.59171597633136,18.70846627218935,98.83011360946745,66.54,73.0,17.554167,very low,429.41666000000004,476.53202125,4.5041666,12.474999,51.04166800000001,169.0,269.0,12.175000000000002,2023-09-27"
"70.15328467153284,18.918737956204378,98.94798029197081,66.36,79.0,16.4375,very low,571.4167,476.53202125,8.958333,17.920834,40.958332,137.0,270.0,11.508334,2023-09-28"
"69.73333333333333,18.798370833333333,98.88092916666666,64.71,81.0,10.783333,very low,408.125,476.53202125,6.070833000000001,13.083333,33.208332,120.0,271.0,7.558333,2023-09-29"
"68.13461538461539,18.950971153846154,98.92349423076924,64.06,83.0,11.333333,very low,418.70834,476.53202125,4.6791663,13.0125,26.791666,52.0,272.0,7.9249997,2023-09-30"
"69.85,18.94955,98.9315975,64.35,80.0,15.370833,very low,679.8333,476.53202125,5.975,19.566668,28.541666,40.0,273.0,10.758334,2023-10-01"
"69.47317073170731,19.054148292682928,98.95965609756098,64.69,82.0,16.862501,very low,498.04166,476.53202125,3.8583333,15.462501,37.375,205.0,274.0,11.795834000000001,2023-10-02"
"69.61776061776062,18.864406177606178,98.86221698841699,64.49,78.0,17.800001,very low,504.95834,476.53202125,3.8083334,14.470833,43.5,259.0,275.0,12.4375,2023-10-03"
"69.46629213483146,18.76952346368715,98.85251955307263,65.03,78.0,25.012499,low,743.8333,476.53202125,5.5625,22.079168,46.625,179.0,276.0,17.5,2023-10-04"
"69.53846153846153,18.95076993006993,98.90683076923078,67.55,73.0,24.574999,low,504.0416599999999,476.53202125,6.254167,12.208333,68.541664,143.0,277.0,17.154167,2023-10-05"
"70.24260355029585,18.936290588235295,98.88965882352943,65.35,79.0,18.625,very low,474.6666599999999,476.53202125,4.9166665,12.2,62.875,170.0,278.0,13.037499,2023-10-06"
"71.60655737704919,18.90524098360656,98.88328032786886,65.61,78.0,19.204166,very low,587.75,476.53202125,6.2291665,15.495833,55.25,61.0,279.0,13.429166,2023-10-07"
"68.02,18.923176,98.880606,66.43,78.0,14.016666,very low,498.58334,476.53202125,5.1749997,14.320834,40.916668,50.0,280.0,9.8,2023-10-08"
"71.15207373271889,19.05983456221198,98.97800783410138,65.68,75.0,15.008334,very low,576.125,476.53202125,8.1375,16.416666,45.291668,217.0,281.0,10.508333,2023-10-09"
"70.46948356807512,18.95388317757009,98.92141261682244,65.32,77.0,22.591667000000005,low,778.875,476.53202125,8.708333,19.733334,62.583332,214.0,282.0,15.808333,2023-10-10"
"70.69856459330144,18.73619952606635,98.83109952606635,64.38,78.0,22.458334,low,629.25,476.53202125,5.6875,14.75,67.375,211.0,283.0,15.683333,2023-10-11"
"70.46820809248555,18.992309826589597,98.9624289017341,63.75,81.0,20.4,very low,627.4583,476.53202125,5.9583335,15.358334000000001,70.958336,173.0,284.0,14.241666,2023-10-12"
"74.68,18.856216,98.86749600000002,65.23,78.0,13.691667,very low,500.75,476.53202125,3.9583333,12.3125,57.541668,50.0,285.0,9.5125,2023-10-13"
"67.15789473684211,18.900949122807017,98.87908947368422,63.9,78.0,17.841667,very low,564.125,476.53202125,4.8958335,17.404167,43.5,57.0,286.0,12.4875,2023-10-14"
"68.46875,18.7473109375,98.8290625,63.3,78.0,18.983334,very low,584.5417,476.53202125,4.7375,16.333334,59.541668,64.0,287.0,13.283333,2023-10-15"
"69.35627530364373,19.022521052631582,98.9798008097166,64.4,75.0,18.375,very low,734.0,476.53202125,5.5208335,19.333334,62.5,247.0,288.0,12.875,2023-10-16"
"69.66869300911854,18.85535623100304,98.85796747720364,64.11,77.0,35.024998,low,1113.7084,476.53202125,9.129167,31.920832,62.5,329.0,289.0,24.475,2023-10-17"
"70.50925925925925,18.636628703703703,98.80598518518518,64.51,74.0,37.4875,moderate,1016.7083,476.53202125,5.5291667,21.862501,69.916664,216.0,290.0,26.15,2023-10-18"
"69.15384615384616,18.895096153846154,98.93660705128205,64.36,74.0,28.4125,low,681.7083,476.53202125,4.0958333,17.520834,53.791667999999994,156.0,291.0,19.875,2023-10-19"
"70.14619883040936,18.876284795321638,98.81665087719298,63.43000000000001,77.0,29.908333,low,637.0417,476.53202125,3.8625002,13.575,71.583336,171.0,292.0,20.933332,2023-10-20"
"72.61428571428571,18.79579,98.79207857142858,65.08,72.0,23.979166,low,781.9583,476.53202125,5.883333,22.470833,61.208332,70.0,293.0,16.783333,2023-10-21"
"69.59649122807018,18.842470175438596,98.92555614035088,64.44,72.0,19.716667,very low,617.625,476.53202125,4.9,13.6125,68.416664,57.0,294.0,13.770833,2023-10-22"
"69.98461538461538,18.83489846153846,98.81752615384616,63.0,74.0,34.454166,low,773.8333,476.53202125,7.429167,19.908333,67.791664,65.0,295.0,24.104166,2023-10-23"
"70.43987341772151,18.987912974683546,98.92449936708861,63.5,77.0,33.391666,low,859.625,476.53202125,6.875,23.858332,67.041664,316.0,296.0,23.345833,2023-10-24"
"71.70935960591133,18.788097536945813,98.83976600985221,63.53999999999999,77.0,26.041666000000003,low,827.7917,476.53202125,6.8458333,24.525,57.75,203.0,297.0,18.154167,2023-10-25"
"69.95,18.844241250000003,98.8593275,63.7,75.0,27.991667,low,682.8333,476.53202125,4.766667,16.9375,60.333332,160.0,298.0,19.504168,2023-10-26"
"71.67428571428572,18.970274857142858,98.95321885714287,64.74,73.0,16.854166,very low,515.625,476.53202125,3.9791667,11.995833,54.666668,175.0,299.0,11.758334,2023-10-27"
"68.22727272727273,18.99485,98.93372272727274,64.51,80.0,19.9125,very low,527.375,476.53202125,4.233333,13.525001000000001,47.666668,44.0,300.0,13.916667,2023-10-28"
"70.07407407407408,19.05082962962963,98.90792222222223,63.95,76.0,21.295834,very low,556.125,476.53202125,4.2208333,14.916667000000002,47.29166800000001,54.0,301.0,14.895832999999998,2023-10-29"
"70.23873873873873,19.062425675675676,98.9859545045045,64.38,75.0,9.612500000000002,very low,403.83334,476.53202125,3.25,11.545834,42.791668,222.0,302.0,6.724999999999999,2023-10-30"
"71.20754716981132,18.94192113207547,98.88884716981131,63.28,80.0,27.679167,low,780.2917,476.53202125,5.6666665,20.241667,49.416668,265.0,303.0,19.358334,2023-10-31"
"70.72815533980582,18.73516213592233,98.86043300970873,64.85,71.0,34.529167,low,1027.4166,476.53202125,8.170833,27.979166,68.041664,206.0,304.0,24.070833,2023-11-01"
"70.09836065573771,18.856168852459017,98.92870491803278,64.31,76.0,31.9625,low,898.5,476.53202125,5.754167,20.920834,68.958336,122.0,305.0,22.241667,2023-11-02"
"71.61111111111111,19.066378472222222,98.92783402777778,64.15,77.0,24.566666,low,785.6667,476.53202125,5.045833,19.066668,51.833332,144.0,306.0,17.1,2023-11-03"
"73.63636363636364,18.832783636363637,98.87440000000001,65.73,74.0,34.729168,low,854.7917,476.53202125,5.5499997,22.108332,57.0,55.0,307.0,24.254166,2023-11-04"
"69.86046511627907,18.79539534883721,98.86950930232558,64.67,77.0,33.604168,low,861.5417000000001,476.53202125,4.125,20.120832,59.583332,43.0,308.0,23.495834,2023-11-05"
"71.46153846153847,19.03810407239819,98.94909004524887,65.91,73.0,34.083332,low,992.875,476.53202125,7.6875,21.241667,62.708332,221.0,309.0,23.770834,2023-11-06"
"70.25490196078431,18.90100931372549,98.87503823529411,66.42,71.0,32.670834,low,709.8333,476.53202125,3.9958334,15.6875,75.5,204.0,310.0,22.791665999999996,2023-11-07"
"72.165,18.74778905472637,98.84800049751244,65.82,73.0,33.795834,low,698.7083,476.53202125,4.570833,15.05,69.875,201.0,311.0,23.579168,2023-11-08"
"69.51181102362204,18.99222992125984,98.95290551181103,65.23,74.0,44.6375,moderate,1060.5416,476.53202125,8.325,32.466667,65.958336,127.0,312.0,31.204168,2023-11-09"
"71.03571428571429,18.99662857142857,98.90675535714287,65.5,76.0,44.1875,moderate,1054.0416,476.53202125,8.229167,28.104166000000003,72.583336,168.0,313.0,30.8125,2023-11-10"
"70.26829268292683,18.764773170731708,98.85309512195123,66.24,73.0,50.26250000000001,moderate,1192.0,476.53202125,11.029167,32.195835,79.916664,41.0,314.0,35.041668,2023-11-11"
"71.6,18.80212888888889,98.8327911111111,66.29,73.0,36.979168,moderate,850.9167,476.53202125,8.541667,20.745832,62.458332000000006,45.0,315.0,25.754166,2023-11-12"
"69.90763052208835,18.921154618473896,98.93861485943776,66.47,72.0,17.008333,very low,511.33334,476.53202125,4.2916665,13.7,51.833332,249.0,316.0,11.7625,2023-11-13"
"69.90308370044053,18.95844625550661,98.90462511013216,65.39,73.0,22.558334,low,769.0833,476.53202125,6.4083333,20.816667999999996,55.95833199999999,227.0,317.0,15.579166,2023-11-14"
"68.98214285714286,18.633222023809523,98.80479166666667,64.26,75.0,34.704166,low,1089.4166,476.53202125,9.120833,27.475,68.291664,168.0,318.0,24.137499,2023-11-15"
"71.25,18.935457432432433,98.92082297297297,63.82000000000001,77.0,20.425001,very low,664.0417,476.53202125,5.5416665,14.4875,64.0,148.0,319.0,14.175,2023-11-16"
"68.75352112676056,18.90840985915493,98.82944154929578,65.41,74.0,19.6625,very low,759.1667,476.53202125,4.3333335,14.158333,42.0,142.0,320.0,13.683333,2023-11-17"
"69.14285714285714,18.726988095238095,98.8267261904762,59.580000000000005,80.0,27.608332,low,1040.25,476.53202125,8.170834,24.520833999999997,58.166667999999994,42.0,321.0,19.233334,2023-11-18"
"71.3953488372093,18.730376744186046,98.82393953488372,61.07000000000001,69.0,21.762499,low,836.1667000000001,476.53202125,6.3333335,16.9125,54.125,43.0,322.0,15.179166000000002,2023-11-19"
"70.15765765765765,19.08319864864865,99.02032567567566,60.15,76.0,29.666666,low,1022.2917,476.53202125,8.866667,23.133333,50.541668,222.0,323.0,20.433332,2023-11-20"
"69.88086642599278,19.011713357400723,98.9204321299639,61.07,76.0,40.558334,moderate,1078.3334,476.53202125,9.133333,29.891668,67.916664,277.0,324.0,28.141668,2023-11-21"
"71.50837988826815,18.747437988826817,98.8218005586592,61.68,77.0,48.00833,moderate,1142.3334,476.53202125,12.833333000000001,33.416668,86.958336,179.0,325.0,33.395832,2023-11-22"
"71.8581560283688,18.84482394366197,98.92438873239436,63.46,74.0,40.066666,moderate,960.9583,476.53202125,12.125,25.233335,70.083336,142.0,326.0,27.620834,2023-11-23"
"70.5266272189349,18.98809053254438,98.95097692307694,61.39,79.0,31.6875,low,879.2917,476.53202125,7.558333,22.625,60.33333199999999,169.0,327.0,21.558334,2023-11-24"
"70.5,18.890002083333332,98.88755416666667,60.03,73.0,28.037500000000005,low,841.25,476.53202125,7.358333599999999,22.095833,57.75,48.0,328.0,19.125,2023-11-25"
"68.2051282051282,18.88588717948718,98.85567692307693,59.92,70.0,23.929167,low,598.375,476.53202125,4.829167,14.358334,55.25,39.0,329.0,16.491667,2023-11-26"
"70.14545454545454,19.067039130434782,98.93917065217391,59.56,72.0,22.845833,low,702.9167,476.53202125,5.025,17.699999,51.666668,276.0,330.0,15.520833,2023-11-27"
"69.15172413793104,18.85484,98.87468862068965,59.09000000000001,71.0,28.716667,low,820.4583,476.53202125,5.3458333,21.508333,52.541668,290.0,331.0,19.6875,2023-11-28"
"70.46666666666667,18.736184848484847,98.85937818181817,58.48,70.0,39.3625,moderate,1031.5,476.53202125,8.191667,26.420832,61.041668,165.0,332.0,27.225,2023-11-29"
"69.93650793650794,18.899592063492065,98.94546666666668,60.3,73.0,40.8625,moderate,920.75,476.53202125,6.483333,19.9125,66.875,126.0,333.0,28.158333,2023-11-30"
"71.46103896103897,18.972703896103898,98.89538506493507,62.75999999999999,70.0,32.45,low,874.4582999999999,476.53202125,6.4500003,19.666666,57.083332,154.0,334.0,22.475,2023-12-01"
"71.37777777777778,18.85068043478261,98.90721304347827,62.02,73.0,18.449999,very low,618.1667,476.53202125,5.8291664,12.908333,57.416668,46.0,335.0,12.770833,2023-12-02"
"70.45238095238095,19.096846511627906,99.0333953488372,63.52,72.0,20.795834,very low,809.9167000000001,476.53202125,6.2000003,18.391666,54.541668,43.0,336.0,14.441667000000002,2023-12-03"
"71.64319248826291,18.905267289719628,98.92537663551401,63.45,76.0,30.995832,low,1091.1666,476.53202125,10.008333,26.933334,54.458332,214.0,337.0,21.516668,2023-12-04"
"69.66666666666667,18.767803703703706,98.79635740740741,64.31,77.0,24.808334,low,663.0833,476.53202125,4.508333,13.083332999999998,61.66666800000001,54.0,338.0,17.104166,2023-12-05"
"69.38251366120218,18.88673387978142,98.91305683060109,63.66,76.0,19.941668,very low,608.9583,476.53202125,3.8791666,14.5,56.375,183.0,339.0,13.845833,2023-12-06"
"71.02777777777777,18.81826875,98.90646736111111,64.63,74.0,18.895834,very low,691.7917,476.53202125,6.7666664,17.8375,50.708332,144.0,340.0,13.175,2023-12-07"
"71.22085889570552,18.98761524390244,98.91475426829268,65.01,74.0,24.041666,low,1004.7083,476.53202125,7.75,24.25,39.166668,164.0,341.0,16.795834,2023-12-08"
"69.0945945945946,18.902845945945945,98.83535,63.42999999999999,78.0,27.4375,low,889.2917,476.53202125,4.570833,18.362501,42.958332,74.0,342.0,19.0875,2023-12-09"
"69.61818181818182,18.810412068965515,98.83693620689655,63.41,80.0,28.199999,low,1012.7083,476.53202125,7.9083333,25.470833,31.25,58.0,343.0,19.670834,2023-12-10"
"69.7090909090909,18.84218,98.87276909090909,63.59,77.0,26.333334,low,794.2917,476.53202125,5.5375,21.116667,41.5,55.0,344.0,18.391666,2023-12-11"
"69.03717472118959,18.833540520446096,98.86276802973977,64.58,76.0,35.591667,low,949.3333,476.53202125,7.445833,24.2875,67.041664,269.0,345.0,24.866667,2023-12-12"
"70.1116504854369,18.740662135922328,98.84355582524272,64.36,70.0,37.783333,moderate,907.0833,476.53202125,8.0625,23.8125,59.416668,206.0,346.0,28.270834,2023-12-13"
"70.95483870967742,19.003552258064516,98.94528967741937,62.24,73.0,34.308334,low,876.0832999999999,476.53202125,7.4208336,23.883333,49.083332,155.0,347.0,24.291666,2023-12-14"
"69.08938547486034,18.9981,98.8913972067039,61.32,78.0,35.037502,low,862.5833,476.53202125,7.416666500000001,25.141668,47.541667999999994,179.0,348.0,22.0625,2023-12-15"
"71.44117647058823,18.83542794117647,98.88387794117646,60.93,65.0,31.733331999999997,low,790.9167,476.53202125,8.5375,22.112501,69.208336,68.0,349.0,21.958334,2023-12-16"
"66.88235294117646,19.02228431372549,98.9572980392157,59.29,75.0,35.833332,low,828.5417,476.53202125,12.083332999999998,24.879166000000005,64.666664,51.0,350.0,24.691666000000005,2023-12-17"
"70.85283018867925,19.069088301886794,98.99138528301886,58.82,71.0,39.837498,moderate,939.1667,476.53202125,10.595834,28.329168,67.166664,265.0,351.0,27.516668,2023-12-18"
"68.16842105263157,18.83530947368421,98.86366035087718,59.85,71.0,39.0625,moderate,1078.4584,476.53202125,12.533333,29.966666999999998,76.583336,285.0,352.0,27.158333,2023-12-19"
"70.64497041420118,18.696782248520712,98.82900118343196,58.330000000000005,72.0,38.083332,moderate,1024.1666,476.53202125,12.683333,26.3125,75.291664,169.0,353.0,26.220833,2023-12-20"
"70.14917127071823,18.935727624309393,98.93543425414366,59.27,69.0,29.9125,low,935.5,476.53202125,10.770833,23.645834000000004,75.0,181.0,354.0,20.833334,2023-12-21"
"69.58992805755396,19.054610071942445,98.97138776978417,59.5,79.0,24.641668,low,676.875,476.53202125,6.8125,13.5625,49.375,139.0,355.0,17.0875,2023-12-22"
"68.46153846153847,18.727101923076923,98.78403269230769,52.09,78.0,23.5625,low,653.8333,476.53202125,4.8958335,12.7375,50.75,52.0,356.0,16.066668,2023-12-23"
"67.64444444444445,18.88094,98.86511111111112,50.49,84.0,23.800001,low,678.9583,476.53202125,5.125,14.458333000000001,53.5,45.0,357.0,16.183332,2023-12-24"
"71.37671232876713,19.040656849315067,98.93232431506848,50.16,77.0,30.879166,low,935.7917,476.53202125,8.370833,18.5875,56.041668,292.0,358.0,21.245832,2023-12-25"
"70.52554744525547,18.949523722627738,98.90370364963503,52.86,78.0,40.054165,moderate,1084.2916,476.53202125,9.95,25.995834,75.291664,274.0,359.0,27.691666,2023-12-26"
"72.84293193717278,18.756165968586387,98.84026963350786,54.66,76.0,33.416668,low,964.2917000000001,476.53202125,7.8875003,21.270834,68.416664,191.0,360.0,23.208333999999997,2023-12-27"
"70.1006711409396,19.096807382550338,99.0034644295302,56.39,75.0,34.320835,low,967.1667,476.53202125,9.091666,22.941666,64.958336,149.0,361.0,23.854166,2023-12-28"
"69.07936507936508,18.742773015873016,98.76440793650794,56.68,70.0,33.983334,low,913.4167,476.53202125,10.441667,23.012499,65.583336,63.0,362.0,23.616667,2023-12-29"
"70.8695652173913,18.904954347826088,98.85725217391305,56.26,70.0,32.191666,low,845.875,476.53202125,11.104167,25.358331999999997,68.541664,46.0,363.0,22.391668000000003,2023-12-30"
"65.8913043478261,18.946740425531914,98.88922765957447,55.2,74.0,30.533332999999995,low,848.7083,476.53202125,11.691667,24.908332999999995,75.458336,47.0,364.0,21.241667,2023-12-31"
"70.91666666666667,18.94034,98.854795,54.61,51.0,28.991667,low,873.625,476.53202125,11.895833,25.333334,69.041664,60.0,365.0,20.195833,2024-01-01"
"69.77981651376147,18.996744954128438,98.89996513761467,54.64,45.0,23.654167,low,876.4167,476.53202125,7.4,25.012499,60.333332,109.0,366.0,16.529167,2024-01-02"
"71.08040201005025,18.771792964824122,98.85560402010051,53.67,40.0,31.358332,low,916.4167,476.53202125,12.670834,27.920832,84.5,199.0,367.0,21.920832,2024-01-03"
"69.5246913580247,19.001927777777777,98.90710802469137,56.14,65.0,28.008333,low,801.8333,476.53202125,8.758333,24.233332,70.791664,162.0,368.0,19.387499,2024-01-04"
"69.46153846153847,18.833385164835164,98.87901978021978,56.07,65.0,24.449999,low,821.375,476.53202125,7.1375003,25.341667000000005,65.916664,182.0,369.0,16.858334,2024-01-05"
"67.01960784313725,18.73521960784314,98.8306,57.94,65.0,26.295832,low,892.3333,476.53202125,8.854167,27.304166999999996,65.416664,51.0,370.0,18.091667,2024-01-06"
"72.08823529411765,18.95004117647059,98.90777647058823,58.96,66.0,28.116667,low,814.3333,476.53202125,7.4625,24.179167,59.041668,34.0,371.0,19.391666,2024-01-07"
"70.61648745519713,18.963243727598567,98.95957921146953,59.0,60.0,24.75,low,808.75,476.53202125,7.1041665,21.8375,43.0,279.0,372.0,17.1,2024-01-08"
"70.08955223880596,18.89154925373134,98.87360186567165,59.04,49.0,21.733332,low,791.375,476.53202125,7.3458333,23.7875,44.75,268.0,373.0,15.016666,2024-01-09"
"70.82352941176471,18.756476018099548,98.81267375565612,58.06,44.0,22.454168,low,779.875,476.53202125,7.7708335,25.441666,51.458332,221.0,374.0,15.5,2024-01-10"
"71.34265734265735,19.0283006993007,98.9664972027972,55.42,50.0,25.4125,low,837.875,476.53202125,8.1375,24.529167,41.125,143.0,375.0,17.516666,2024-01-11"
"70.96815286624204,18.962747770700638,98.83664777070064,55.06,47.0,21.104166,very low,785.1667,476.53202125,7.375,22.987501,47.416668,157.0,376.0,14.633334,2024-01-12"
"69.05714285714286,19.05802,98.83414571428571,53.96,48.0,26.933334,low,623.0,476.53202125,6.275,16.245832,66.458336,35.0,377.0,18.779167,2024-01-13"
"70.02564102564102,18.90704871794872,98.9286,54.18,44.0,29.991667,low,699.125,476.53202125,6.1625,18.625,57.833332000000006,39.0,378.0,20.804167,2024-01-14"
"70.248730964467,19.06588223350254,98.95645837563451,57.940000000000005,71.0,25.404167,low,625.625,476.53202125,4.4333334,15.058333,51.916668,197.0,379.0,17.574999,2024-01-15"
"72.01865671641791,18.866637686567163,98.87027723880597,60.51,74.0,27.883333,low,783.4583,476.53202125,6.1416664,18.766666,57.416668,268.0,380.0,19.254168,2024-01-16"
"70.79797979797979,18.790358080808083,98.86919747474748,59.23,62.0,26.116667,low,958.875,476.53202125,7.65,22.283333,47.958332,198.0,381.0,18.137499,2024-01-17"
"70.53939393939395,18.93293272727273,98.92948060606061,56.79,51.0,26.4,low,910.9583,476.53202125,7.133333,22.370834,42.916668,165.0,382.0,18.220833,2024-01-18"
"70.91082802547771,18.97402738853503,98.92838343949045,55.21999999999999,53.0,18.9375,very low,848.0833000000001,476.53202125,6.0166664,17.291666,42.5,157.0,383.0,13.112499,2024-01-19"
"70.41666666666667,18.91800166666667,98.85302499999999,53.76,41.0,21.183332,very low,787.5,476.53202125,6.2875,22.566666,48.416668,60.0,384.0,14.654167,2024-01-20"
"69.76744186046511,18.97906046511628,98.94127441860465,52.949999999999996,37.0,22.4125,low,786.1667000000001,476.53202125,6.2666664,20.041666,50.041668,43.0,385.0,15.404166,2024-01-21"
"70.36796536796537,19.13093103448276,98.9519801724138,51.89,47.0,30.229166,low,841.2083,476.53202125,6.8583336,24.966667,62.25,232.0,386.0,20.758333,2024-01-22"
"70.88380281690141,19.00667570422535,98.90835669014085,54.36,41.0,25.300001,low,568.875,476.53202125,4.6291666,13.170834,65.583336,284.0,387.0,17.333334,2024-01-23"
"70.44864864864864,18.722430270270273,98.83640108108108,53.38,51.0,30.391667999999996,low,657.5,476.53202125,6.512500299999999,11.683333,69.0,185.0,388.0,21.050001,2024-01-24"
"70.63398692810458,18.931272549019607,98.92756274509804,54.77000000000001,73.0,34.55,low,661.2917,476.53202125,5.8375,10.837501,68.875,153.0,389.0,23.854166,2024-01-25"
"72.82312925170068,19.11141836734694,98.98121156462585,58.32000000000001,74.0,24.216667,low,650.2917,476.53202125,6.495833,12.795834,51.041668,147.0,390.0,16.841667,2024-01-26"
"69.66071428571429,18.88529642857143,98.91290357142857,57.02,75.0,23.179167,low,639.375,476.53202125,4.7374997,14.241666,50.416668,56.0,391.0,16.050001,2024-01-27"
"70.375,18.688148214285714,98.79012142857142,57.79,57.0,23.420832,low,687.7083,476.53202125,4.6749997,16.616667,45.583332,56.0,392.0,16.204166,2024-01-28"
"70.36170212765957,18.99725574468085,98.95201106382979,56.53,82.0,23.170832,low,498.16666,476.53202125,3.3041668,10.104167,55.208332,235.0,393.0,16.0125,2024-01-29"
"70.21333333333334,19.007404,98.91715555555555,57.38,74.0,21.275,very low,479.875,476.53202125,3.0166667,10.425,45.75,225.0,394.0,14.724999,2024-01-30"
"69.87647058823529,18.72498187134503,98.86052456140352,56.26,73.0,17.508333,very low,679.2083,476.53202125,5.6625,17.675001,38.458332,171.0,395.0,12.166667,2024-01-31"
"71.17808219178082,18.900972602739724,98.91163150684932,54.9,62.0,17.841667,very low,755.125,476.53202125,6.1583333,17.3125,45.916668,146.0,396.0,12.395833,2024-02-01"
"70.74675324675324,18.792762820512824,98.84729423076924,54.32,42.0,17.291666,very low,754.5417,476.53202125,6.225,17.0375,44.416668,156.0,397.0,12.029167,2024-02-02"
"71.10526315789474,18.921568421052633,98.87006140350877,53.28,33.0,25.9,low,740.0832999999999,476.53202125,5.6875,18.6625,49.916668,57.0,398.0,17.470833,2024-02-03"
"67.63265306122449,18.849332653061225,98.87178775510203,54.03000000000001,37.0,35.166668,low,781.4167,476.53202125,6.5499997,20.033333,54.333332,49.0,399.0,23.0625,2024-02-04"
"71.26108374384236,19.04171133004926,98.9595118226601,55.44,44.0,28.070833,low,849.1667,476.53202125,6.8291664,21.245832,55.041667999999994,203.0,400.0,18.816668,2024-02-05"
"70.8468085106383,18.84977966101695,98.85165466101695,56.73,39.0,27.2875,low,852.4167,476.53202125,6.3958335,20.533333,52.5,236.0,401.0,18.029167,2024-02-06"
"69.60406091370558,18.639537055837565,98.79208121827412,56.73,40.0,34.666668,low,835.75,476.53202125,6.2708335,20.920833999999996,54.916668,197.0,402.0,22.316666,2024-02-07"
"71.93939393939394,19.060388484848485,98.96582363636364,58.93000000000001,40.0,38.958332,low,838.0417,476.53202125,7.0916667,24.925001,57.583332,165.0,403.0,24.679167,2024-02-08"
"69.6875,18.957214999999998,98.84513375,59.61,44.0,34.558334,low,684.8333,476.53202125,6.129167,18.504168,64.875,160.0,404.0,22.895834,2024-02-09"
"67.07843137254902,18.79656862745098,98.86237450980393,58.41,41.0,42.80417,moderate,533.8333,476.53202125,5.3375,8.912499,73.0,51.0,405.0,29.25,2024-02-10"
"67.37037037037037,18.660094444444447,98.81238703703704,63.37,63.0,53.59166299999999,moderate,1016.6667,476.53202125,9.520832999999998,26.420832,63.70833199999999,54.0,406.0,36.850002,2024-02-11"
"70.42857142857143,18.936121072796936,98.93992068965517,60.08,69.0,50.895832,moderate,1073.2084,476.53202125,11.120833,28.608332,86.041664,261.0,407.0,34.754166,2024-02-12"
"70.6093023255814,18.858417511520738,98.8749539170507,61.21,50.0,30.016668,low,816.0417,476.53202125,6.9708333,24.204168,68.541664,217.0,408.0,20.533333,2024-02-13"
"71.1767955801105,18.68740054644809,98.79723442622951,60.37,37.0,31.604166,low,915.3333,476.53202125,7.629166,26.025,54.875,183.0,409.0,21.4125,2024-02-14"
"71.88125,18.927218125000003,98.9125875,60.04,34.0,35.654167,low,925.1667,476.53202125,7.2041664,26.308333999999995,79.208336,160.0,410.0,24.554167,2024-02-15"
"71.05586592178771,18.954522346368716,98.92467765363128,59.77,30.0,29.933333999999995,low,698.5833,476.53202125,5.2125,15.8125,79.291664,179.0,411.0,20.658333,2024-02-16"
"71.44262295081967,18.794367213114754,98.86803770491804,59.13,37.0,27.525,low,785.625,476.53202125,6.495833,18.941668,46.291668,61.0,412.0,18.604166,2024-02-17"
"73.8360655737705,18.930247540983608,98.86665081967213,57.99,37.0,22.445833,low,792.75,476.53202125,6.1416664,18.566668,56.25,61.0,413.0,15.179166,2024-02-18"
"70.31531531531532,19.01685,98.96988333333333,55.67,29.0,23.691666,low,759.5417,476.53202125,6.224999999999999,18.445833,61.0,222.0,414.0,16.1,2024-02-19"
"70.54545454545455,18.89654579124579,98.88131683501683,56.03,40.0,22.633333,low,697.3333,476.53202125,5.758333,15.191667,55.791668,297.0,415.0,15.466667000000001,2024-02-20"
"72.62732919254658,18.771077639751553,98.82537515527952,54.60999999999999,34.0,26.920832,low,807.9583,476.53202125,6.15,21.370834,59.875,161.0,416.0,18.15,2024-02-21"
"71.23636363636363,19.06989515151515,98.95685757575757,55.57999999999999,29.0,31.429166999999996,low,872.2917,476.53202125,7.237499700000001,26.4375,60.833332,165.0,417.0,21.1,2024-02-22"
"72.11258278145695,19.142198013245032,98.96693509933775,57.09,26.0,23.429167,low,831.0833,476.53202125,6.9041667,22.591667,58.333332,151.0,418.0,16.020834,2024-02-23"
"68.94117647058823,18.733096078431373,98.80607843137254,56.44,29.0,30.324999,low,790.3333,476.53202125,6.4083333,24.5,54.875,51.0,419.0,20.65,2024-02-24"
"72.23214285714286,18.947762500000003,98.89824107142859,59.83,36.0,34.712498,low,704.8333,476.53202125,6.008333,19.254168,65.833336,56.0,420.0,23.641665,2024-02-25"
"70.55319148936171,18.857369148936172,98.85413510638297,60.55,30.0,46.81666599999999,moderate,679.3333,476.53202125,6.2291665,15.995833,78.208336,94.0,421.0,32.108334,2024-02-26"
"70.7816091954023,19.030878707224335,98.92660570342206,63.40999999999999,35.0,41.108334,moderate,565.4167,476.53202125,3.7916667,10.804166,62.833332,263.0,422.0,28.141668,2024-02-27"
"69.71808510638297,18.717444973544975,98.81098095238094,65.19,44.0,26.204167999999996,low,581.875,476.53202125,3.8458334999999995,12.150001,56.0,189.0,423.0,18.020834,2024-02-28"
"70.48901098901099,19.007302747252748,98.97865219780219,62.72999999999999,38.0,22.949999,low,599.875,476.53202125,4.4708333,15.849999,60.25,182.0,424.0,15.733334,2024-02-29"
"70.95364238410596,18.903487417218546,98.85593509933774,63.05,33.0,29.858332,low,632.625,476.53202125,4.7625003,16.762499,65.791664,151.0,425.0,20.320833,2024-03-01"
"74.3913043478261,18.84014347826087,98.92006086956522,61.65999999999999,35.0,32.3875,low,475.75,476.53202125,3.7416668,8.333333,70.25,46.0,426.0,22.025,2024-03-02"
"70.31343283582089,18.939188059701493,98.92744179104479,61.93000000000001,43.0,23.570833,low,543.1667,476.53202125,3.9541666999999996,12.408333,53.458332,67.0,427.0,15.816667,2024-03-03"
"70.92857142857143,19.022450420168067,98.94842352941177,61.7,48.0,22.870834,low,628.5,476.53202125,4.4625,16.4375,53.083332,238.0,428.0,15.483334,2024-03-04"
"70.64166666666667,18.957777500000002,98.89972541666666,61.03,36.0,41.079166,moderate,839.0,476.53202125,5.375,21.045834,61.458332,240.0,429.0,27.754166,2024-03-05"
"71.68478260869566,18.59493152173913,98.77182282608696,64.53,34.0,46.758329999999994,moderate,930.4583,476.53202125,7.1375003,25.933334,78.75,184.0,430.0,31.949999,2024-03-06"
"70.8159509202454,18.904596319018406,98.93340981595092,64.49,33.0,60.225002,high,836.25,476.53202125,6.191667,17.066668,89.791664,163.0,431.0,40.733334,2024-03-07"
"73.29255319148936,18.95682446808511,98.9111579787234,64.09,28.0,45.80417,moderate,619.625,476.53202125,4.5625,11.679166,76.625,188.0,432.0,30.9125,2024-03-08"
"71.32876712328768,18.827505479452054,98.80782465753424,63.14,43.0,25.566666,low,549.6667,476.53202125,3.8541666999999995,12.9375,56.33333199999999,73.0,433.0,17.262499,2024-03-09"
"69.0,18.838442553191488,98.8160255319149,62.89,33.0,30.816665999999998,low,709.4167,476.53202125,5.383333,17.525,62.458332,47.0,434.0,20.525,2024-03-10"
"70.88461538461539,19.001532765957446,98.96312382978724,61.48,37.0,32.258335,low,477.75,476.53202125,3.9624999,10.833333,70.625,235.0,435.0,21.383333,2024-03-11"
"70.54935622317596,18.84721287553648,98.85891459227469,61.92,50.0,24.633333,low,451.54166,476.53202125,3.2666667,10.166667,55.625,233.0,436.0,16.4625,2024-03-12"
"71.25,18.657070652173914,98.78509891304348,62.51,47.0,24.0875,low,569.5,476.53202125,3.8666668,13.474999,60.333332,184.0,437.0,16.366667,2024-03-13"
"69.75641025641026,19.01629807692308,98.94745448717948,58.95,29.0,54.225002,moderate,972.7916999999999,476.53202125,7.191667,25.679167,75.041664,156.0,438.0,36.495834,2024-03-14"
"70.2,18.94983677419355,98.8825270967742,62.65,36.0,69.987495,high,998.0417000000001,476.53202125,6.8916664,19.245832,99.333336,155.0,439.0,47.100002,2024-03-15"
"70.0,18.99127777777778,98.88596851851852,63.07,43.0,64.34583,high,786.8333,476.53202125,5.104166499999999,13.308332999999998,85.70833600000002,54.0,440.0,42.3,2024-03-16"
"73.13461538461539,18.693254716981134,98.80539433962265,64.76,39.0,63.92499999999999,high,654.875,476.53202125,4.225,14.0,65.708336,53.0,441.0,40.929165,2024-03-17"
"71.21097046413502,19.046457805907174,98.96690042194092,66.11,43.0,51.104168,moderate,700.9167,476.53202125,4.3416667,16.045834,64.583336,237.0,442.0,33.391666,2024-03-18"
"71.32699619771863,18.922221292775667,98.8849433460076,66.97,36.0,67.19583,high,662.75,476.53202125,5.9874997,9.804167,116.5,263.0,443.0,44.983334,2024-03-19"
"71.828025477707,18.637622784810127,98.78046898734176,68.47,42.0,37.779167,moderate,690.0417,476.53202125,6.808332999999999,12.729167,74.541664,158.0,444.0,26.254166,2024-03-20"
"70.390625,18.947205729166665,98.97104374999999,63.5,74.0,38.029167,moderate,774.4167000000001,476.53202125,5.2000003,17.416666,71.083336,192.0,445.0,26.454168,2024-03-21"
"70.49444444444444,19.058042222222223,98.9441338888889,61.81000000000001,74.0,26.3125,low,708.5833,476.53202125,4.5499997,15.491665999999999,52.541667999999994,180.0,446.0,17.875,2024-03-22"
"71.16129032258064,19.013749999999998,98.92217096774193,62.15,55.0,20.629168,very low,492.125,476.53202125,3.3125,12.483334,55.458332,62.0,447.0,13.870833,2024-03-23"
"70.64473684210526,18.812898684210527,98.7868644736842,59.9,34.0,25.737501,low,566.5417,476.53202125,4.5041666,16.016666,59.083332,76.0,448.0,17.116667,2024-03-24"
"70.84452296819788,19.028449469964663,98.87355689045937,61.66,39.0,33.779167,low,644.9583,476.53202125,5.4625,17.166666,74.291664,283.0,449.0,22.625,2024-03-25"
"70.8988326848249,19.025810077519377,98.92809341085272,63.01,32.0,39.904167,moderate,514.2083,476.53202125,4.5958333,9.104167,78.458336,258.0,450.0,26.699999,2024-03-26"
"70.18367346938776,18.68229642857143,98.78155357142857,65.21,34.0,35.545834,low,465.45834,476.53202125,3.9833333,8.925,63.041668,196.0,451.0,23.491666999999996,2024-03-27"
"69.72151898734177,19.0176417721519,98.95978860759493,64.63,36.0,30.862501,low,684.0833,476.53202125,5.995833,20.5875,58.91666800000001,158.0,452.0,19.970833,2024-03-28"
"68.72435897435898,18.93530576923077,98.8230185897436,64.08,34.0,34.454166,low,520.2083,476.53202125,3.8625,12.7375,68.958336,156.0,453.0,22.129166,2024-03-29"
"69.62,18.832364,98.871662,62.98,40.0,46.808334,moderate,769.3333,476.53202125,6.120833,22.233332,60.291668,50.0,454.0,29.670832,2024-03-30"
"70.56896551724138,18.934163793103448,98.85979137931035,65.21,35.0,51.379166,moderate,630.875,476.53202125,5.0750003,13.849999,73.791664,58.0,455.0,31.616667,2024-03-31"
"70.65652173913044,18.9872658008658,98.92192813852814,66.34,37.0,48.208332,moderate,669.7917,476.53202125,5.070833,14.662499,71.041664,231.0,456.0,30.0625,2024-04-01"
"69.94827586206897,18.852233620689656,98.84616939655173,67.6,39.0,41.808334,moderate,661.4167,476.53202125,4.9583335,13.279167,75.291664,232.0,457.0,26.833334,2024-04-02"
"70.2189349112426,18.58299171597633,98.77179644970414,66.94,37.0,62.41250200000001,high,679.0,476.53202125,4.9375,12.849999,79.416664,169.0,458.0,39.345833,2024-04-03"
"70.41216216216216,18.921363333333332,98.92934866666667,69.06,44.0,44.575,moderate,717.7083,476.53202125,5.5125003,16.391666,74.875,150.0,459.0,28.574999000000002,2024-04-04"
"70.92893401015229,18.886781218274113,98.87493959390864,70.36,38.0,55.245834,moderate,652.4167,476.53202125,5.15,12.829166,81.375,197.0,460.0,35.370834,2024-04-05"
"73.6923076923077,18.762751923076923,98.82831153846155,70.75,41.0,59.837498,high,604.5417,476.53202125,4.1291666,9.925,81.875,52.0,461.0,38.229168,2024-04-06"
"70.81395348837209,18.979723255813955,98.84950697674418,72.43,42.0,50.416668,moderate,610.5417,476.53202125,4.0916667,10.55,82.458336,43.0,462.0,32.545834,2024-04-07"
"69.18461538461538,18.853476923076926,98.90284153846153,73.0,50.0,57.808334,high,689.75,476.53202125,5.2291665,15.154167,73.541664,65.0,463.0,38.220833,2024-04-08"
"68.42307692307692,18.913316153846154,98.8794053846154,72.59,32.0,54.795834,moderate,723.75,476.53202125,4.8416667,13.162499,82.5,260.0,464.0,36.649998,2024-04-09"
"71.4,18.647499431818183,98.79101761363637,71.83,31.0,67.270836,high,683.0,476.53202125,6.9541664,11.441667,82.0,176.0,465.0,45.808334,2024-04-10"
"71.31914893617021,19.048989893617023,98.97371010638297,66.42,64.0,50.5,moderate,760.4583,476.53202125,4.945833,17.608334,78.375,188.0,466.0,34.725002,2024-04-11"
"69.85714285714286,19.04752207792208,98.919,63.59,62.0,49.645832,moderate,602.6667,476.53202125,2.8416665,8.145833,78.666664,77.0,467.0,33.975002,2024-04-12"
"72.11111111111111,18.826016666666664,98.85938055555556,68.05,59.0,43.325,moderate,647.5,476.53202125,2.9958334,11.025001,67.333336,36.0,468.0,29.391665000000003,2024-04-13"
"68.36170212765957,18.859444680851066,98.7752085106383,68.11,46.0,39.379166,moderate,685.5417,476.53202125,3.3041668,11.9875,77.208336,47.0,469.0,26.775,2024-04-14"
"69.62295081967213,18.847577049180327,98.86009344262294,71.24,38.0,40.783333,moderate,786.0417,476.53202125,5.0875,16.074999,68.416664,61.0,470.0,27.754166,2024-04-15"
"70.31914893617021,18.80423404255319,98.81048936170212,70.59,42.0,35.662502,low,581.9167,476.53202125,3.125,10.3875,67.916664,47.0,471.0,23.7875,2024-04-16"
"69.47560975609755,18.779319512195123,98.84667987804877,68.27,44.0,32.045834,low,564.9583,476.53202125,3.1625001000000004,10.841667,63.958332,164.0,472.0,21.0375,2024-04-17"
"71.17816091954023,19.05495747126437,98.97252586206896,68.31,41.0,47.120834,moderate,634.2083,476.53202125,4.4041667,15.008334,61.25,174.0,473.0,30.108332,2024-04-18"
"70.82485875706215,18.94120451977401,98.8648813559322,67.95,49.0,47.637499999999996,moderate,563.4167,476.53202125,3.8333333,12.141666000000003,58.541668,177.0,474.0,29.466667,2024-04-19"
"70.67105263157895,18.945217105263158,98.8546052631579,68.99,49.0,42.708332,moderate,575.1667,476.53202125,3.7833335,9.6125,71.125,76.0,475.0,26.7125,2024-04-20"
"69.6842105263158,18.810415789473684,98.82689736842106,69.44,50.0,33.920834,low,485.41666000000004,476.53202125,3.0625,10.079166,61.166668,38.0,476.0,20.791666,2024-04-21"
"69.22222222222223,19.091839642857146,98.92781357142856,70.34,44.0,42.825,moderate,468.125,476.53202125,3.3416665,8.9875,69.166664,280.0,477.0,25.9,2024-04-22"
"71.4192546583851,18.972293788819876,98.88980403726708,72.27,46.0,44.408337,moderate,561.1667,476.53202125,3.9208333,11.962501,65.708336,322.0,478.0,28.275,2024-04-23"
"70.31764705882352,18.63113567251462,98.7412321637427,72.28,46.0,36.370834,low,463.79166,476.53202125,2.9208333,8.675,67.916664,171.0,479.0,23.354166,2024-04-24"
"71.46031746031746,19.100933684210528,99.00538684210525,71.19,46.0,41.004166,moderate,564.3333,476.53202125,3.7625,14.912499000000002,54.5,190.0,480.0,26.1,2024-04-25"
"71.64827586206897,18.965323287671232,98.94326643835616,72.5,39.0,34.495834,low,462.125,476.53202125,2.7458334,9.779166,58.45833199999999,146.0,481.0,22.095833,2024-04-26"
"71.33333333333333,19.032815151515152,98.90220000000001,70.12,44.0,49.662502,moderate,544.3333,476.53202125,4.1124997,13.2375,65.583336,66.0,482.0,31.783333000000002,2024-04-27"
"68.15384615384616,18.834202564102565,98.85734871794872,71.62,44.0,49.045834,moderate,468.04166,476.53202125,3.2250001,8.929167,68.5,39.0,483.0,31.025,2024-04-28"
"72.33333333333333,18.99482777777778,98.93559444444443,72.25,49.0,39.87083,moderate,449.5,476.53202125,3.4958334,9.020833,63.125,270.0,484.0,25.154167,2024-04-29"
"69.98850574712644,18.909280916030536,98.88378893129772,72.99,44.0,38.341667,low,448.45834,476.53202125,4.2458334,9.595834,64.375,262.0,485.0,24.795832,2024-04-30"
"71.86624203821655,18.62382704402516,98.78169685534591,73.72,32.0,42.912502,moderate,539.4167,476.53202125,6.3458333,12.295834,66.958336,159.0,486.0,28.258333,2024-05-01"
"72.3169014084507,18.896228169014083,98.95044718309859,72.43,48.0,54.004166,moderate,392.41666,476.53202125,3.9916668000000004,7.9458329999999995,60.541668,142.0,487.0,35.133335,2024-05-02"
"71.32085561497327,18.995336363636362,98.85100053475936,74.95,46.0,42.558334,moderate,595.4583,476.53202125,5.0333333,15.829166,57.833332,187.0,488.0,28.379166,2024-05-03"
"70.66666666666667,18.74959743589744,98.83456666666666,70.68,45.0,39.308334,moderate,490.04166,476.53202125,3.3999999,10.7625,65.25,39.0,489.0,25.7875,2024-05-04"
"69.8,19.00276181818182,98.91311272727273,69.94,48.0,34.345833,low,493.0,476.53202125,3.6041667,11.941667,68.208336,55.0,490.0,22.2125,2024-05-05"
"68.83870967741936,18.801083870967744,98.86946612903226,69.62,42.0,44.9375,moderate,600.4583,476.53202125,4.1,16.65,66.375,62.0,491.0,28.129166,2024-05-06"
"70.48805460750853,18.837323890784983,98.85558600682593,70.36,47.0,53.825,moderate,456.41666,476.53202125,3.9500000000000006,7.762500299999999,77.041664,293.0,492.0,35.329166,2024-05-07"
"69.7860696517413,18.63490447761194,98.77033084577116,69.42,46.0,50.4375,moderate,508.25,476.53202125,3.9375,11.05,69.375,201.0,493.0,33.529167,2024-05-08"
"71.26339285714286,19.170977232142857,99.02740267857143,68.2,52.0,40.445835,moderate,375.25,476.53202125,2.8791666,5.775,78.625,224.0,494.0,26.920832,2024-05-09"
"72.26315789473684,18.86364912280702,98.83901228070175,68.9,61.0,34.075,low,483.375,476.53202125,3.8374999,11.145833,66.083336,57.0,495.0,23.204167999999996,2024-05-10"
"68.82608695652173,18.849202898550725,98.84657246376813,64.09,82.0,32.1125,low,558.0833,476.53202125,4.4041667,14.095833,60.291668,69.0,496.0,21.987501,2024-05-11"
"69.59375,18.999059375,98.9209125,66.65,69.0,26.304167,low,521.8333,476.53202125,4.2708335,14.041667,58.416668,32.0,497.0,18.2125,2024-05-12"
"70.2914979757085,18.993836842105264,98.96440485829959,66.61,67.0,34.783333,low,494.83334,476.53202125,3.4624999,11.408333,57.583332,247.0,498.0,23.720833,2024-05-13"
"70.16465863453816,18.918645381526105,98.86449919678715,68.4,71.0,27.487501,low,571.5833,476.53202125,4.454167,14.183333,66.75,249.0,499.0,18.808332,2024-05-14"
"69.96835443037975,18.587944936708862,98.75065696202532,68.54,69.0,30.908333000000002,low,738.8333,476.53202125,6.2083335,21.054167,53.66666800000001,158.0,500.0,21.4125,2024-05-15"
"69.49700598802396,19.04934011976048,98.9770862275449,66.25,75.0,37.883335,moderate,633.4583,476.53202125,6.7124999999999995,14.224999,82.083336,167.0,501.0,26.3125,2024-05-16"
"71.42483660130719,18.794447712418304,98.82597385620915,68.38,75.0,28.366667000000003,low,464.58333999999996,476.53202125,3.8708334,8.0125,68.833336,153.0,502.0,19.775,2024-05-17"
"73.30909090909091,18.794427272727273,98.82718,69.48,71.0,28.045832,low,814.125,476.53202125,6.741667,22.179167,47.375,55.0,503.0,19.516665999999997,2024-05-18"
"72.1639344262295,19.03496451612903,98.96791451612903,69.06,71.0,23.5875,low,500.45834,476.53202125,3.8208332,13.8125,56.833332,62.0,504.0,16.304167,2024-05-19"
"70.41176470588235,19.00720343137255,98.98374803921568,69.4,66.0,21.845833,low,436.91666,476.53202125,2.8999999,10.666667000000002,54.75,204.0,505.0,15.008334,2024-05-20"
"70.6875,18.97370367647059,98.89700330882353,68.0,75.0,17.645834,very low,461.25,476.53202125,4.5291667,8.966666,79.958336,272.0,506.0,12.337501,2024-05-21"
"68.57627118644068,18.769201694915257,98.76363559322034,67.28,74.0,21.258333,very low,651.375,476.53202125,5.3416667,17.658333,68.291664,59.0,507.0,14.875,2024-05-22"
"70.43103448275862,18.96008448275862,98.93945862068966,66.42,75.0,18.320833,very low,485.16666,476.53202125,4.766667,9.995833,79.375,174.0,508.0,12.8125,2024-05-23"
"71.97540983606558,19.03799590163934,98.96449590163934,67.19,77.0,8.870833,very low,352.625,476.53202125,6.0958333,10.183333,54.791668,122.0,509.0,6.2125,2024-05-24"
"68.3103448275862,18.786525862068967,98.82784310344827,66.07,84.0,9.416667,very low,370.41666,476.53202125,3.5791667,11.683333,36.166668,58.0,510.0,6.5750003,2024-05-25"
"69.37209302325581,18.833286046511628,98.85317674418604,65.17,85.0,8.679167,very low,312.45834,476.53202125,2.5458333,10.212501,30.625,43.0,511.0,6.045833,2024-05-26"
"71.25,19.065663519313304,98.92309957081545,65.93,81.0,10.633333,very low,432.16666,476.53202125,3.2250001,13.895833,28.416666,233.0,512.0,7.429167,2024-05-27"
"70.56470588235294,18.9497640625,98.899438671875,67.01,82.0,14.733334,very low,460.08334,476.53202125,3.3458335,13.658333,36.625,256.0,513.0,10.270833,2024-05-28"
"71.30978260869566,18.50867934782609,98.73126195652175,67.73,77.0,19.216667,very low,544.0,476.53202125,3.7083333,16.449999,37.375,184.0,514.0,13.408333,2024-05-29"
"70.84239130434783,18.97077663043478,98.93794891304348,68.2,76.0,23.633332999999997,low,536.4583,476.53202125,3.6125,14.945834000000001,44.875,184.0,515.0,15.604167,2024-05-30"
"71.75,18.966960135135135,98.89012432432432,69.8,73.0,36.787502,low,619.875,476.53202125,4.5208335,18.045834,62.041668,148.0,516.0,23.016668,2024-05-31"
"70.4,18.735660000000003,98.85290499999999,70.34,73.0,14.979167,very low,366.41666,476.53202125,2.7083333,9.941667,53.791668,40.0,517.0,9.983334,2024-06-01"
"66.43333333333334,18.766564516129034,98.88305483870967,68.74,76.0,12.966667,very low,402.5,476.53202125,3.6166668,13.416667,33.541668,31.0,518.0,9.058333,2024-06-02"
"67.57777777777778,18.893437777777777,98.87811333333333,66.63,78.0,14.791666999999999,very low,644.9583,476.53202125,5.2375,20.095835,31.333333999999997,45.0,519.0,10.4375,2024-06-03"
"70.41634241245136,18.818398832684824,98.84908132295719,66.56,74.0,20.254168,very low,657.3333,476.53202125,5.5791664,17.179167,37.708332,257.0,520.0,14.008334,2024-06-04"
"71.08333333333333,18.55640357142857,98.74739761904762,66.72,77.0,22.929167,low,475.20834,476.53202125,3.7291667,13.962501,44.0,168.0,521.0,15.3,2024-06-05"
"69.73643410852713,19.035263846153846,98.94459153846154,66.81,78.0,13.658333,very low,432.625,476.53202125,3.3791666,12.808333,38.75,130.0,522.0,9.599999,2024-06-06"
"71.44827586206897,18.974215172413793,98.91082068965517,67.15,74.0,14.966667,very low,510.16666,476.53202125,3.7625,14.849999,40.833332,145.0,523.0,10.566667,2024-06-07"
"72.16,18.803876,98.86778399999999,68.02,75.0,20.995832,very low,736.5833,476.53202125,6.6875,23.345833,47.166668,50.0,524.0,14.508334,2024-06-08"
"68.5952380952381,18.823490476190475,98.90596904761904,68.0,75.0,21.620834,very low,395.41666,476.53202125,3.2041666999999996,9.183333,62.083332000000006,42.0,525.0,13.783333,2024-06-09"
"71.15023474178403,19.069460280373832,98.97556355140186,68.54,76.0,17.795834,very low,435.375,476.53202125,4.883333,10.316667,65.583336,214.0,526.0,12.416667,2024-06-10"
"71.72820512820513,18.847366153846156,98.86676358974358,67.86,76.0,10.029166,very low,307.08334,476.53202125,2.5416667,9.566667,35.75,195.0,527.0,7.058333,2024-06-11"
"70.875,18.57235773809524,98.73810714285715,66.97,75.0,9.587501,very low,389.0,476.53202125,2.6583333,11.5125,39.25,168.0,528.0,6.766666400000001,2024-06-12"
"71.1006711409396,19.02774697986577,98.98524630872483,65.68,79.0,10.2375,very low,347.0,476.53202125,2.5833333,10.729167,34.583332,149.0,529.0,7.129167000000001,2024-06-13"
"72.64661654135338,19.013005263157893,98.92338796992482,66.81,79.0,8.933333,very low,387.66666,476.53202125,2.6583333,11.258334,34.75,133.0,530.0,6.2374997,2024-06-14"
"70.45238095238095,18.87754761904762,98.87549999999999,67.14,77.0,21.545832,very low,833.0417,476.53202125,6.695833,25.645833999999997,44.583332,42.0,531.0,14.933333,2024-06-15"
"63.92307692307692,18.787596153846156,98.82071923076924,68.05,74.0,19.770834,very low,812.2083,476.53202125,5.7208333,22.233332,41.625,52.0,532.0,13.845833,2024-06-16"
"70.69958847736625,19.000404938271604,98.97414485596707,67.82,77.0,16.495832,very low,595.9167,476.53202125,4.3791666,16.916666,42.125,243.0,533.0,11.516666,2024-06-17"
"71.78099173553719,18.93694545454545,98.89750165289256,67.62,74.0,13.695834,very low,538.4583,476.53202125,4.025,12.766666,41.25,242.0,534.0,9.3,2024-06-18"
"70.02112676056338,18.582541958041958,98.78578041958042,66.97,75.0,13.1875,very low,413.33334,476.53202125,3.3999999,11.629167,37.958332,143.0,535.0,9.283334,2024-06-19"
"69.92638036809817,19.02631226993865,98.9755036809816,66.56,76.0,11.641666,very low,490.5,476.53202125,3.7416668,13.708333,31.666666,163.0,536.0,8.145833,2024-06-20"
"71.18079096045197,18.931730898876406,98.88410674157304,68.0,75.0,16.704166,very low,488.625,476.53202125,3.3125,12.983333999999997,40.541668,178.0,537.0,11.724999,2024-06-21"
"71.55555555555556,18.871172222222224,98.88926388888889,67.32,79.0,20.933332,very low,533.0417,476.53202125,3.6083333,14.512499999999998,48.0,36.0,538.0,14.491666,2024-06-22"
"70.57777777777778,19.05873111111111,98.9442111111111,68.56,75.0,20.375,very low,455.08334,476.53202125,3.5666666,13.033333,46.708332000000006,45.0,539.0,14.308332999999998,2024-06-23"
"71.64388489208633,19.11111582733813,98.91036294964029,68.02,78.0,18.300001,very low,462.91666,476.53202125,3.8999999,14.154167,38.083332,278.0,540.0,12.875,2024-06-24"
"69.27368421052631,18.956962456140353,98.89417438596492,66.42,81.0,19.470833,very low,371.875,476.53202125,4.0208335,10.466666,51.708332,285.0,541.0,13.691667,2024-06-25"
"71.36627906976744,18.690337790697676,98.76767034883721,67.15,79.0,11.150001,very low,378.5,476.53202125,4.2083335,13.341666,32.958332,172.0,542.0,7.8208329999999995,2024-06-26"
"70.12422360248448,18.987337037037037,98.95478827160494,65.5,82.0,11.345833,very low,406.70834,476.53202125,3.2708333,13.920834,30.0,162.0,543.0,7.920833599999999,2024-06-27"
"69.74825174825175,19.09581118881119,98.95397342657343,66.42,77.0,17.270834,very low,515.5,476.53202125,4.1375003,16.925001,33.416668,143.0,544.0,12.170834,2024-06-28"
"71.91111111111111,18.754268888888888,98.86648222222223,66.25,80.0,12.966667,very low,368.79166,476.53202125,3.1958332000000005,11.845833,34.541668,45.0,545.0,9.166667,2024-06-29"
"72.02325581395348,18.83174418604651,98.81217441860464,67.35,79.0,13.304166000000002,very low,415.29166,476.53202125,2.9708335,12.404167000000001,31.291666,43.0,546.0,9.25,2024-06-30"
"69.73737373737374,19.04213282828283,98.93231818181818,66.02,80.0,11.991666,very low,464.9166599999999,476.53202125,4.1041665,11.958333,29.083334,198.0,547.0,8.224999,2024-07-01"
"69.20353982300885,18.888821145374447,98.86739823788545,65.84,72.0,17.116667,very low,615.4583,476.53202125,5.495833,16.845833,31.583334000000004,227.0,548.0,11.583332999999998,2024-07-02"
"70.24161073825503,18.588695333333334,98.795914,66.0,73.0,12.958333,very low,338.75,476.53202125,3.0791667,11.087501,34.375,150.0,549.0,8.766666,2024-07-03"
"68.71686746987952,18.976952409638557,98.94837530120482,66.43,81.0,16.354166,very low,415.20834,476.53202125,4.4083333,14.258334,40.333332,166.0,550.0,11.420834,2024-07-04"
"70.14285714285714,18.958987362637362,98.86963901098902,66.27,81.0,18.416666,very low,420.125,476.53202125,3.7749999000000005,12.820834,44.166668,182.0,551.0,12.891666,2024-07-05"
"73.51923076923077,18.670425,98.80060384615385,66.76,78.0,15.029167,very low,361.875,476.53202125,3.1875,10.925,44.708332,52.0,552.0,10.5,2024-07-06"
"67.59615384615384,18.897584615384616,98.90008653846154,65.7,81.0,11.283333,very low,349.54166,476.53202125,3.3333333,10.9375,45.875,52.0,553.0,7.9208336,2024-07-07"
"70.70103092783505,18.95891907216495,98.94460206185566,67.01,77.0,11.587501000000001,very low,332.83334,476.53202125,2.5041666,10.8875,35.875,194.0,554.0,8.170834,2024-07-08"
"68.61711711711712,18.818545739910316,98.84818430493274,67.37,76.0,20.979166,very low,528.9167,476.53202125,4.3458333,17.020834,36.416668,223.0,555.0,14.854167,2024-07-09"
"70.92592592592592,18.610044444444444,98.77234629629629,66.92,76.0,20.362501,very low,520.875,476.53202125,4.133333,15.662499,39.916668,162.0,556.0,14.370832999999998,2024-07-10"
"70.46198830409357,18.983732558139536,98.94778081395349,68.0,75.0,16.775,very low,618.7083,476.53202125,5.875,18.112501,35.041668,172.0,557.0,11.712501,2024-07-11"
"69.6076923076923,18.93758244274809,98.81913587786259,66.56,73.0,16.5625,very low,692.375,476.53202125,6.7791667,20.875,30.083334,131.0,558.0,11.712501,2024-07-12"
"72.19148936170212,18.8262085106383,98.87855957446808,66.76,75.0,14.183333,very low,413.25,476.53202125,3.7458334000000004,14.25,34.916668,47.0,559.0,9.9875,2024-07-13"
"67.6938775510204,18.83918979591837,98.87580204081634,67.82,76.0,14.833333,very low,597.5,476.53202125,5.3083334,17.108334,38.333332,49.0,560.0,10.454166,2024-07-14"
"71.08171206225681,19.018661478599224,98.98750116731517,67.14,74.0,18.4125,very low,569.7083,476.53202125,4.4500003,17.0375,41.291668,257.0,561.0,12.979167,2024-07-15"
"70.54298642533936,18.89771674208145,98.88277330316743,66.76,76.0,15.354167,very low,467.08334,476.53202125,4.0,14.720833,40.208332,221.0,562.0,10.770833,2024-07-16"
"71.08917197452229,18.577814012738855,98.7436127388535,68.18,77.0,22.591667,low,637.3333,476.53202125,7.270833499999999,21.254168,52.291667999999994,157.0,563.0,15.820834,2024-07-17"
"70.01136363636364,19.078057954545457,99.01619261363636,67.01,77.0,17.570833,very low,508.5,476.53202125,5.116667,17.166666,38.708332,176.0,564.0,12.316667,2024-07-18"
"71.81065088757397,19.062795857988167,98.87551065088756,66.61,78.0,14.375,very low,507.70833999999996,476.53202125,4.0625,15.720832999999999,31.875,169.0,565.0,10.083333,2024-07-19"
"70.74074074074075,18.815377777777776,98.87968518518518,66.25,80.0,12.645832999999998,very low,403.125,476.53202125,3.5874999,13.545834,33.5,54.0,566.0,8.875,2024-07-20"
"69.34210526315789,18.917849999999998,98.93037894736842,66.4,78.0,13.154167,very low,547.7083,476.53202125,4.3958335,16.845835,34.625,38.0,567.0,9.204166,2024-07-21"
"67.63636363636364,19.044534090909092,98.9072909090909,65.89,77.0,15.158333,very low,521.375,476.53202125,4.4791665,15.854167,35.0,44.0,568.0,10.620833,2024-07-22"
"71.27160493827161,18.880532510288067,98.88238683127571,65.05,78.0,12.654167,very low,588.5,476.53202125,4.545833,14.4375,31.416666,243.0,569.0,8.841666,2024-07-23"
"71.59574468085107,18.634022340425535,98.75072287234043,66.38,77.0,12.133334,very low,432.91666,476.53202125,3.3666668,13.0125,38.166668,188.0,570.0,8.454166,2024-07-24"
"70.34502923976608,19.085547398843932,98.99862138728324,66.96,78.0,6.950000299999999,very low,326.375,476.53202125,2.5833333,10.541667,34.583332,173.0,571.0,4.8624997,2024-07-25"
"70.56172839506173,19.081615432098765,98.9361061728395,66.15,81.0,8.704166,very low,329.75,476.53202125,2.7333333,10.491667,37.0,162.0,572.0,6.0958333,2024-07-26"
"67.66666666666667,18.806654901960783,98.85162156862745,64.72,84.0,10.05,very low,352.625,476.53202125,2.8958333000000005,11.716666999999998,33.041668,51.0,573.0,7.041666499999999,2024-07-27"
"66.04347826086956,18.947346808510638,98.92911914893617,65.89,79.0,9.629167,very low,338.66666,476.53202125,2.8208332,11.325,36.166668,47.0,574.0,6.754167,2024-07-28"
"67.55555555555556,18.674475555555556,98.77698666666666,65.8,80.0,11.354167,very low,376.41666,476.53202125,3.2124999,12.925,28.166666000000003,45.0,575.0,7.9708333,2024-07-29"
"70.37543859649122,18.911791228070175,98.8650898245614,65.57,79.0,10.541667,very low,384.54166,476.53202125,3.4375,13.454166,26.833334,285.0,576.0,7.245833,2024-07-30"
"71.68098159509202,18.588717791411046,98.75210061349694,65.44,79.0,8.912499,very low,314.41666,476.53202125,2.4708333,9.695833,33.041668,163.0,577.0,6.2666664,2024-07-31"
"70.08035714285714,19.03371946902655,99.00538230088496,64.67,82.0,8.05,very low,408.16666,476.53202125,3.3166666,13.808333,22.166666,113.0,578.0,5.6458335,2024-08-01"
"70.92903225806451,18.987170967741935,98.8891535483871,63.41,83.0,12.029167,very low,551.2083,476.53202125,4.2374997,17.658333,24.25,155.0,579.0,8.408334,2024-08-02"
"69.125,18.752618055555555,98.81724583333333,63.72999999999999,82.0,14.754167000000002,very low,485.0,476.53202125,3.9916667999999995,14.133334,30.166666000000003,72.0,580.0,10.379167,2024-08-03"
"70.01587301587301,18.91753333333333,98.87301587301587,65.17,78.0,15.141666,very low,424.25,476.53202125,3.1458333,12.875,36.166668,63.0,581.0,10.6125,2024-08-04"
"71.02304147465438,19.06504449541284,98.96668394495413,65.52,78.0,16.245832,very low,440.16666,476.53202125,3.7291667000000004,14.441667,35.25,218.0,582.0,11.474999,2024-08-05"
"69.64978902953587,18.8711194092827,98.87684978902954,65.79,78.0,17.258333,very low,457.45834,476.53202125,4.4083333,15.141666,36.541668,237.0,583.0,12.345833,2024-08-06"
"70.70625,18.540950000000002,98.740605625,65.73,79.0,18.199999,very low,473.83334,476.53202125,4.1875,15.587501,35.625,160.0,584.0,13.208333,2024-08-07"
"69.4478527607362,19.072173780487805,98.98245670731707,65.48,79.0,23.2125,low,873.0833,476.53202125,7.866667,23.025,32.375,164.0,585.0,16.645834,2024-08-08"
"71.40277777777777,18.984297931034483,98.86930137931036,65.28,77.0,21.695833,low,673.125,476.53202125,5.6875,16.316668,36.041668,145.0,586.0,15.3,2024-08-09"
"68.6,18.771552727272727,98.89457454545455,66.38,77.0,17.066668,very low,607.2083,476.53202125,5.616667,14.016666,32.041668,55.0,587.0,11.912499,2024-08-10"
"71.66666666666667,18.925246153846153,98.89381923076924,66.96,74.0,19.770834,very low,720.9583,476.53202125,6.4916670000000005,16.720833,29.416666,52.0,588.0,13.583333,2024-08-11"
"70.4,18.873075,98.8472,67.89,75.0,24.7125,low,609.75,476.53202125,5.6416664,20.45,31.375,40.0,589.0,17.487501,2024-08-12"
"70.82089552238806,18.985001119402984,98.91490447761194,65.89,78.0,16.783333,very low,572.625,476.53202125,4.9166665,19.275,30.541666,268.0,590.0,11.820834,2024-08-13"
"73.30635838150289,18.55002716763006,98.71713988439306,65.3,75.0,17.137499,very low,570.0417,476.53202125,4.65,17.166666,32.041668,173.0,591.0,12.016665999999999,2024-08-14"
"68.95402298850574,19.023321714285714,98.97870114285715,66.22,77.0,17.85,very low,568.25,476.53202125,4.358333,15.295834000000001,24.958334,175.0,592.0,12.720832999999999,2024-08-15"
"69.09655172413792,18.933863448275865,98.90646,67.28,77.0,17.4625,very low,527.2083,476.53202125,4.6583333,17.808332,29.958333999999997,145.0,593.0,12.304166,2024-08-16"
"67.45,18.806505,98.86890500000001,65.41,84.0,16.570833,very low,500.54166,476.53202125,4.3958335,16.520834,32.875,40.0,594.0,11.666667,2024-08-17"
"70.14285714285714,18.810101754385965,98.87802105263158,65.71,82.0,14.175,very low,486.0,476.53202125,4.25,17.012499,28.583334,57.0,595.0,9.920834,2024-08-18"
"70.93032786885246,19.002409016393443,98.97068237704917,66.24,82.0,19.658335,very low,625.375,476.53202125,5.5208335,19.283333,33.25,244.0,596.0,13.787499,2024-08-19"
"70.27091633466135,18.957820717131476,98.91065019920319,66.56,79.0,23.391668,low,679.5833,476.53202125,5.9125,22.429167,31.416666,251.0,597.0,16.429167,2024-08-20"
"70.06285714285714,18.537316571428573,98.74630857142857,65.84,76.0,17.625,very low,784.375,476.53202125,6.9125,26.795832,19.125,175.0,598.0,12.354167,2024-08-21"
"69.94117647058823,19.014045882352942,98.97230764705883,65.01,82.0,13.6125,very low,423.2916599999999,476.53202125,3.8083334000000004,14.05,27.833334000000004,170.0,599.0,9.570833,2024-08-22"
"71.19653179190752,19.001901156069366,98.94847052023121,64.78,82.0,13.162499000000002,very low,495.29166,476.53202125,4.1749997,14.875,21.416666,173.0,600.0,9.229167,2024-08-23"
"66.5,19.093768852459018,98.93989180327868,64.27,83.0,15.412499,very low,531.2083,476.53202125,4.5125003,18.204166,31.125,61.0,601.0,10.808333,2024-08-24"
"68.53225806451613,19.016924193548384,98.94683064516128,64.8,78.0,20.595835,very low,747.875,476.53202125,6.995833,21.800001,28.833334,62.0,602.0,14.429168,2024-08-25"
"69.7551867219917,19.06100781893004,98.93266995884774,64.29,82.0,20.550001,very low,679.75,476.53202125,5.875,23.258333,30.583334,243.0,603.0,14.516666,2024-08-26"
"70.35564853556485,18.97451161825726,98.89108298755187,64.99,79.0,21.5875,low,568.6667,476.53202125,5.554167,18.816668,39.666668,241.0,604.0,15.212501,2024-08-27"
"71.30373831775701,18.54647069767442,98.7201958139535,63.79,83.0,16.487501,very low,484.5,476.53202125,4.295833,15.712501,34.833332,215.0,605.0,11.616666000000002,2024-08-28"
"70.07471264367815,19.009399425287356,98.96129310344827,64.13,79.0,15.75,very low,438.75,476.53202125,4.1041665,15.629167,30.125,174.0,606.0,11.091667,2024-08-29"
"69.68888888888888,18.998113333333336,98.86886777777778,64.11,82.0,17.258333,very low,546.4583,476.53202125,4.1458335,16.695833,35.5,180.0,607.0,12.045833999999997,2024-08-30"
"70.8695652173913,18.939221739130435,98.88373695652173,65.46,76.0,18.8625,very low,587.375,476.53202125,4.920833,18.629168,39.291668,46.0,608.0,13.158333,2024-08-31"
"65.57692307692308,18.624120754716984,98.74304528301887,66.88,76.0,23.570833,low,653.0,476.53202125,5.837500000000001,23.0625,44.666668,53.0,609.0,16.520834,2024-09-01"
"69.45161290322581,18.948258288770056,98.90441390374332,65.07,81.0,29.133333,low,737.7083,476.53202125,5.258333,19.008333,56.541668,187.0,610.0,20.387499,2024-09-02"
"67.67632850241546,18.888106280193238,98.8849188405797,66.0,77.0,29.462499999999995,low,686.7917,476.53202125,5.529166700000001,20.058332,61.5,207.0,611.0,20.583334,2024-09-03"
"71.6243654822335,18.596356281407036,98.72222412060302,66.07,70.0,22.658333000000002,low,732.2083,476.53202125,5.879167,21.029166999999998,57.333332,199.0,612.0,15.825,2024-09-04"
"65.51748251748252,18.880758620689654,98.93876620689656,67.1,75.0,16.745832,very low,550.2083,476.53202125,3.9166667,16.875,37.625,145.0,613.0,11.724999,2024-09-05"
"70.73015873015873,18.80299312169312,98.76604021164022,66.99,76.0,18.033333,very low,581.75,476.53202125,4.733333,15.412499,38.833332,189.0,614.0,12.691667000000002,2024-09-06"
"72.40350877192982,18.984275438596494,98.91508771929824,66.38,75.0,11.787499000000002,very low,421.79166,476.53202125,3.6958332,13.587500999999998,41.833332,57.0,615.0,8.220834,2024-09-07"
"69.55737704918033,19.009414754098362,98.8501180327869,67.44,74.0,11.291667,very low,479.79166,476.53202125,4.045833,14.9375,34.833332,61.0,616.0,7.9083333,2024-09-08"
"70.5409090909091,19.000337104072397,98.96050995475113,67.12,77.0,12.070832,very low,468.25,476.53202125,3.9375,15.179166,29.25,221.0,617.0,8.462501,2024-09-09"
"69.4602510460251,18.854623333333333,98.86028291666666,65.23,79.0,7.625,very low,388.625,476.53202125,3.0833333,13.079166000000003,21.958334,240.0,618.0,5.3375,2024-09-10"
"70.69186046511628,18.518918604651162,98.72433488372094,64.54,79.0,10.212501,very low,403.91666,476.53202125,3.5541668,14.070833999999998,25.208334,172.0,619.0,7.1625000000000005,2024-09-11"
"67.27918781725889,18.998331155778892,98.99720100502512,63.43,78.0,14.970833,very low,527.8333,476.53202125,4.554167,18.550001,32.125,199.0,620.0,10.416667,2024-09-12"
"71.875,19.05538125,98.86396406249999,63.59,83.0,19.029167,very low,713.4582999999999,476.53202125,5.962500000000001,19.504168,33.791668,192.0,621.0,13.0625,2024-09-13"
"72.40816326530613,19.065004081632654,98.95864285714286,64.98,76.0,24.620834,low,714.5417,476.53202125,4.9874997,21.995834,35.125,49.0,622.0,17.15,2024-09-14"
"68.15789473684211,18.941926315789477,98.89291842105263,66.0,74.0,24.975,low,749.5833,476.53202125,5.5875,19.387499,37.833332,38.0,623.0,17.429167,2024-09-15"
"70.40217391304348,19.164608695652174,99.00547445652174,65.52,73.0,26.762499,low,760.125,476.53202125,4.5333333,20.070833,42.458332,184.0,624.0,18.408333,2024-09-16"
"69.00366300366301,19.013073260073263,98.91991098901099,66.45,75.0,27.195833,low,786.6667,476.53202125,5.8416667,22.991667,53.0,273.0,625.0,19.025,2024-09-17"
"71.52760736196319,18.555036809815952,98.76088282208589,67.05,74.0,32.0125,low,891.625,476.53202125,6.9249997,26.099998,65.708336,163.0,626.0,22.316666,2024-09-18"
"69.33333333333333,18.972163095238095,98.94582202380951,65.08,76.0,29.954168,low,861.2917,476.53202125,6.808333,26.495834,59.25,168.0,627.0,20.783333,2024-09-19"
"70.73557692307692,18.868413942307694,98.8089625,67.89,69.0,38.854168,moderate,974.375,476.53202125,8.3,28.570833,69.083336,208.0,628.0,27.016668,2024-09-20"
"71.11864406779661,18.9778,98.97959491525422,66.45,75.0,24.512499,low,540.625,476.53202125,4.3708334,13.645833,60.5,59.0,629.0,17.0375,2024-09-21"
"66.89285714285714,18.938333333333336,98.93380701754386,66.27,77.0,22.237501,low,575.7082999999999,476.53202125,5.2791667,15.129167,65.75,57.0,630.0,15.554166000000002,2024-09-22"
"70.27053140096618,19.22436923076923,98.95798076923076,66.22,78.0,18.820833,very low,648.8333,476.53202125,6.0208335,21.466667000000005,35.958332,208.0,631.0,13.175,2024-09-23"
"70.72294372294373,18.95424267241379,98.88748362068965,64.27,76.0,16.425001,very low,470.58334,476.53202125,4.2625003,14.287499,40.041668,232.0,632.0,11.491665999999999,2024-09-24"
"70.5072463768116,18.650798086124404,98.7195052631579,63.790000000000006,82.0,16.429167,very low,511.5416599999999,476.53202125,4.7458334,16.604166,22.875,209.0,633.0,11.495833,2024-09-25"
"68.13861386138613,19.03079362745098,98.9176455882353,63.09,75.0,16.716665,very low,455.04166,476.53202125,4.7374997,16.566668,41.04166800000001,204.0,634.0,11.745833,2024-09-26"
"69.01694915254237,19.056409604519775,98.9512548022599,63.79,79.0,34.508335,low,1030.3334,476.53202125,7.866666999999999,33.3125,43.916668,177.0,635.0,24.141668,2024-09-27"
"69.70149253731343,18.907823529411765,98.88445294117646,64.87,79.0,36.379166,moderate,951.75,476.53202125,7.0375,30.925000999999998,47.25,68.0,636.0,25.491667,2024-09-28"
"69.41509433962264,18.937925925925928,98.91281481481482,66.13,76.0,31.908333,low,800.5833,476.53202125,5.4708333,22.375,42.54166800000001,54.0,637.0,22.4,2024-09-29"
"70.875,19.08613125,98.99716442307691,66.97,77.0,24.716667000000005,low,700.25,476.53202125,5.75,21.5375,27.916666,208.0,638.0,17.395834,2024-09-30"
"68.7448559670782,18.889756967213113,98.8788143442623,67.21,79.0,17.754168,very low,491.625,476.53202125,5.7958336,14.570834,46.291668,244.0,639.0,12.5,2024-10-01"
"70.88990825688073,18.608331050228312,98.80245388127855,65.37,79.0,17.108334,very low,502.25,476.53202125,8.904166,15.241665999999999,56.125,219.0,640.0,12.0,2024-10-02"
"72.25925925925925,18.918803157894736,99.01879210526316,64.78,81.0,11.783333,very low,440.16666,476.53202125,7.9375,12.754166999999999,53.083332,190.0,641.0,8.254167,2024-10-03"
"71.63302752293578,19.086483105022833,98.93518538812785,64.09,85.0,19.745832,very low,767.6667,476.53202125,8.4375,23.425001,45.416668,219.0,642.0,13.816667,2024-10-04"
"71.83870967741936,18.89039365079365,98.87573015873016,63.41,84.0,26.591667,low,788.8333,476.53202125,8.520833,26.475,59.208332,63.0,643.0,18.566668,2024-10-05"
"70.6056338028169,18.881933333333333,98.89440416666667,64.47,75.0,39.079166,moderate,764.5,476.53202125,11.75,21.966667,89.416664,72.0,644.0,27.233332,2024-10-06"
"69.70652173913044,19.051293548387097,98.95814659498208,65.01,69.0,45.158337,moderate,763.875,476.53202125,8.966666,17.4375,82.708336,279.0,645.0,31.416666000000003,2024-10-07"
"71.29629629629629,19.100156666666667,98.93281296296296,64.69,71.0,38.520832,moderate,1044.2084,476.53202125,11.8875,30.695833,65.458336,270.0,646.0,26.908333,2024-10-08"
"70.86973180076629,18.754908429118775,98.80642950191572,64.35,75.0,37.416668,moderate,758.9167,476.53202125,8.724999,19.9625,88.041664,261.0,647.0,26.058334,2024-10-09"
"69.3623188405797,18.89970625,98.9444735576923,64.81,71.0,35.358334,low,769.875,476.53202125,6.8958335,19.116667,81.041664,208.0,648.0,24.641668,2024-10-10"
"70.53846153846153,19.176593721973095,98.95475829596413,63.75,78.0,31.4625,low,691.1667,476.53202125,5.241667,16.716667,69.958336,223.0,649.0,21.866667000000003,2024-10-11"
"68.93827160493827,19.030157317073172,98.91764146341464,63.64000000000001,76.0,50.704166,moderate,1041.9584,476.53202125,9.8625,27.958334,75.041664,82.0,650.0,35.254166,2024-10-12"
"69.92134831460675,18.807440449438204,98.86219325842698,64.71,73.0,42.712498,moderate,852.7083,476.53202125,9.220834,19.879168,77.833336,89.0,651.0,29.5375,2024-10-13"
"72.13414634146342,18.819024096385544,98.87953493975905,63.84,78.0,28.104166,low,708.4167,476.53202125,5.5499997,17.958334,57.666668,83.0,652.0,19.545834,2024-10-14"
"70.51475409836065,18.992106229508195,98.91150393442622,64.06,77.0,33.733334,low,821.625,476.53202125,4.866667,18.933332,64.375,305.0,653.0,23.508333,2024-10-15"
"71.89451476793249,18.5761194092827,98.78345189873419,64.53,76.0,29.195833,low,532.7083,476.53202125,4.0333333,9.9375,76.791664,237.0,654.0,20.266666,2024-10-16"
"68.68686868686869,18.988427638190956,98.96429849246232,64.8,76.0,30.358332,low,982.9167,476.53202125,8.479167,28.733332,53.916668,199.0,655.0,21.204166000000004,2024-10-17"
"71.65158371040724,19.14018914027149,98.99207285067874,64.92,73.0,30.091667,low,918.9167,476.53202125,7.129167,27.112501,63.666668,221.0,656.0,21.0375,2024-10-18"
"72.36111111111111,18.924518918918917,98.93970945945945,65.39,72.0,36.429165,moderate,931.9167,476.53202125,6.745833,24.449999,78.625,74.0,657.0,25.441666,2024-10-19"
"71.59016393442623,18.744808064516132,98.79450806451614,64.54,77.0,19.541666,very low,604.3333,476.53202125,5.4833336,17.183332,52.666668,62.0,658.0,13.633334,2024-10-20"
"72.02941176470588,19.016491666666663,98.97204041666667,63.52,78.0,23.925001,low,659.5417,476.53202125,5.758333000000001,20.233334,51.375,240.0,659.0,16.566668,2024-10-21"
"68.53153153153153,18.9717823880597,98.90967432835821,62.68999999999999,80.0,18.762499,very low,600.5833,476.53202125,4.9958334,16.945833,53.583332,335.0,660.0,13.058333,2024-10-22"
"67.3855421686747,18.95664642857143,98.90488571428571,63.5,78.0,28.979166000000003,low,948.2083,476.53202125,9.537499,28.949999,62.125,84.0,661.0,20.045834,2024-10-23"
"70.65727699530517,19.040250704225354,98.98216807511737,62.73,73.0,35.654167,low,1032.125,476.53202125,10.304167,30.9,64.875,213.0,662.0,24.708334,2024-10-24"
"71.38983050847457,19.154075141242938,98.99609548022599,63.66,77.0,26.395834,low,892.1667,476.53202125,6.125,23.650000000000002,53.25,177.0,663.0,18.387499,2024-10-25"
"68.77333333333333,18.90058051948052,98.91885324675324,64.56,72.0,22.616667,low,1833.5,530.125,6.0125003,19.745832,40.25,77.0,664.0,15.5625,2024-10-26"
"68.52272727272727,18.92415,98.93299318181818,66.02,71.0,19.316668,very low,1861.625,522.8333,3.8,14.933333,47.625,44.0,665.0,13.454166000000003,2024-10-27"
"70.72,19.056526294820717,98.8977513944223,66.18,72.0,22.15,low,935.875,501.66666,6.1375003,21.949999,54.625,251.0,666.0,15.404167,2024-10-28"
"69.67637540453075,19.090779421221864,98.9458189710611,64.96,78.0,28.283333,low,1974.0,512.8333,7.2333336,23.791666,45.875,311.0,667.0,19.695833,2024-10-29"
"70.63111111111111,18.652009734513275,98.78985353982301,64.56,74.0,37.308334,moderate,2200.0833,522.3333,7.9874997,26.279167,74.0,226.0,668.0,26.033333,2024-10-30"
"69.59036144578313,19.05499226190476,98.97804166666667,62.78000000000001,76.0,34.45,low,2344.125,539.4583,9.400001,29.895833999999997,55.416667999999994,168.0,669.0,23.995834,2024-10-31"
"71.47422680412372,19.05774871794872,98.90314410256411,63.82,62.0,33.866665,low,1869.4166,512.7917,7.2291665,28.862501,58.291668,195.0,670.0,23.508333,2024-11-01"
"69.90566037735849,18.94715849056604,98.86188113207547,64.44,65.0,27.362501,low,1638.7916,499.33334,5.8291664,15.316667,67.458336,53.0,671.0,19.070833,2024-11-02"
"70.67272727272727,19.06324107142857,98.9584607142857,62.55,75.0,33.008335,low,1451.125,492.54166,9.979167,27.154167,72.75,56.0,672.0,22.9625,2024-11-03"
"70.84761904761905,19.016131279620854,98.94333791469195,62.58,73.0,27.800001,low,1549.2916000000002,500.58334,9.145833,28.770834,63.0,211.0,673.0,19.233334,2024-11-04"
"69.95121951219512,19.06918269896194,98.93058615916955,60.10000000000001,72.0,22.295832,low,1095.125,483.91666000000004,4.3458333,14.741668,53.875,289.0,674.0,15.466667,2024-11-05"
"71.921875,18.6123421875,98.75053750000001,61.25,81.0,14.654167,very low,853.4167000000001,464.625,4.875,15.229166999999999,50.666667999999994,192.0,675.0,10.191667,2024-11-06"
"71.09036144578313,19.004312499999997,99.00454523809523,60.260000000000005,84.0,22.25,low,956.1667,466.45834,8.866667,13.537499,54.375,168.0,676.0,15.3125,2024-11-07"
"70.94520547945206,19.194449315068493,98.97401369863015,56.52,81.0,25.345833,low,929.25,472.54166,4.641667,13.445834000000001,40.833332,219.0,677.0,17.570833,2024-11-08"
"68.125,18.894680357142857,98.85085535714286,56.160000000000004,85.0,31.679167,low,1715.125,504.0,4.320833,14.529167,50.208332,56.0,678.0,21.725,2024-11-09"
"68.21052631578948,18.853635593220336,98.85023220338984,58.6,78.0,36.791668,moderate,1981.4584,516.2083,7.616667,26.9375,58.166668,59.0,679.0,25.379166,2024-11-10"
"71.39461883408072,19.172934529147984,99.02536457399103,60.91,70.0,36.195835,moderate,1843.6666,511.125,8.675,27.608332,71.416664,223.0,680.0,25.1625,2024-11-11"
"71.14901960784314,19.08258023255814,98.95951821705427,60.42,62.0,35.479168,moderate,1866.5834,505.45834,13.670834,38.495834,74.541664,258.0,681.0,30.362501,2024-11-12"
"69.83720930232558,18.626278703703704,98.75098981481482,61.52000000000001,68.0,29.574999,moderate,1807.3334,496.375,11.1375,32.720833,84.41666399999998,216.0,682.0,29.458334000000004,2024-11-13"
"69.27979274611398,19.01489689119171,98.96722331606217,61.86,71.0,23.9375,low,1696.5,495.625,11.662498999999999,31.637499,62.58333199999999,193.0,683.0,23.879166,2024-11-14"
"70.475,19.0699065,98.956968,62.89,76.0,18.699999,low,1333.5834,483.83334,10.820834,34.7375,57.125,200.0,684.0,18.370832,2024-11-15"
"70.24561403508773,18.84100338983051,98.84178644067796,61.3,78.0,22.3125,low,1352.5834,481.04166,11.191667,33.375,71.125,59.0,685.0,22.054167,2024-11-16"
"67.27868852459017,18.721264516129033,98.83182258064517,61.81,76.0,22.129166,low,1468.3334,468.125,11.608334,32.991665,76.541664,62.0,686.0,22.012499,2024-11-17"
"71.91517857142857,19.103624000000003,98.99342933333334,61.79,83.0,21.345833,low,1222.4166,480.54166,8.691667,25.016668,65.875,225.0,687.0,21.183332,2024-11-18"
"69.45307443365695,19.103824193548387,98.95717322580644,59.59,70.0,26.6,moderate,1236.4166,482.66666,12.020833,34.020832,73.416664,310.0,688.0,26.420832,2024-11-19"
"69.8974358974359,18.688261025641026,98.8118282051282,58.69,75.0,26.625,moderate,1561.875,493.25,13.391666,35.245834,72.125,195.0,689.0,26.479166,2024-11-20"
"69.32352941176471,19.081842028985506,99.00274251207729,59.14,70.0,27.345833,moderate,1455.4584,492.75,13.0,32.754166,81.541664,207.0,690.0,27.233332,2024-11-21"
"71.77941176470588,19.015355555555555,98.94051642512078,58.98,70.0,26.175001,moderate,1334.9584,481.20834,10.545834000000001,26.824999,84.875,207.0,691.0,26.095833,2024-11-22"
"72.8,18.887906060606063,98.8949393939394,57.79,72.0,22.4625,low,1435.2084,487.29166,10.483334,23.875,79.916664,66.0,692.0,22.366667,2024-11-23"
"69.80645161290323,18.9369,98.92738870967742,58.44,78.0,35.0625,moderate,1362.6666,490.0,18.9,41.25,83.416664,62.0,693.0,34.820835,2024-11-24"
"70.92883895131087,19.141405555555558,98.9436362962963,58.66,74.0,30.2125,moderate,1485.7084,490.04166,16.454166,37.100002,88.333336,270.0,694.0,29.987501,2024-11-25"
"69.07754010695187,19.14584,98.95435866666666,59.07,77.0,33.429165,moderate,1246.9166,478.58334,16.3375,37.133335,75.083336,375.0,695.0,33.037502,2024-11-26"
"71.28169014084507,18.664414953271027,98.77075747663551,60.33,78.0,25.449999,moderate,1298.5834,483.83333999999996,14.245833,32.837498,73.583336,214.0,696.0,25.108332,2024-11-27"
"68.56424581005587,18.952574033149173,98.94489226519337,59.45,78.0,20.970833,low,1042.25,477.2916599999999,12.912499,31.545832,70.791664,181.0,697.0,20.895834,2024-11-28"
"71.93975903614458,18.854209638554217,98.84509156626507,57.09,80.0,31.445833,moderate,1150.1666,486.08334,8.645833,23.904167,65.75,166.0,698.0,31.345833,2024-11-29"
"69.86206896551724,18.757549152542374,98.88466271186441,56.82,73.0,27.391668,moderate,1480.8334,489.41666,10.5,30.666666,64.916664,59.0,699.0,27.295832,2024-11-30"
"71.08196721311475,18.98058524590164,98.91985573770492,58.73,75.0,30.545832,moderate,1566.5416,487.0,13.733334,39.779167,81.666664,61.0,700.0,30.133333,2024-12-01"
"70.86138613861387,19.02699900990099,98.93748712871287,59.56,77.0,32.058334,moderate,1683.75,492.41666,18.166666,40.208332,85.125,202.0,701.0,31.791666,2024-12-02"
"69.49462365591398,18.92392258064516,98.87746093189965,60.529999999999994,80.0,28.254166,moderate,1585.625,489.9583400000001,16.945833,43.704166,84.0,279.0,702.0,28.137499,2024-12-03"
"70.2415458937198,18.69696095238095,98.80577238095239,61.38,79.0,35.0125,moderate,1572.4584000000002,490.16666,21.658333,47.983334,97.5,210.0,703.0,34.899998,2024-12-04"
"72.44615384615385,18.95130461538462,98.91667692307692,62.35,80.0,27.675001,moderate,1047.7084,478.125,11.2625,33.358334,55.75,65.0,704.0,27.5375,2024-12-05"
"70.10552763819095,18.956899,98.8536325,61.47,77.0,20.304167,low,1052.6666,472.16666,8.741667,27.329168,55.0,200.0,705.0,20.145834,2024-12-06"
"69.7936507936508,18.956540625,98.8874828125,59.45,83.0,31.816666,moderate,1165.6666,480.79166,14.808333,32.795834,74.833336,64.0,706.0,31.554167,2024-12-07"
"72.36065573770492,18.8092671875,98.88589375,60.24,79.0,33.575,moderate,1605.3334,498.25,20.333334,36.25,82.25,64.0,707.0,33.162502,2024-12-08"
"70.60975609756098,19.088106477732794,98.98627975708501,62.15,77.0,36.9875,moderate,1408.625,494.45834,12.9875,36.395832,68.333336,247.0,708.0,36.75,2024-12-09"
"71.12328767123287,18.73945205479452,98.80576164383562,60.90999999999999,76.0,28.6875,moderate,1381.5416,501.33334,12.7625,37.458332,72.0,73.0,709.0,28.579167999999996,2024-12-10"
"70.07075471698113,18.654980841121496,98.75202803738318,59.629999999999995,82.0,28.137499,moderate,1357.7084,490.20833999999996,12.229167,33.7375,77.416664,214.0,710.0,28.016668,2024-12-11"
"68.77619047619048,18.989899528301887,98.98225000000001,60.01,78.0,26.445833,moderate,1213.4584,488.625,12.208333,31.445833,91.041664,212.0,711.0,26.258333,2024-12-12"
"70.85492227979275,18.99730725388601,98.90142279792747,57.49,70.0,25.495834,moderate,1296.75,487.20834,15.7625,34.270832,80.208336,193.0,712.0,25.441666,2024-12-13"
"72.16071428571429,18.79321428571429,98.80684285714287,58.6,81.0,20.854166,low,1211.8334,478.95834,13.075,18.341667,74.375,56.0,713.0,20.829166000000004,2024-12-14"
"62.94736842105263,18.719187179487182,98.87280512820513,60.62,82.0,16.458334,low,927.7916999999999,470.25,9.470834,14.6875,52.25,39.0,714.0,16.429167,2024-12-15"
"69.76724137931035,18.966684978540773,98.95026652360515,58.08,77.0,23.525,low,1074.4166,476.08334,9.675,25.233332,50.583332,233.0,715.0,23.487501,2024-12-16"
"69.29768786127168,19.00620838150289,98.91614884393064,56.53,77.0,25.391668,moderate,1115.75,476.625,11.854167,31.9125,69.916664,346.0,716.0,25.366666999999996,2024-12-17"
"69.71891891891892,18.642357754010696,98.79524117647058,56.57,80.0,26.358332,moderate,1456.5,480.5,17.995832,32.241665,82.083336,187.0,717.0,26.358332,2024-12-18"
"67.72067039106145,19.00423661202186,98.98062240437159,56.62,79.0,33.995834,moderate,1472.25,485.875,20.275,35.920834,82.958336,183.0,718.0,33.954166,2024-12-19"
"73.5702479338843,18.95734918032787,98.93327704918033,56.05,84.0,34.675,moderate,1320.125,477.41666,20.308332,33.5625,88.208336,122.0,719.0,34.616665,2024-12-20"
"69.01785714285714,18.942264912280702,98.91549298245614,55.89,78.0,34.495834,moderate,1515.1665999999998,483.41666,18.708334,30.9,92.0,57.0,720.0,34.404167,2024-12-21"
"69.2156862745098,18.79449411764706,98.84547843137254,53.8,82.0,41.50833500000001,high,1694.75,483.75,18.137499,33.587498,88.66666399999998,51.0,721.0,41.337498,2024-12-22"
"71.47318611987382,19.0889953125,98.93655343750001,52.5,77.0,39.412502,high,1371.8334,483.45834,16.125,35.25,87.0,320.0,722.0,39.208332,2024-12-23"
"69.6120218579235,19.021655858310627,98.91638010899183,52.379999999999995,78.0,35.720833,moderate,1383.7084,486.0,13.933333,36.9875,83.208336,367.0,723.0,35.391666,2024-12-24"
"70.74766355140187,18.636548372093024,98.7892865116279,52.06999999999999,74.0,28.25,moderate,1513.2084,484.125,12.925,31.379166,89.16666400000001,215.0,724.0,27.854166000000003,2024-12-25"
"70.53645833333333,19.113031606217618,99.01401917098445,53.22,71.0,30.808334,moderate,1444.9583999999998,482.625,15.416667000000002,37.166668,91.75,193.0,725.0,30.204168000000003,2024-12-26"
"71.55288461538461,18.934129523809524,98.92930238095238,52.68,60.0,20.420834,low,1446.875,479.29166,12.529167000000001,31.479166,84.458336,210.0,726.0,20.3125,2024-12-27"
"72.35616438356165,18.88435945945946,98.85978783783784,53.04,73.0,19.541666,low,1213.5416,474.375,10.554167,27.941666,70.0,74.0,727.0,19.5,2024-12-28"
"65.15517241379311,18.81005593220339,98.80056440677966,54.14,76.0,30.175001,moderate,1396.3334,480.08334,16.670834,35.316666,84.375,59.0,728.0,30.170832,2024-12-29"
"69.91176470588235,19.041486764705883,98.91853088235294,56.48,73.0,33.475,moderate,1286.5,478.25,23.120834,40.820835,99.083336,68.0,729.0,33.475,2024-12-30"
"68.17910447761194,18.697280882352942,98.8600044117647,56.68,80.0,33.483334,moderate,1364.4166,486.25,23.295832,35.179165,95.541664,68.0,730.0,33.429165,2024-12-31"
"74.14285714285714,18.871226530612244,98.89277755102042,56.44,79.0,31.9625,moderate,1485.6666,484.625,20.166666,37.679165,97.583336,49.0,731.0,31.366666999999996,2025-01-01"
"68.78977272727273,18.926230113636365,98.93003011363636,55.62,72.0,38.475002,moderate,1344.3334,486.0833400000001,23.025,43.295834,100.625,176.0,732.0,37.166668,2025-01-02"
"73.03658536585365,18.918480722891566,98.85395120481928,55.94,68.0,30.754166000000005,moderate,1483.2916,483.29166,12.320834,32.5,83.791664,166.0,733.0,29.133333,2025-01-03"
"66.87931034482759,18.770670689655173,98.84787931034482,52.68,65.0,30.254166,moderate,1299.9166,477.625,18.916666,40.054165,92.625,58.0,734.0,30.025,2025-01-04"
"68.60606060606061,18.718561764705882,98.81379411764705,52.93,60.0,37.162502,moderate,1353.7084,482.75,16.820833,37.616665,87.958336,68.0,735.0,36.679165,2025-01-05"
"70.99078341013825,19.109913302752297,98.98469495412843,50.49,69.0,34.670834,moderate,1535.7084,481.45834,15.320834,38.4375,96.291664,218.0,736.0,34.304165,2025-01-06"
"68.96949152542373,18.908108724832214,98.90312718120805,51.8,70.0,35.7375,moderate,1583.4166,482.25,22.283333,37.725002,104.375,298.0,737.0,35.475002,2025-01-07"
"70.38695652173914,18.59722103004292,98.75540901287555,49.62,57.0,36.254166,moderate,1481.3334,478.66666,16.775,35.375,79.25,233.0,738.0,36.029167,2025-01-08"
"69.31818181818181,18.941603015075376,98.97808693467336,49.779999999999994,62.0,39.774998,high,1338.1666,481.41666,18.229166,36.345833,105.25,199.0,739.0,39.337498,2025-01-09"
"71.94152046783626,18.935693023255816,98.89584534883721,54.61,64.0,34.383335,moderate,1185.6666,470.875,18.245832,31.729166,99.541664,172.0,740.0,32.766666,2025-01-10"
"71.98214285714286,18.84122456140351,98.8820403508772,54.66,67.0,25.050001,low,1192.125,480.125,11.208333,20.800001,81.083336,57.0,741.0,24.6875,2025-01-11"
"71.52830188679245,18.848087037037036,98.8864537037037,50.54,63.0,21.429167,low,858.0833,464.79166,8.875,24.050001,70.416664,54.0,742.0,21.254168,2025-01-12"
"71.55335968379447,19.061808235294116,98.98465098039216,46.94,68.0,26.979166,moderate,1385.2084,471.375,13.070834,32.704166,89.083336,255.0,743.0,26.829168,2025-01-13"
"70.77941176470588,18.91209708029197,98.87894489051095,46.98,60.0,29.104166,moderate,1415.0834,472.08334,18.720833,36.983334,98.583336,274.0,744.0,29.008333,2025-01-14"
"69.05405405405405,18.768614973262032,98.85959946524065,47.64,53.0,20.054167,low,1098.375,460.625,9.875,23.904167,87.958336,187.0,745.0,20.008333,2025-01-15"
"69.40883977900552,19.05052872928177,98.999991160221,48.33,51.0,17.416666,low,1135.6666,463.5416599999999,10.775001,23.0625,75.25,181.0,746.0,17.395834,2025-01-16"
"70.28378378378379,18.894161073825504,98.89575033557047,50.68,57.0,32.608334,moderate,1457.7084,472.08334,18.979166,42.133335,87.208336,149.0,747.0,32.595833,2025-01-17"
"72.71951219512195,18.927466265060243,98.92492530120482,52.9,61.0,34.591667,moderate,1464.1666,473.66666,23.104166,38.600002,122.333336,83.0,748.0,34.570835,2025-01-18"
"66.6103896103896,18.764533333333336,98.8768358974359,53.56,58.0,32.575,moderate,1530.0,475.45834,28.15,34.1625,123.41666400000001,78.0,749.0,32.566666,2025-01-19"
"72.07086614173228,18.993862992125987,98.97099330708662,52.65,58.0,30.254166,moderate,1688.2084,476.91666,16.6875,28.137499,103.916664,254.0,750.0,30.245832,2025-01-20"
"69.8370607028754,19.113219682539683,98.9545488888889,52.830000000000005,45.0,24.2875,low,1731.6666000000002,476.95834,12.183333,24.625,86.958336,315.0,751.0,24.245834,2025-01-21"
"68.82127659574468,18.625846666666668,98.7725925,51.4,37.0,32.1375,moderate,1695.1666,483.91666,12.979167,28.691666,91.416664,240.0,752.0,32.033333,2025-01-22"
"68.305,18.938923880597017,98.97058358208955,52.14,41.0,35.029167,moderate,1563.375,485.875,13.679168,30.529167,94.125,201.0,753.0,34.958332,2025-01-23"
"72.43654822335026,18.878194416243655,98.84675177664974,53.02,40.0,29.245834,moderate,1652.3334,490.375,15.795834,42.566666,83.875,197.0,754.0,29.216667,2025-01-24"
"71.58823529411765,18.87288382352941,98.87497647058824,52.88,43.0,24.995834,low,1564.9166,484.66666000000004,11.8125,35.175,84.416664,68.0,755.0,24.604166,2025-01-25"
"70.66666666666667,18.7734,98.8845513888889,53.73,41.0,28.870832,moderate,1730.5,481.125,16.370832,26.204168,124.75,72.0,756.0,28.741667,2025-01-26"
"70.65876777251185,19.01780186915888,98.95320887850468,54.72,44.0,40.016666,high,862.2083,478.95833999999996,9.462501,21.470832999999995,48.208332,214.0,757.0,39.833332,2025-01-27"
"68.72638436482085,19.023461038961038,98.92885194805194,52.3,75.0,38.3875,high,1677.7084,484.7083400000001,17.229166,26.941666,87.0,308.0,758.0,38.037502,2025-01-28"
"71.0,18.705681460674157,98.79024662921348,53.78,62.0,35.179165,moderate,1746.9584,483.75,14.212501,23.258333,94.125,178.0,759.0,34.733334,2025-01-29"
"68.95977011494253,18.949574857142856,98.91349942857144,53.76,58.0,27.170832,moderate,1679.8333999999998,480.375,7.7583329999999995,20.191668,79.416664,175.0,760.0,26.695833,2025-01-30"
"69.51094890510949,18.885253284671535,98.88941459854014,53.67,68.0,24.300001,low,1364.0834,486.8333400000001,11.025001,33.325,68.375,137.0,761.0,23.675001,2025-01-31"
"70.7457627118644,18.759398333333333,98.80438666666667,54.23,46.0,23.5,low,1244.25,477.33334,11.629167,36.625,72.916664,60.0,762.0,22.970833000000002,2025-02-01"
"69.92307692307692,18.772993670886077,98.86716455696202,54.3,38.0,26.291665999999996,moderate,1480.125,481.91666000000004,11.795834,36.633335,75.416664,79.0,763.0,25.941666,2025-02-02"
"70.40823970037454,18.998318587360593,98.93764275092937,55.49,35.0,30.762499,moderate,1456.2084,481.66666,13.220833,38.179165,109.791664,269.0,764.0,30.533332999999995,2025-02-03"
"69.87169811320754,18.964236329588015,98.90436404494382,57.07,38.0,27.1875,moderate,1144.7084,480.5,8.720834,15.070834,99.75,267.0,765.0,27.070833,2025-02-04"
"70.66938775510204,18.701377642276423,98.81100487804878,55.45,51.0,36.083332,moderate,1471.375,485.5,9.599999,27.504166,75.291664,246.0,766.0,35.729168,2025-02-05"
"68.50581395348837,18.901302325581394,98.97541162790696,54.59000000000001,63.0,33.629166,moderate,1500.4584,488.75,11.583333,34.570835,81.208336,172.0,767.0,32.9875,2025-02-06"
"72.30674846625767,18.790499999999998,98.85922121212121,57.43000000000001,46.0,33.595833,moderate,1458.6666,482.375,10.116667,25.933334,98.5,165.0,768.0,33.145832,2025-02-07"
"71.96,18.805271052631582,98.89713421052632,57.720000000000006,52.0,40.379166,high,1367.7084,481.79166000000004,10.358334,19.0375,102.166664,76.0,769.0,40.0625,2025-02-08"
"67.35483870967742,18.993188888888888,98.94295873015872,58.62,62.0,24.141668,low,1199.8334,477.54166,7.616667,15.491666,91.208336,63.0,770.0,24.029167,2025-02-09"
"71.29166666666667,19.049908677685952,98.98213553719009,59.97,55.0,25.841667,moderate,1720.9166,482.58333999999996,7.3291664,19.375,86.166664,242.0,771.0,25.695833,2025-02-10"
"69.36263736263736,18.941964727272726,98.89241672727273,58.05,54.0,26.829168,moderate,1625.2084,484.83334,7.983333600000001,22.154167,77.166664,275.0,772.0,26.691666,2025-02-11"
"71.4578313253012,18.702507142857144,98.8369,56.95,52.0,25.779167,moderate,1516.4166,487.125,11.279167,35.587498,72.875,84.0,773.0,25.679167,2025-02-12"
"70.29515418502203,19.02137913043478,98.93783391304348,57.22,34.0,26.941666,moderate,1331.0,482.91666,12.083333,35.820835,77.291664,230.0,774.0,26.358332,2025-02-13"
"70.66101694915254,18.836930337078652,98.86101797752809,54.00999999999999,33.0,29.025,moderate,1377.625,480.66666,10.8125,33.787502,78.666664,178.0,775.0,27.816666,2025-02-14"
"71.06521739130434,18.901004166666667,98.90145833333334,55.080000000000005,43.0,38.741665,moderate,1294.9584,480.04166000000004,11.5625,34.116665,79.125,48.0,776.0,37.066666,2025-02-15"
"70.05479452054794,18.985894805194807,98.94621428571429,55.400000000000006,43.0,34.170834,moderate,1291.8334,481.5416599999999,10.741666,32.962498,82.416664,77.0,777.0,32.825,2025-02-16"
"71.85608856088561,19.114444322344323,98.99706117216117,55.11,40.0,37.9875,moderate,1355.7916,480.04166,11.191667,35.541668,83.875,273.0,778.0,36.566666,2025-02-17"
"69.33770491803278,19.01402222222222,98.93103039215686,56.91,31.0,42.629166,high,1672.5,482.375,8.195833,21.229166,92.541664,306.0,779.0,41.658333,2025-02-18"
"70.47058823529412,18.605682432432435,98.77363378378378,57.059999999999995,44.0,45.845837,high,1415.7084,478.54166,10.037499,25.983332,88.875,222.0,780.0,44.73749999999999,2025-02-19"
"70.5625,18.99169689119171,98.97532124352333,58.24,47.0,39.412502,high,1288.4584,477.5,8.683333,25.308334,88.91666399999998,193.0,781.0,37.766666,2025-02-20"
"71.56497175141243,18.802346368715085,98.83223966480448,60.3,43.0,37.645832,moderate,1119.7084,474.16666,8.375,22.9625,85.875,179.0,782.0,35.425,2025-02-21"
"73.18867924528301,18.85540740740741,98.87802037037036,58.86,48.0,32.829166,moderate,1578.2916,479.91666,10.670834,30.304167,87.54166399999998,54.0,783.0,30.804167,2025-02-22"
"71.48936170212765,18.89075744680851,98.86189787234044,60.3,41.0,37.375,moderate,1087.8334,468.54166,8.654166,21.183332,94.25,47.0,784.0,35.995834,2025-02-23"
"71.1962962962963,19.125704029304032,98.94819560439561,61.029999999999994,64.0,28.245834,moderate,903.9583,463.0,8.945833,19.679167,84.75,273.0,785.0,27.862501,2025-02-24"
"69.3044982698962,19.043596206896552,98.9307124137931,57.81,88.0,32.304165,moderate,1532.625,479.95834,10.841667,19.695833,82.25,290.0,786.0,32.05,2025-02-25"
"70.26794258373205,18.668670476190474,98.79343619047619,57.36,84.0,29.820833,moderate,1495.5415999999998,480.75,11.087500999999998,30.554167,66.541664,210.0,787.0,29.529167,2025-02-26"
"70.46739130434783,18.932547567567568,98.94780702702703,60.260000000000005,71.0,23.833334,low,1590.7916,480.79166,8.458333,27.320833,64.083336,185.0,788.0,22.975,2025-02-27"
"71.74825174825175,18.825109722222223,98.83101527777778,61.88000000000001,59.0,28.770833999999997,moderate,1428.75,486.33334,10.420834,34.229168,63.791667999999994,144.0,789.0,27.866667,2025-02-28"
"76.25454545454545,18.884010909090907,98.86246727272727,63.23,52.0,23.637498999999995,low,1428.6666,488.8333400000001,9.091666,31.283333,59.333332,55.0,790.0,22.85,2025-03-01"
"66.0,19.09009107142857,98.95636785714285,61.589999999999996,42.0,26.541666,low,1401.1666,490.5,10.104167,34.245834,72.916664,56.0,791.0,24.308334,2025-03-02"
"71.53097345132744,18.930388053097346,98.91024203539823,61.77,38.0,32.270832,moderate,1358.6666,491.66666,11.05,35.75,85.208336,226.0,792.0,30.020834,2025-03-03"
"68.8969465648855,18.92001679389313,98.87652290076336,60.78,39.0,41.266666,high,1491.0416,489.41666,11.662499,36.016666,89.708336,262.0,793.0,38.287502,2025-03-04"
"71.1063829787234,18.542215492957748,98.75327112676057,61.38999999999999,34.0,43.149998,high,1498.5416,489.875,12.533333,33.891666,85.791664,142.0,794.0,40.6875,2025-03-05"
"71.35570469798658,19.02523,99.02093666666666,59.59,35.0,33.058334,moderate,1562.5416,486.08334,10.579166,31.591667000000005,83.416664,150.0,795.0,30.779167000000005,2025-03-06"
"70.50261780104712,18.788056770833332,98.84472239583334,58.169999999999995,36.0,37.133335,moderate,1018.0417000000001,471.41666000000004,6.695833,10.008333,108.04166400000001,192.0,796.0,35.0,2025-03-07"
"69.49019607843137,18.784515384615386,98.86629807692307,60.21,53.0,38.508335,moderate,860.5,467.5,4.5416665,11.8125,83.166664,52.0,797.0,37.275,2025-03-08"
"71.70270270270271,19.03922162162162,98.9409581081081,61.589999999999996,75.0,33.283333,moderate,1384.25,479.875,6.9125,22.133333,79.625,74.0,798.0,32.291668,2025-03-09"
"70.71923076923076,18.87535576923077,98.93078307692308,64.87,58.0,32.520832,moderate,1581.0834,488.125,9.283334,30.316666,93.208336,260.0,799.0,30.945833,2025-03-10"
"71.66440677966102,18.994311784511783,98.9223569023569,65.21,57.0,39.875,moderate,1555.7916,489.95834,10.070834,34.65,74.833336,297.0,800.0,36.341667,2025-03-11"
"71.3921568627451,18.68533512195122,98.78695951219512,64.87,41.0,45.50833,high,1450.0834,489.54166,12.2625,37.433334,75.791664,205.0,801.0,42.354168,2025-03-12"
"72.2713567839196,19.0226595,98.955084,64.0,45.0,28.441666,moderate,1234.125,479.375,8.604167,26.133333000000004,74.041664,200.0,802.0,27.066666,2025-03-13"
"69.01492537313433,18.81050814814815,98.88438962962964,61.52,31.0,45.766666,high,1308.7916,489.91666,11.341667,28.387499,94.916664,135.0,803.0,39.283333,2025-03-14"
"73.16981132075472,18.937398181818182,98.87505636363636,63.41,34.0,45.183334,high,1277.3334,491.875,10.966667,28.0875,103.208336,55.0,804.0,40.475,2025-03-15"
"68.98113207547169,18.97205283018868,98.89363962264152,63.99,27.0,55.158337,high,1472.7916,493.16666,10.616667,27.304167,101.708336,53.0,805.0,49.245834,2025-03-16"
"70.09929078014184,18.983728873239436,98.9561485915493,64.36,37.0,54.829166,high,1180.5,473.1666599999999,7.691666000000001,15.224999,100.5,284.0,806.0,49.7,2025-03-17"
"70.25155279503106,19.01702160493827,98.91462191358025,64.27,37.0,47.395832,high,959.7083,467.125,7.879167000000001,10.5125,109.125,324.0,807.0,43.49167,2025-03-18"
"70.58536585365853,18.610621256038648,98.79184637681159,64.83,35.0,76.941666,very unsafe,1163.1666,480.83334,7.9375,21.0125,71.416664,207.0,808.0,75.325,2025-03-19"
"71.4836956521739,18.941663783783785,98.95141621621622,63.12,57.0,62.12916599999999,high,1712.6666,488.625,9.370833,20.829166,109.0,185.0,809.0,60.087498000000004,2025-03-20"
"69.33540372670808,18.785066666666665,98.86708580246913,62.22,55.0,84.487495,very unsafe,1520.7916,484.83334,15.179165999999999,32.916668,125.916664,162.0,810.0,81.354164,2025-03-21"
"72.9041095890411,18.883694666666667,98.88514533333334,64.06,47.0,93.43333,very unsafe,1589.7916,487.0,18.300001,40.670834,122.958336,75.0,811.0,89.725,2025-03-22"
"68.23728813559322,18.89372711864407,98.83136779661017,65.17,43.0,71.979164,high,1495.7916,495.08334,14.595833,39.983334,108.791664,59.0,812.0,69.479164,2025-03-23"
"72.03225806451613,19.042769724770643,98.97277110091743,64.33,36.0,58.345837,high,1496.9166,496.33334,12.191667,36.304165,100.916664,218.0,813.0,56.541668,2025-03-24"
"70.1814946619217,19.012305673758863,98.9165730496454,63.39,31.0,34.591667,moderate,1480.625,492.375,8.483334,25.908333,99.958336,282.0,814.0,33.6875,2025-03-25"
"70.36111111111111,18.72701222222222,98.79821055555554,63.68,38.0,32.350002,moderate,1380.3334,488.25,8.325,24.958333999999997,94.66666400000001,180.0,815.0,31.258332999999997,2025-03-26"
"71.0,19.027254187192117,98.98092660098523,62.03999999999999,38.0,37.270832,moderate,1312.5416,486.58333999999996,6.8125,19.35,107.16666400000001,203.0,816.0,33.804165,2025-03-27"
"71.38028169014085,18.739316083916083,98.79583356643357,60.39,37.0,50.325,high,1455.0,487.875,9.345834,28.262499,100.708336,143.0,817.0,44.087498,2025-03-28"
"73.33333333333333,18.926236923076925,98.91751692307693,62.35,40.0,71.799995,high,1496.9584,487.08334,9.279166,26.699999,103.708336,65.0,818.0,64.583336,2025-03-29"
"67.04,18.932828,98.93299800000001,65.97,34.0,50.629166,high,1053.5416,473.54166,6.3375,12.866666,107.958336,50.0,819.0,48.24166999999999,2025-03-30"
"70.77818181818182,18.96360398550725,98.96094528985508,67.28,45.0,37.791668,moderate,846.625,468.625,4.1583333,10.0125,88.75,276.0,820.0,36.795834,2025-03-31"
"70.09848484848484,18.905046441947565,98.8781722846442,67.5,51.0,42.575,high,856.0,473.58334,4.625,13.099999,76.625,267.0,821.0,41.416668,2025-04-01"
"71.70270270270271,18.63104193548387,98.76970215053764,65.5,64.0,38.904167,high,855.4167,472.95833999999996,6.204166400000001,14.254167,87.625,186.0,822.0,38.0375,2025-04-02"
"70.39880952380952,18.944250295857987,98.99571183431954,66.83,52.0,63.741665,high,1129.375,482.83333999999996,7.0791664,19.841667,91.333336,169.0,823.0,62.941666,2025-04-03"
"72.61666666666666,18.86197868852459,98.8784568306011,66.11,59.0,50.6125,high,1108.9584,485.95834,5.5375,15.55,97.666664,183.0,824.0,50.03750200000001,2025-04-04"
"69.5625,18.82899230769231,98.87419076923076,68.09,51.0,42.179165,high,1211.0834,485.45834,8.554167,25.708334,79.75,65.0,825.0,41.754166,2025-04-05"
"71.43283582089552,18.935233823529412,98.8608705882353,64.0,61.0,29.079168,moderate,1139.875,478.29166,6.8583336,18.804167,80.166664,68.0,826.0,28.795832,2025-04-06"
"69.8030303030303,18.967775757575758,98.85963181818182,63.19,74.0,26.845833,moderate,1022.7083,473.41666,4.3416667,11.3625,81.541664,66.0,827.0,26.5,2025-04-07"
"70.7918918918919,18.96733810810811,98.90036162162163,62.510000000000005,72.0,27.308333999999995,moderate,1194.0,488.04166,5.5958333,15.3625,84.5,370.0,828.0,27.025,2025-04-08"
"70.8913043478261,18.622096536796537,98.75389307359308,66.15,53.0,50.57083,high,1351.0834,492.9166599999999,7.633333,23.7125,76.208336,231.0,829.0,50.024998,2025-04-09"
"70.5678391959799,19.0509395,98.995649,67.23,51.0,50.9875,high,1304.5416,497.54166,5.808333,14.966667,92.625,200.0,830.0,50.44583000000001,2025-04-10"
"71.74050632911393,18.952177358490566,98.91164402515723,65.98,59.0,28.145834000000004,moderate,1033.7084,489.0833400000001,4.475,12.029167,78.416664,159.0,831.0,27.737500999999998,2025-04-11"
"74.15789473684211,18.79011578947369,98.85572105263158,65.52,71.0,18.3375,low,904.7917000000001,473.5,5.9791665,19.637499,44.791668,57.0,832.0,17.829166,2025-04-12"
"71.35555555555555,18.820589130434783,98.83098695652174,64.08,81.0,10.2,very low,714.875,459.70834,6.933332999999999,9.758333,68.666664,46.0,833.0,10.129167,2025-04-13"
"70.01449275362319,18.9324,98.84584714285715,65.91,76.0,33.899998,moderate,1019.125,467.04166,7.0916667,22.191666,72.791664,70.0,834.0,33.05,2025-04-14"
"67.484375,18.846201538461536,98.8370676923077,62.47,84.0,28.6,moderate,1250.625,478.16666,10.679166,32.3625,73.958336,65.0,835.0,28.375,2025-04-15"
"68.78260869565217,18.71883768115942,98.81063478260869,64.98,75.0,18.208334,low,1331.9166,487.20834,6.629166,21.512499,57.416668,69.0,836.0,18.045834,2025-04-16"
"70.4739336492891,19.10467924528302,98.96214198113208,65.01,78.0,14.412499,very low,1184.0834,483.41666,4.179167,14.241666,55.583332,212.0,837.0,14.224999,2025-04-17"
"70.353591160221,18.7908472826087,98.8099777173913,64.96,73.0,20.404167,low,1159.9166,481.16666,7.1375003,26.199999,51.125,184.0,838.0,19.9125,2025-04-18"
"71.49382716049382,18.843013580246915,98.84692098765431,65.17,72.0,25.891668000000003,low,1027.5,476.66666,5.304167,17.875,66.0,81.0,839.0,22.579168,2025-04-19"
"69.38028169014085,18.861580555555555,98.88054861111112,64.0,66.0,25.4,low,836.6667,479.125,4.1541667,12.974999,75.833336,72.0,840.0,21.895834,2025-04-20"
"70.67701863354037,18.96945590062112,98.95235186335404,64.15,65.0,24.508333,low,880.7083,486.70834,4.258333,13.029167,70.291664,322.0,841.0,20.816668,2025-04-21"
"70.14450867052022,19.036060115606936,98.91579624277456,66.16,70.0,27.6625,low,1432.7084,498.83334,3.6666667,9.891666,79.375,346.0,842.0,24.65,2025-04-22"
"71.36363636363636,18.59988888888889,98.74049696969696,68.07,59.0,31.770834,moderate,839.2083,492.5833400000001,3.9958334,9.691667,84.958336,198.0,843.0,28.166666,2025-04-23"
"69.625,19.03621188118812,98.96294653465347,67.59,53.0,39.916668,moderate,977.8333,495.41666,3.8666668,9.7125,79.375,202.0,844.0,34.175,2025-04-24"
"70.27388535031847,18.90417006369427,98.85725859872612,67.77,53.0,41.858334,moderate,1057.5834,493.45834,4.891667,12.066667,79.625,157.0,845.0,34.962498,2025-04-25"
"71.46551724137932,18.651254237288136,98.77844745762711,68.99,43.0,38.520832,moderate,782.0417,479.5,5.629167,13.420834,85.791664,59.0,846.0,33.583332,2025-04-26"
"71.02127659574468,18.782554166666667,98.81552291666667,69.84,49.0,27.008333000000004,low,808.625,485.83333999999996,4.5916667,8.008333,100.79166400000001,48.0,847.0,24.408333,2025-04-27"
"71.35051546391753,19.040040616966582,98.94571439588688,67.24,69.0,18.65,low,1060.5416,486.08333999999996,4.025,6.566667,101.75,389.0,848.0,17.704166,2025-04-28"
"69.89491525423729,19.006612457912457,98.91061582491582,64.81,73.0,15.154167000000001,very low,914.0833,471.75,3.4083335,7.204166400000001,90.041664,297.0,849.0,14.866666,2025-04-29"
"70.79620853080569,18.514312796208532,98.71519478672985,63.64000000000001,74.0,14.383334,very low,1034.8334,483.375,4.0916667,9.229167,74.458336,211.0,850.0,14.216667,2025-04-30"
"72.06842105263158,18.956024870466322,98.99667772020726,64.6,66.0,16.925001,low,1093.2916,481.33334,4.0916667,9.858334,80.125,193.0,851.0,16.5625,2025-05-01"
"71.02209944751381,18.897775409836065,98.88052404371585,64.56,74.0,17.008333,low,999.0417,469.08334,4.7083335,11.75,73.541664,183.0,852.0,16.775,2025-05-02"
"72.8688524590164,18.95932258064516,98.96281612903225,65.55,74.0,22.612501,low,860.9583,476.875,5.5625,19.583334,65.25,62.0,853.0,22.2125,2025-05-03"
"71.34545454545454,18.91014642857143,98.92111607142859,65.53,69.0,20.345833,low,921.25,479.5,4.9583335,16.870832,49.833332,56.0,854.0,18.074999,2025-05-04"
"68.73913043478261,19.0231,98.904738028169,64.63,73.0,18.908333,low,804.0417,478.5,4.766667,15.174999999999999,68.25,71.0,855.0,16.391666,2025-05-05"
"70.60416666666667,19.01996076388889,98.92649340277778,66.11,59.0,16.716667,very low,684.2083,474.04166,4.4625,12.133334,79.041664,288.0,856.0,14.708333000000001,2025-05-06"
"70.62962962962963,18.638200523560208,98.7979659685864,66.83,56.0,15.658332999999999,very low,629.4167,476.20834,4.1583333,11.395833000000001,76.458336,191.0,857.0,14.349999000000002,2025-05-07"
"68.67015706806282,18.976542708333334,98.97852291666668,67.53,65.0,22.904167,low,963.625,495.41666000000004,3.8458335,9.625,73.0,192.0,858.0,21.108334,2025-05-08"
"69.89855072463769,18.800954929577465,98.82751830985916,66.09,82.0,25.295832,low,814.125,490.625,4.420833,9.833333,82.625,71.0,859.0,23.199999,2025-05-09"
"68.7872340425532,18.947534042553194,98.88271489361703,66.6,73.0,36.62917,moderate,872.5417,494.75,4.929167,13.474999,70.0,47.0,860.0,33.308334,2025-05-10"
"69.16071428571429,18.6736649122807,98.81269649122807,65.52,78.0,19.395834,low,750.375,477.08334,3.75,8.150001,98.625,57.0,861.0,17.166666,2025-05-11"
"68.69135802469135,18.74344268292683,98.78400487804879,66.2,76.0,20.791666,low,861.875,467.33333999999996,7.120833,13.841665999999998,90.625,82.0,862.0,19.895834,2025-05-12"
"70.63141025641026,18.90464455128205,98.89241923076922,66.96,72.0,25.262499,low,867.375,465.0,6.1749997,20.383333,69.666664,312.0,863.0,24.800001,2025-05-13"
"71.30964467005076,18.64616180904523,98.78579296482413,65.68,74.0,16.508333,low,644.2083,459.625,4.295833,10.3125,83.666664,199.0,864.0,16.404167,2025-05-14"
"71.2578947368421,19.0087859375,98.97750624999999,66.25,78.0,17.8375,low,1206.8334,467.08333999999996,5.608333599999999,16.387499,48.166667999999994,192.0,865.0,17.699999,2025-05-15"
"71.42384105960265,18.762588741721856,98.85109536423842,63.32,84.0,16.754168,low,1207.6666,467.91666,4.7833333,13.8,53.416668,151.0,866.0,16.425001,2025-05-16"
"72.28125,18.81677878787879,98.82366818181819,62.49,81.0,13.575,very low,1167.2084,467.0,4.6916666,13.766666,53.625,66.0,867.0,13.25,2025-05-17"
"74.53658536585365,18.90867857142857,98.88787619047619,65.21,82.0,12.679166,very low,1073.5416,473.125,4.7791667,15.341667,49.458332000000006,42.0,868.0,12.55,2025-05-18"
"71.36842105263158,19.008116393442624,98.98056229508197,64.63,78.0,24.266668,low,1384.2916,485.79166,9.570833,33.633335,49.666668,305.0,869.0,24.091667,2025-05-19"
"70.8076923076923,19.0809124600639,98.9181124600639,65.84,78.0,20.85,low,1084.7916,473.8333400000001,6.5375,23.154167,50.541668,313.0,870.0,20.741667,2025-05-20"
"71.15384615384616,18.705321739130433,98.8301070652174,66.43,75.0,17.595833,low,1456.4584,486.125,3.9041664999999997,14.654167,60.333332,184.0,871.0,17.445833,2025-05-21"
"71.56875,19.001431677018633,98.97377267080746,66.42,78.0,12.712501,very low,851.5417,473.58334,4.2791667,12.004167,59.0,161.0,872.0,12.474999,2025-05-22"
"72.6951219512195,18.908501807228916,98.88409879518072,67.46,75.0,14.254167,very low,1067.4166,462.20834,5.4166665,16.266666,55.541668,166.0,873.0,13.912499,2025-05-23"
"71.10204081632654,18.721160784313728,98.86344901960784,66.92,77.0,13.770832999999998,very low,726.0417,450.54166,7.083333500000001,12.837501,92.58333600000002,51.0,874.0,13.733334,2025-05-24"
"68.2127659574468,18.755052083333336,98.841925,67.12,77.0,11.516666,very low,589.5417,446.54166000000004,7.0499997,11.887499999999998,94.16666400000001,48.0,875.0,11.516666,2025-05-25"
"71.23376623376623,19.02979129032258,98.94104451612903,67.26,78.0,16.333334,low,547.0417,444.75,9.875,16.85,81.375,310.0,876.0,16.324999,2025-05-26"
"71.29235880398672,19.011040264026402,98.89505709570957,66.52,81.0,12.6375,very low,901.75,450.58334,6.683333,13.970832999999999,53.958332,303.0,877.0,12.504167,2025-05-27"
"70.09424083769633,18.64736580310881,98.76331709844561,65.12,81.0,13.379167,very low,845.7083000000001,454.33334,5.2458334,16.433332,40.666668,193.0,878.0,12.695834000000001,2025-05-28"
"71.14450867052022,18.992990804597703,98.9875448275862,64.96,80.0,15.341667,very low,888.9166999999999,451.125,5.4708333,19.295834,32.291668,174.0,879.0,13.8625,2025-05-29"
"70.29813664596273,18.734022699386504,98.78331042944785,66.56,73.0,8.929167,very low,1521.0416,469.91666,3.9875,14.208333,38.458332,163.0,880.0,8.4375,2025-05-30"
"69.8,18.982208695652172,98.92338043478262,65.19,83.0,7.141667,very low,1445.625,474.83334,3.2,10.754167,34.333332,46.0,881.0,6.5791664,2025-05-31"
"72.5,19.053648936170212,98.89410638297872,65.03,83.0,10.400001,very low,789.4583,466.875,4.3375,16.158333,37.166668,47.0,882.0,10.116667,2025-06-01"
"68.85,19.00304074074074,98.87183950617283,66.74,75.0,10.604167,very low,1176.9166,468.16666,3.5958335000000003,12.004167,48.166668,81.0,883.0,9.175,2025-06-02"
"71.44827586206897,18.780305084745763,98.88513559322034,65.91,76.0,22.170832,low,1320.0834,480.75,8.220834,27.504166,47.75,59.0,884.0,18.941668,2025-06-03"
"69.77292576419214,18.848362337662337,98.86207056277055,64.42,74.0,40.675,moderate,1297.0834,482.3333400000001,9.483333,30.058334,54.5,231.0,885.0,30.833334,2025-06-04"
"70.4601226993865,18.911532926829267,98.93396036585366,64.92,78.0,31.779166999999998,moderate,1510.7084,485.16666000000004,7.716666700000001,27.020834,59.333332,164.0,886.0,28.154166999999998,2025-06-05"
"69.33333333333333,18.919468000000002,98.8604688,66.72,78.0,32.370834,moderate,1400.9584,481.16666,11.633334,35.399998,52.708332,125.0,887.0,29.745834,2025-06-06"
"69.71830985915493,18.972275342465753,98.88306301369863,67.82,75.0,16.741667,low,1309.625,485.625,5.879167,18.679167,58.70833199999999,73.0,888.0,15.833332999999998,2025-06-07"
"69.28333333333333,18.81693166666667,98.85773833333333,67.96,74.0,17.345833000000002,low,1037.4584,473.41666,6.2166667,22.175001,53.458332,60.0,889.0,16.808332,2025-06-08"
"70.94672131147541,19.10512163265306,98.98467714285714,68.65,75.0,13.379167,very low,759.1667,459.5,4.1458335,13.9875,49.916668,245.0,890.0,12.933333,2025-06-09"
"70.16967509025271,18.93136487455197,98.89518888888888,68.52,77.0,12.504167,very low,733.875,456.29166,4.170833,11.491666,62.375,279.0,891.0,11.833333,2025-06-10"
"70.23188405797102,18.621806698564594,98.75370095693779,66.54,81.0,12.650000999999998,very low,1089.4166,461.9166599999999,5.5625,15.558333,52.541668,209.0,892.0,12.316667,2025-06-11"
"72.87931034482759,19.027314285714287,98.9697462857143,65.48,80.0,16.949999,low,1723.0833999999998,488.41666000000004,5.4791665,16.620832,58.583332,175.0,893.0,16.591667,2025-06-12"
"72.77058823529411,19.006908187134503,98.93170467836258,65.64,80.0,14.745832999999998,very low,1081.4166,469.16666,5.054167,15.516665999999999,46.833332,171.0,894.0,14.1375,2025-06-13"
"71.59016393442623,18.783482258064517,98.80235967741935,65.48,84.0,13.754167,very low,1064.625,467.125,4.8416667,15.920834,42.416668,62.0,895.0,13.166667,2025-06-14"
"70.27659574468085,18.83588085106383,98.87562978723403,65.3,80.0,7.5750003,very low,1046.8334,468.70834,3.5249999,12.158332999999999,44.0,47.0,896.0,7.3250003,2025-06-15"
"72.15481171548117,19.042235416666667,98.97578125,65.55,81.0,13.900001,very low,1473.7916,474.41666,6.004167,20.4625,40.291668,240.0,897.0,13.533333,2025-06-16"
"70.87333333333333,19.095384385382058,98.93517541528239,64.65,83.0,12.283333,very low,992.5833,466.0,4.775,17.725,35.958332,301.0,898.0,12.083333,2025-06-17"
"70.94054054054054,18.64206898395722,98.80577219251337,66.0,79.0,15.770833,low,1065.625,469.875,6.1708336,22.704168,37.583332,187.0,899.0,15.233334,2025-06-18"
"71.13450292397661,19.053486627906977,98.97287325581397,65.17,79.0,20.179167,low,1369.9166,470.375,6.7124999999999995,22.091667,39.75,172.0,900.0,17.479166,2025-06-19"
"71.5,18.95219594594595,98.8903,64.98,80.0,20.512499,low,1466.5,477.5,7.3458333,22.9375,44.666668,148.0,901.0,17.445833,2025-06-20"
"70.15942028985508,18.92343188405797,98.83701014492753,66.22,76.0,16.637499,very low,936.4583,458.29166,4.570833,13.6125,48.916668,69.0,902.0,12.683333,2025-06-21"
"69.91071428571429,18.988038596491226,98.92394561403508,66.4,79.0,11.5125,very low,840.2917000000001,456.45834,4.2999997,11.8875,50.666668,57.0,903.0,10.466666,2025-06-22"
"71.41237113402062,19.064136054421766,98.91257891156462,65.91,80.0,9.154166,very low,611.875,449.20833999999996,3.6458333,12.266666,42.208332,294.0,904.0,8.566667,2025-06-23"
"69.06925207756233,19.001158287292817,98.9161776243094,66.27,77.0,16.829166,low,851.8333,455.5,5.3416667,19.279167,38.833332,362.0,905.0,15.466667,2025-06-24"
"70.0762331838565,18.63941422222222,98.78616577777778,65.14,79.0,23.704168,low,847.0833,466.66666,7.683333,24.2125,47.666668,225.0,906.0,20.958334,2025-06-25"
"69.80681818181819,19.052664606741573,98.97857415730337,65.89,77.0,18.958334,low,920.5833,459.83334,6.4208336,20.383333,49.041668,178.0,907.0,16.991667,2025-06-26"
"73.38157894736842,18.85647697368421,98.86962697368422,65.68,79.0,11.545834,very low,837.0417,454.29166000000004,5.2458334,17.3,39.291668,152.0,908.0,10.7,2025-06-27"
"71.94736842105263,18.913433898305087,98.93410847457628,65.03,81.0,15.104167,very low,1026.7084,464.125,6.2083335,19.8125,40.333332,59.0,909.0,14.091667,2025-06-28"
"69.0,18.779859677419356,98.83418225806452,64.29,79.0,13.804166,very low,1062.9166,465.125,4.766667,16.033333,38.166668,62.0,910.0,12.545834,2025-06-29"
"71.91111111111111,19.05855884955752,98.95528495575222,64.13,78.0,18.220835,very low,1343.5416,467.375,5.0208335,18.354166,39.708332,226.0,911.0,14.333333,2025-06-30"
"69.80566801619433,18.97182177419355,98.90390483870968,65.89,73.0,18.841667,low,1241.625,462.375,7.316667,21.933334,40.041668,248.0,912.0,16.5875,2025-07-01"
"71.66129032258064,18.602218571428573,98.81408285714285,65.17,80.0,20.704166,low,1212.75,462.375,7.983333600000001,24.379165999999998,38.416668,210.0,913.0,17.904167,2025-07-02"
"70.19354838709677,18.926994300518135,98.93868497409326,64.76,76.0,23.029167,low,1362.6666000000002,469.125,10.691667,27.791665999999996,43.54166800000001,193.0,914.0,20.629168,2025-07-03"
"71.04624277456648,18.712690000000002,98.83161777777778,64.81,75.0,20.366667,low,1379.7084,466.04166,8.283334,22.125,44.083332,180.0,915.0,17.645834,2025-07-04"
"71.96363636363637,18.98934655172414,98.9118672413793,64.96,73.0,20.279165,low,924.7917,458.75,8.491667,25.433334,44.416668,58.0,916.0,18.633333,2025-07-05"
"66.66666666666667,18.879465789473684,98.87029473684211,65.7,77.0,13.045834,very low,1131.2916,478.25,5.5875,17.8125,38.5,38.0,917.0,12.150001,2025-07-06"
"71.47619047619048,18.989127188940092,98.96341935483872,64.96,78.0,19.058332,low,1467.75,485.33334,7.820833,24.966667,36.958332,217.0,918.0,16.25,2025-07-07"
"70.15486725663717,18.938070512820513,98.90266452991453,65.37,79.0,23.516668,low,1270.0416,473.33334,6.304167,21.629166,42.041668,234.0,919.0,16.612501,2025-07-08"
"71.56345177664974,18.65759078341014,98.77741612903226,66.97,73.0,19.449999,low,1588.625,480.66666,6.0166664,19.662500000000005,40.708332,217.0,920.0,16.166666,2025-07-09"
"71.45762711864407,18.901245901639346,98.72981311475411,66.09,77.0,27.366667,low,1123.7916,466.70834,6.9500003,21.75,43.75,61.0,921.0,19.204166,2025-07-10"
"71.12765957446808,18.604652,98.769604,66.97,77.0,32.600002,low,1159.25,457.41666,8.241667,26.4625,34.541668,50.0,922.0,21.375,2025-07-11"
"69.19148936170212,18.574874545454545,98.8366,66.22,75.0,21.283335,low,1466.375,466.625,9.2625,27.883333,51.791668,55.0,923.0,20.074998999999995,2025-07-12"
"65.67272727272727,18.68068813559322,98.8395186440678,64.6,83.0,17.691668,low,1059.7916,460.33334,6.6,20.554167,42.0,59.0,924.0,16.2125,2025-07-13"
"70.73228346456693,18.90572748091603,98.93969312977099,66.07,78.0,22.683334,low,1437.75,479.875,8.066667,23.858332,44.333332,262.0,925.0,20.254168,2025-07-14"
"70.38028169014085,19.114568166089967,98.96544878892733,67.15,80.0,17.029167,low,1497.2084,467.70833999999996,8.854167,25.145834,41.333332,289.0,926.0,15.920834,2025-07-15"
"72.17460317460318,18.629806403940886,98.79503103448276,66.45,78.0,13.670834,very low,1430.7916,470.04166000000004,6.708333499999999,22.579168,34.458332,203.0,927.0,13.108334,2025-07-16"
"70.07281553398059,19.00576542056075,98.97857523364485,66.06,77.0,15.2,very low,1399.75,467.91666000000004,7.470833300000001,23.6625,36.291668,214.0,928.0,14.841667,2025-07-17"
"71.93452380952381,18.912896531791908,98.90224104046243,65.35,79.0,14.849999000000002,very low,1297.7916,468.75,5.6625,17.612501,37.583332,173.0,929.0,14.291667,2025-07-18"
"72.47222222222223,18.854116,98.86275333333333,64.74,77.0,18.304167,low,1337.7916,476.08334,9.2375,23.808334,36.166668,75.0,930.0,17.6,2025-07-19"
"68.86842105263158,18.764725641025642,98.82403076923077,66.54,76.0,12.612499,very low,1469.4166,472.75,5.941667,18.666666,39.625,39.0,931.0,12.458333,2025-07-20"
"71.41353383458646,18.930640287769783,98.9558917266187,66.0,77.0,14.566667,very low,1600.5416,470.54166,5.816667,19.366667,37.5,278.0,932.0,14.329166,2025-07-21"
"70.18773946360153,19.06850711610487,98.93379438202248,66.92,76.0,11.7,very low,1287.75,465.66666,6.008333,20.800001,36.083332,267.0,933.0,11.545834,2025-07-22"
"70.44508670520231,18.717896236559138,98.81328494623656,65.91,78.0,5.9791665,very low,898.0417,457.45833999999996,4.445833,15.029167,35.125,186.0,934.0,5.866667,2025-07-23"
"69.8,18.960097560975612,98.9676743902439,64.85,83.0,6.758333,very low,1011.6667,453.875,3.4874999999999994,12.2375,36.125,164.0,935.0,6.304167,2025-07-24"
"69.76712328767124,18.750279470198674,98.83742317880795,64.83,83.0,7.1124997,very low,1557.0,472.08334,4.7083335,16.449999,37.291668,151.0,936.0,6.7875,2025-07-25"
"73.14084507042253,18.783594444444443,98.79492499999999,65.01,83.0,11.166667,very low,1330.5834,464.45834,5.679167,20.079166,37.0,72.0,937.0,10.554167,2025-07-26"
"70.875,18.837216981132077,98.85188679245282,65.37,82.0,8.925,very low,1350.1666,461.45834,5.566667,18.704166,33.083332,53.0,938.0,8.787499,2025-07-27"
"69.96491228070175,18.877345901639345,98.89942459016393,65.73,80.0,9.970834,very low,1268.5416,463.25,5.3375,16.633333,39.333332,61.0,939.0,9.741667,2025-07-28"
"70.00689655172414,19.03682847457627,98.92420406779661,64.13,84.0,14.058333000000001,very low,1251.9166,470.79166,5.695833,17.858334,41.708332,295.0,940.0,12.925,2025-07-29"
"70.85714285714286,18.556725136612023,98.74007158469946,64.92,80.0,23.220833,low,1453.3334,473.20834,7.420833599999999,24.041666,36.375,183.0,941.0,18.125,2025-07-30"
"69.88108108108108,18.941516753926702,98.97824293193719,65.68,77.0,23.5375,low,1312.7916,476.08334,8.016666,22.2875,39.958332,191.0,942.0,17.616667,2025-07-31"
"72.35416666666667,18.78964144736842,98.81752236842105,66.07,76.0,27.041666,low,1384.75,474.625,9.05,23.512499,37.458332,152.0,943.0,18.820833,2025-08-01"
"70.35849056603773,18.70186393442623,98.80430983606557,65.89,79.0,28.620834,low,1389.9166,477.375,7.9583335,21.675001,39.291668,61.0,944.0,19.929167,2025-08-02"
"64.37209302325581,18.765844444444443,98.81531777777778,65.93,76.0,28.724998,low,1351.1666,475.66666,7.479166500000001,19.925001,37.916668,45.0,945.0,20.404167,2025-08-03"
"70.46724890829694,18.986755744680853,98.92845234042554,66.58,76.0,16.908333,low,1472.125,478.04166,7.2374997,23.666666,33.583332,235.0,946.0,16.154165,2025-08-04"
"68.76579925650557,18.972086690647483,98.90828381294963,67.3,75.0,14.033333,very low,1434.5,478.08334,6.1416664,20.445833,34.375,278.0,947.0,12.866666,2025-08-05"
"70.01754385964912,18.582575675675674,98.76966378378378,66.58,77.0,10.795834,very low,1832.7084,476.45834,5.1291666,16.741667,32.916668,185.0,948.0,10.0,2025-08-06"
"70.36363636363636,18.97225534591195,99.00723459119496,64.13,76.0,9.879167,very low,1194.875,471.7916599999999,4.829167,15.462501,32.0,159.0,949.0,9.400001,2025-08-07"
"70.75757575757575,18.919535087719296,98.85929532163743,64.29,80.0,23.779167,low,1792.625,480.29166,9.5125,27.145834,35.0,171.0,950.0,21.554167,2025-08-08"
"72.65517241379311,18.725104838709676,98.84014193548389,64.49,80.0,18.512499,low,1512.5834,481.41666,8.020833,23.6875,35.583332,62.0,951.0,17.545834,2025-08-09"
"67.13461538461539,18.815036363636363,98.83873454545454,64.24,78.0,15.425,low,1176.1666,476.5416599999999,7.1625,19.166666,35.291668,55.0,952.0,15.25,2025-08-10"
"71.88333333333334,18.683771014492756,98.78782608695651,65.12,79.0,13.875,very low,1217.625,467.95834,5.15,17.470833,37.791668,69.0,953.0,13.633334,2025-08-11"
"68.0,18.906117647058824,98.8780955882353,65.91,78.0,7.433333,very low,890.375,457.625,4.070833,12.808333,41.5,68.0,954.0,7.258333,2025-08-12"
"70.95217391304348,18.79715702811245,98.81171164658635,65.89,78.0,14.645833,very low,1492.25,476.125,6.7833333,20.2125,37.333332,249.0,955.0,14.325,2025-08-13"
"70.2764705882353,19.008508,98.96742171428572,66.0,79.0,17.637499,low,1638.625,485.04166000000004,8.895833,25.741667,36.625,175.0,956.0,17.5375,2025-08-14"
"69.96478873239437,18.86192585034014,98.88366666666666,66.2,75.0,6.995833,very low,1018.8333,455.41666000000004,3.095833,9.516667,55.79166800000001,147.0,957.0,6.9125,2025-08-15"
"72.59677419354838,18.80114202898551,98.87505217391305,65.48,81.0,13.291667,very low,584.9583,442.29166,9.233334,16.345833,60.041668,69.0,958.0,13.216667,2025-08-16"
"66.38181818181818,18.879174137931034,98.82119827586207,65.41,76.0,11.170834,very low,1087.2916,455.79166,6.475,15.966667,42.166668,58.0,959.0,11.129167,2025-08-17"
"70.91610738255034,18.9855591503268,98.93687581699346,63.61,83.0,16.341667,low,1627.9584,475.20833999999996,6.504167,20.841665,37.708332,306.0,960.0,15.991666,2025-08-18"
"71.38414634146342,19.007221212121213,98.92064696969697,64.94,76.0,12.520833,very low,1075.0834,466.0833400000001,4.8375,15.616666,39.458332,330.0,961.0,11.829166,2025-08-19"
"71.37037037037037,18.538296698113207,98.75584198113208,66.0,75.0,18.433332,low,1454.5,478.70834,8.245833,24.574999,43.5,212.0,962.0,17.395834,2025-08-20"
"69.41566265060241,18.948237142857142,98.95765771428572,66.18,75.0,15.525001000000001,very low,1016.375,459.29166000000004,5.6583333,18.770834,39.708332,175.0,963.0,14.316667,2025-08-21"
"70.87755102040816,18.69138954248366,98.77184248366014,66.45,75.0,12.8875,very low,1166.875,462.25,4.945833,14.3125,52.0,153.0,964.0,12.020833,2025-08-22"
"68.52272727272727,18.550566666666665,98.75026874999999,65.89,79.0,6.8458333,very low,1277.0416,465.83333999999996,5.0416665,13.179166,50.666667999999994,48.0,965.0,6.75,2025-08-23"
"72.48275862068965,18.898722413793102,98.81727241379309,64.47,82.0,12.991665999999999,very low,1141.75,462.70834,6.1875,17.858334,47.0,58.0,966.0,12.925,2025-08-24"
"70.73029045643153,19.120785772357724,98.92353739837398,64.78,79.0,16.574999,low,1659.1666,487.75,6.7666664,22.625,61.041668,246.0,967.0,16.529167,2025-08-25"
"70.53658536585365,18.97156089965398,98.90306851211072,66.0,74.0,12.983334,very low,985.6667,457.875,5.5833335,16.766666,45.791668,289.0,968.0,12.954166,2025-08-26"
"70.76878612716763,18.621686559139786,98.77878279569892,65.14,79.0,10.962501,very low,1167.0416,459.75,6.4791665,21.566666,35.708332,186.0,969.0,10.804166,2025-08-27"
"70.34104046242774,18.982709444444446,98.97298111111112,63.3,79.0,18.666666,low,1581.2084,485.83334,10.087501,31.129166,30.75,180.0,970.0,18.316668,2025-08-28"
"70.70588235294117,18.812233974358975,98.84949294871795,62.62,73.0,20.983334,low,1765.0833999999998,486.33334,8.083333,25.787498,50.083332,156.0,971.0,20.554167,2025-08-29"
"72.29850746268657,18.901331343283584,98.9602552238806,64.26,76.0,14.166667,very low,1660.625,484.70834,4.0875,14.508334,48.916668,67.0,972.0,13.820834,2025-08-30"
"74.11320754716981,18.68451929824561,98.84838771929826,65.3,78.0,12.037499000000002,very low,618.4582999999999,449.58334,6.4041667,15.995833,48.5,57.0,973.0,12.020833,2025-08-31"
"71.83406113537117,19.020113100436685,98.97130698689956,65.52,79.0,21.775,low,806.5,451.58334,10.5625,24.754165999999998,50.208332,229.0,974.0,21.675001,2025-09-01"
"69.9748201438849,18.905301433691758,98.86997347670251,64.65,82.0,11.287499,very low,1089.8334,458.54166,5.8333335,17.324999,37.666668,279.0,975.0,10.9875,2025-09-02"
"71.421875,18.514499999999998,98.76449326424871,65.5,80.0,20.029167,low,1565.3333999999998,476.41666,8.724999,24.949999,38.083332,193.0,976.0,19.316668,2025-09-03"
"68.7215909090909,18.938770621468926,98.95383276836158,65.35,79.0,9.7,very low,1087.4166,468.625,4.9041667,14.891666000000003,50.125,177.0,977.0,9.5,2025-09-04"
"70.21052631578948,18.83123157894737,98.81382255639097,66.79,76.0,23.283333,low,1341.125,474.79166,7.6041665,21.470833,69.708336,133.0,978.0,23.270834,2025-09-05"
"70.56521739130434,18.572484782608694,98.7333195652174,66.96,77.0,21.1875,low,1540.0416,486.875,8.029166,22.7875,66.416664,46.0,979.0,21.175001,2025-09-06"
"72.06944444444444,18.73924189189189,98.82314594594595,65.86,79.0,37.008335,moderate,1409.25,474.7916599999999,8.879167,28.016668,84.833336,74.0,980.0,36.958332,2025-09-07"
"72.16115702479338,18.937118595041323,98.91785454545455,64.6,80.0,20.083334,low,1208.5416,466.375,7.3541665,18.512499,77.208336,242.0,981.0,20.070833,2025-09-08"
"69.3012048192771,18.968623694779115,98.91036345381525,64.26,83.0,13.945834,very low,813.2083,452.33334,6.2999997,11.470833,82.458336,249.0,982.0,13.920834,2025-09-09"
"69.07070707070707,18.62245376884422,98.73228844221106,64.29,82.0,7.304167,very low,695.0417,445.0,4.7416663,12.2375,39.416668,199.0,983.0,7.275,2025-09-10"
"69.6145251396648,19.060791666666667,98.99710444444445,65.17,81.0,7.958333499999999,very low,1021.9583,463.95834,4.358333,13.912499,42.75,180.0,984.0,7.645833499999999,2025-09-11"
"71.06,18.970219402985073,98.91011592039801,64.09,82.0,14.770833,very low,980.0417,466.16666,7.558333,23.645834,32.375,201.0,985.0,14.491666,2025-09-12"
"71.20370370370371,18.770831481481483,98.8350074074074,64.96,83.0,12.995832999999998,very low,1177.6666,467.75,5.620833,17.379168,39.54166800000001,54.0,986.0,12.766666,2025-09-13"
"69.6470588235294,18.893615686274508,98.85183725490195,65.19,81.0,18.804167,low,1594.4166,482.75,7.6749997,25.595833,33.083332,51.0,987.0,18.545834,2025-09-14"
"72.51282051282051,19.048848717948715,98.96515427350427,63.75,81.0,16.2125,low,866.4167,451.75,8.958333,26.025,54.916668,234.0,988.0,16.137499,2025-09-15"
"70.5615141955836,18.978343081761004,98.89362012578617,63.59000000000001,81.0,23.408333,low,1313.5416,463.375,11.3875,29.545832000000004,61.58333199999999,318.0,989.0,23.358332,2025-09-16"
"70.01463414634146,18.613475609756097,98.79825756097561,64.98,80.0,26.195833,moderate,1236.625,473.20834,9.933333,25.654166999999998,73.083336,205.0,990.0,26.170832,2025-09-17"
"68.19680851063829,18.976535638297875,98.96207606382978,65.26,75.0,21.266666,low,1510.0834,473.125,9.620833,27.6625,74.625,188.0,991.0,21.262499,2025-09-18"
"70.46195652173913,18.759957065217392,98.8054179347826,66.47,75.0,13.929165999999999,very low,922.2083,451.625,6.8624997,18.295834,62.958332,184.0,992.0,13.925,2025-09-19"
"73.08474576271186,18.88077,98.869835,65.89,73.0,11.7,very low,829.9167,449.08334,9.095834,14.341667,66.458336,60.0,993.0,11.675,2025-09-20"
"71.82978723404256,18.744266666666665,98.83694166666668,65.75,79.0,14.641666,very low,994.9582999999999,452.70833999999996,8.345834,24.366666999999996,34.5,48.0,994.0,14.554166,2025-09-21"
"70.58419243986255,19.097492439862542,98.90873642611683,65.35,82.0,9.154166,very low,741.6667,450.625,6.0208335,19.229166,31.708334,291.0,995.0,8.837501,2025-09-22"
"70.23841059602648,19.000600660066006,98.9055,65.39,79.0,8.075,very low,1316.0834,465.70834,4.6,14.520832999999998,47.75,303.0,996.0,7.979166499999999,2025-09-23"
"70.78494623655914,18.616095187165776,98.79827379679145,64.94,78.0,11.429166,very low,898.75,460.2083400000001,7.195833,21.833334,38.666668,187.0,997.0,11.408333,2025-09-24"
"69.60215053763442,19.03392459893048,98.99047593582888,64.96,80.0,12.849999,very low,1560.125,474.9166599999999,7.1124997,20.995832,48.75,187.0,998.0,12.795834,2025-09-25"
"70.88023952095809,18.77541301775148,98.85607692307693,64.04,84.0,14.920834,very low,886.125,454.08333999999996,5.1583333,15.141666,68.75,169.0,999.0,14.791667000000002,2025-09-26"
"69.87301587301587,18.941065079365078,98.91045396825398,64.27,83.0,10.554167,very low,1575.625,471.54166,4.4249997,12.575,69.416664,63.0,1000.0,10.55,2025-09-27"
"68.67105263157895,18.817363157894736,98.87424868421053,64.35,80.0,12.616666,very low,1378.9166,478.20833999999996,6.133333,19.516666,49.125,76.0,1001.0,12.445834,2025-09-28"
"71.9017094017094,18.96567404255319,98.94266723404255,66.04,72.0,10.4875,very low,947.0833,462.70834,4.6625,14.733334,49.166668,235.0,1002.0,10.408334,2025-09-29"
"70.5241935483871,19.062786,98.9507864,66.56,76.0,5.6,very low,525.8333,444.16666,4.2541666,10.804166,44.791668,250.0,1003.0,5.5499997,2025-09-30"
"69.23711340206185,18.6222845,98.793107,64.62,82.0,12.179166,very low,844.0,452.0,6.991667,20.554166999999996,30.416666,200.0,1004.0,11.808333,2025-10-01"
"69.85635359116021,18.897537967914438,98.95801764705882,64.06,82.0,10.783333,very low,1753.375,482.1666599999999,4.929167,14.495833,45.708332,187.0,1005.0,9.983334,2025-10-02"
"72.63636363636364,18.83857537313433,98.87998507462686,63.75,83.0,15.183333,very low,1343.4584,483.91666,6.5875,20.895834,45.541668,134.0,1006.0,14.745833,2025-10-03"
"70.92063492063492,18.857704225352112,98.90958309859154,64.27,79.0,16.283333,low,1567.125,484.2083400000001,6.6083336,19.6875,41.875,71.0,1007.0,15.787499,2025-10-04"
"73.51724137931035,18.809585000000002,98.890325,63.91,77.0,12.833333,very low,1735.2916,482.29166,5.2541666,16.7875,47.666668,60.0,1008.0,12.679166,2025-10-05"
"71.14566929133858,19.03594862745098,98.95496901960784,64.24,80.0,16.004168,low,1478.7916,477.08334,7.6749997,25.158333,37.916668,255.0,1009.0,15.916667,2025-10-06"
"70.38709677419355,19.007682918149467,98.95024697508897,63.55,80.0,18.229166,low,1344.75,467.83334,5.4791665,17.75,43.0,281.0,1010.0,17.504168,2025-10-07"
"70.01321585903084,18.619829004329006,98.76211428571429,65.28,76.0,12.508334,very low,1512.4584,468.6666599999999,5.1833334,15.916667,48.458332,231.0,1011.0,12.254167,2025-10-08"
"71.05164319248826,18.95220462962963,98.93914027777777,64.42,77.0,16.475,low,1548.2084,479.45834,8.4375,18.762499,61.0,216.0,1012.0,16.345833,2025-10-09"
"72.41975308641975,18.888040853658538,98.91329329268292,63.879999999999995,77.0,24.666666,low,1281.0,466.20833999999996,14.529167,33.537502,69.708336,164.0,1013.0,24.6,2025-10-10"
"71.16176470588235,18.804702777777777,98.8857,63.79,71.0,25.604166,moderate,1661.7916,483.41666,14.224999,34.570835,72.875,72.0,1014.0,25.533333,2025-10-11"
"69.16363636363636,18.874553448275865,98.91149310344828,65.07,66.0,25.5875,moderate,1564.0834,481.04166,12.141666,29.470833,77.041664,58.0,1015.0,25.570833,2025-10-12"
"72.62711864406779,18.97703387096774,98.97609032258065,65.39,73.0,30.620834,moderate,1556.125,481.41666,12.833333,34.954166,73.291664,62.0,1016.0,30.583334,2025-10-13"
"69.16776315789474,18.96050634920635,98.92611904761905,64.99,76.0,20.7875,low,1626.5416,473.0,7.525,23.008333,71.458336,315.0,1017.0,20.737501,2025-10-14"
"70.75355450236967,18.693546511627908,98.81354139534884,63.66,77.0,10.083333000000001,very low,1226.5834,458.375,9.004167,14.974999,67.333336,215.0,1018.0,10.070833,2025-10-15"
"69.50970873786407,18.99072775119617,98.97811435406699,64.44,74.0,16.629168,low,820.2082999999999,459.5,9.404166,19.075,61.083332,209.0,1019.0,16.591667,2025-10-16"
"70.59748427672956,18.786804938271604,98.83923086419753,63.839999999999996,75.0,23.579168,low,1404.0416,483.58334,8.537499,26.966667,60.625,162.0,1020.0,23.4625,2025-10-17"
"69.92957746478874,18.886643055555556,98.89607083333334,63.39,77.0,22.970833,low,1387.25,488.79166,10.2375,30.866667,62.041667999999994,72.0,1021.0,22.574999,2025-10-18"
"68.66101694915254,18.871046666666665,98.853895,64.17,75.0,15.216667,low,1488.3334,486.125,6.1666665,20.658333000000002,56.791668,60.0,1022.0,15.079166000000003,2025-10-19"
"71.01379310344828,18.990133447098977,98.94751058020478,62.93999999999999,77.0,22.375,low,1391.25,492.70834,10.470834,30.241667,79.375,293.0,1023.0,22.320833,2025-10-20"
"69.68012422360249,18.98311389728097,98.91633776435044,62.8,68.0,19.316668,low,1118.7084,478.33334,7.566667,21.729166,67.333336,331.0,1024.0,19.295834,2025-10-21"
"70.17224880382776,18.639705188679248,98.7772820754717,62.83,73.0,15.379167,low,673.2917,461.79166,5.683333,17.958334,60.333332,212.0,1025.0,15.362500000000002,2025-10-22"
"71.76470588235294,18.895701960784315,98.82630784313726,60.26,73.0,19.795834,low,1175.7916,466.25,10.458332999999998,26.633333000000004,56.95833199999999,51.0,1026.0,19.608334,2025-10-23"
"70.73053892215569,18.905083529411765,98.87726411764706,59.68,75.0,28.033333000000002,moderate,998.875,461.25,9.6375,28.35,56.20833199999999,170.0,1027.0,27.941666,2025-10-24"
"69.8695652173913,18.869097142857143,98.89618428571428,61.79,79.0,24.949999,low,1443.7916,477.66666,11.9375,35.691666,68.5,70.0,1028.0,24.85,2025-10-25"
"67.71186440677967,18.72629365079365,98.7926761904762,61.18,78.0,23.391668,low,1458.0834,483.25,12.508334,35.191666,70.125,63.0,1029.0,23.354166,2025-10-26"
"71.01449275362319,18.983563981042654,98.9756383886256,61.18,80.0,19.233334,low,1306.2916000000002,481.83334,8.041667,25.591667000000005,58.083332,211.0,1030.0,19.229166,2025-10-27"
"70.26366559485531,19.05093375,98.933531875,61.86,77.0,19.25,low,1239.0834,479.29166,8.129167,26.0625,61.125,320.0,1031.0,19.229166,2025-10-28"
"72.21989528795811,18.659479792746115,98.8057341968912,61.61,71.0,17.475,low,1525.2083999999998,482.66666,9.575,29.558334,68.416664,193.0,1032.0,17.454166,2025-10-29"
"71.20197044334975,18.90426971153846,98.95370048076923,62.64,71.0,23.220832999999995,low,1101.4584,473.25,12.866666,36.6125,64.208336,208.0,1033.0,23.195833,2025-10-30"
"70.34745762711864,18.80311885245902,98.87261639344263,61.99,73.0,17.483334,low,713.3333,457.75,8.754167,25.308334,63.166668,122.0,1034.0,17.454166,2025-10-31"
"71.15492957746478,18.80260779220779,98.85864415584416,64.09,78.0,10.808333,very low,606.4167,448.7916599999999,8.150001,16.395834,58.083332,77.0,1035.0,10.775001,2025-11-01"
"70.77551020408163,18.70062,98.816866,64.04,79.0,12.333333,very low,566.7917,450.66666,9.575,16.625,61.708332,50.0,1036.0,12.3125,2025-11-02"
"70.81860465116279,18.98725207373272,98.95084331797234,63.34,75.0,13.724999,very low,766.2083,455.04166,8.212501,18.074999,58.75,217.0,1037.0,13.650001,2025-11-03"
"70.03396226415094,18.994101851851852,98.89037296296297,62.489999999999995,84.0,17.429167,low,1182.0834,466.0,8.7625,20.2375,68.541664,270.0,1038.0,17.416666,2025-11-04"
"72.03867403314918,18.602288524590165,98.76327049180328,61.019999999999996,85.0,32.845833,moderate,1372.6666,479.875,16.841667,36.620834,69.25,183.0,1039.0,32.804165,2025-11-05"
"71.26842105263158,18.941695833333334,98.98365104166668,62.51,76.0,30.425000999999998,moderate,1888.0834000000002,495.91666000000004,16.675001,42.649998,70.541664,192.0,1040.0,30.404167,2025-11-06"
"70.91812865497076,18.851424712643677,98.8894408045977,62.06,80.0,24.637499,low,1668.9166000000002,490.66666,8.383333,27.2875,55.5,174.0,1041.0,24.6,2025-11-07"
"74.16901408450704,18.830622666666667,98.90675466666666,63.07,77.0,17.775,low,1558.875,474.70834,6.8875003,19.4125,66.291664,75.0,1042.0,17.745832,2025-11-08"
"71.83050847457628,18.770549152542376,98.76975932203389,62.29,82.0,11.3875,very low,1010.75,453.08334,9.054167,20.558332,52.708332,59.0,1043.0,11.379167,2025-11-09"
"72.4978354978355,18.910860256410256,98.93818376068376,63.37,77.0,13.925,very low,1715.0834,470.625,8.087501,23.4625,38.541668,234.0,1044.0,13.904167,2025-11-10"
"71.97552447552448,18.96562945205479,98.90138047945204,61.18000000000001,81.0,23.883333,low,1552.75,484.66666,9.354167,28.654167,49.375,292.0,1045.0,23.862501,2025-11-11"
"71.71291866028709,18.68865186915888,98.77859766355141,61.93,77.0,30.300001,moderate,1444.5834,476.625,14.870833,42.825,81.416664,214.0,1046.0,30.270834,2025-11-12"
"70.31343283582089,18.954479024390245,98.95217902439025,62.92,76.0,26.879166,moderate,1160.5,457.70834,16.695833,31.520834,91.75,205.0,1047.0,26.862501,2025-11-13"
"71.27717391304348,18.83023689839572,98.85743048128343,62.31000000000001,79.0,22.179167,low,1894.4584,482.75,13.141666,32.891666,74.541664,187.0,1048.0,22.179167,2025-11-14"
"71.36538461538461,18.840384905660375,98.82993207547169,61.61,79.0,29.345833,moderate,1529.2084,477.375,16.729166,36.3,83.875,53.0,1049.0,29.337499999999995,2025-11-15"
"68.53448275862068,19.03774745762712,98.99805932203391,59.68,78.0,14.745833,very low,1183.375,466.83334,8.6375,25.008333,67.125,59.0,1050.0,14.516666,2025-11-16"
"70.75,19.000618614718615,98.9604116883117,58.05,71.0,20.358334,low,856.3333,457.5416599999999,7.9666667,20.525,53.125,231.0,1051.0,20.229166,2025-11-17"
"71.10622710622711,18.945921908127207,98.90573392226149,61.34,77.0,18.308332,low,740.8333,453.54166,8.037499,23.458334,46.375,283.0,1052.0,18.241667,2025-11-18"
"70.6268656716418,18.645096097560977,98.80668926829267,59.68,80.0,11.470833,very low,827.9167,459.25,7.125,17.966667,44.458332,205.0,1053.0,11.458333,2025-11-19"
"69.17098445595855,18.990530653266333,98.96341909547739,58.46,76.0,14.991668,very low,992.2917,459.58334,7.5375,20.066668,53.708332,199.0,1054.0,14.941666999999999,2025-11-20"
"69.78865979381443,18.822693908629443,98.88331370558376,54.5,80.0,14.970833,very low,623.9583,456.375,8.983334,23.266668000000003,60.0,197.0,1055.0,14.854167,2025-11-21"
"71.21126760563381,18.99260422535211,98.89887464788733,53.22,81.0,21.916666,low,1497.0416,469.4166599999999,13.766666,37.641666,69.541664,71.0,1056.0,21.833334,2025-11-22"
"67.828125,18.8012109375,98.84204687500001,53.38,79.0,24.208334,low,1499.1666,473.33334,13.587501,38.625,77.5,64.0,1057.0,24.183334,2025-11-23"
"70.53571428571429,18.967837301587302,98.95593055555555,54.84,78.0,13.974999,very low,771.7083,450.75,8.145833,22.745834,71.5,252.0,1058.0,13.8875,2025-11-24"
"68.1047619047619,19.031747619047618,98.93738126984127,53.19,73.0,12.883334,very low,588.625,452.29166,7.9583335,16.658333,69.958336,315.0,1059.0,12.820834,2025-11-25"
"68.62926829268292,18.683333980582525,98.80611067961165,49.77,66.0,21.9125,low,658.9167,453.91666,9.416667,21.504166,69.625,206.0,1060.0,21.65,2025-11-26"
"67.21354166666667,18.98899381443299,98.95481907216495,49.46,69.0,16.458334,low,549.7083,447.625,8.358334,16.929167,76.583336,194.0,1061.0,16.208334,2025-11-27"
"70.53571428571429,18.835500588235295,98.83044235294119,47.25,66.0,14.212501,very low,792.375,457.9583400000001,10.545834,23.9,69.0,170.0,1062.0,13.983334,2025-11-28"
"71.95652173913044,19.025921739130435,98.97182608695651,45.68000000000001,53.0,21.566666,low,1581.0834,468.625,16.345833,40.175,80.666664,46.0,1063.0,21.258333,2025-11-29"
"69.34482758620689,19.02220338983051,98.8992372881356,48.38,66.0,30.095833,moderate,1481.875,462.75,18.225,37.274998,106.416664,59.0,1064.0,30.083334,2025-11-30"
"71.1716738197425,18.977000743494425,98.95211189591078,51.37,69.0,32.1375,moderate,1529.625,461.625,18.025,37.425,111.0,269.0,1065.0,32.133335,2025-12-01"
"68.1459074733096,18.82800346020761,98.8586366782007,51.73,75.0,31.433334,moderate,1601.25,467.75,20.0875,41.875,115.333336,289.0,1066.0,31.420831999999997,2025-12-02"
"67.90196078431373,18.734545023696683,98.8347990521327,52.68,80.0,27.745834,moderate,1467.1666000000002,471.83334,19.470832999999995,36.75,115.291664,211.0,1067.0,27.725,2025-12-03"
"68.44075829383887,18.952475925925928,98.95713425925926,52.86,82.0,25.216667,moderate,1346.125,473.20834,18.695833,34.641666,105.5,216.0,1068.0,25.216667,2025-12-04"
"73.71186440677967,19.101873770491803,98.95271967213114,55.09,80.0,27.383333,moderate,1435.375,479.875,15.833333,36.720833,87.291664,61.0,1069.0,27.366667,2025-12-05"
"71.11363636363636,18.890544943820228,98.88736629213483,56.77000000000001,82.0,33.970833,moderate,1495.5416,494.125,16.304167,38.7375,72.208336,89.0,1070.0,33.825,2025-12-06"
"70.3970588235294,18.981096,98.900084,57.33,83.0,30.845832999999995,moderate,1391.0834,488.875,13.3625,38.2625,77.75,75.0,1071.0,30.716667000000005,2025-12-07"
"71.12558139534883,19.068641897233203,98.98366007905138,57.36,76.0,31.983332,moderate,1456.4166,487.83334,20.458334,35.658333,90.333336,253.0,1072.0,31.475,2025-12-08"
"68.39169139465875,18.980102366863903,98.91512366863907,56.39,80.0,33.045834,moderate,1593.0416,487.54166000000004,15.849999,33.825,77.458336,338.0,1073.0,32.229168,2025-12-09"
"71.55223880597015,18.83679275362319,98.87399130434783,53.74,82.0,28.704168,moderate,1291.875,483.875,13.754167,36.5125,75.958336,69.0,1074.0,28.295832,2025-12-10"
"67.41509433962264,19.020887837837837,98.97668378378377,52.39,73.0,30.649999999999995,moderate,1407.9166,485.83334,12.449999999999998,33.654167,78.666664,222.0,1075.0,30.291666,2025-12-11"
"72.80788177339902,18.97033623188406,98.90705700483092,54.04999999999999,75.0,35.4375,moderate,1344.7084,483.83334,14.912499,39.866665,72.666664,207.0,1076.0,35.158333,2025-12-12"
"73.44117647058823,18.92351917808219,98.8943397260274,56.93000000000001,80.0,29.745834,moderate,1163.6666,478.04166,10.675,31.883333000000004,69.333336,73.0,1077.0,29.558334,2025-12-13"
"71.56862745098039,19.01154259259259,98.96348148148148,56.47999999999999,80.0,23.195833,low,1378.125,483.83334,9.037499,27.4375,59.5,54.0,1078.0,23.0875,2025-12-14"
"70.75438596491227,18.9721880866426,98.94818303249097,56.5,79.0,24.533333,low,1449.0834,491.79166000000004,13.220833,35.216667,77.5,277.0,1079.0,24.475,2025-12-15"
"68.36614173228347,19.01575478927203,98.9313214559387,55.65,82.0,23.725,low,1596.875,485.33334,18.391666,25.262499,92.291664,261.0,1080.0,23.645834,2025-12-16"
"70.49792531120332,18.601687804878047,98.79373130081301,55.09,83.0,17.775,low,810.4583,467.5,10.099999,18.495832,73.458336,246.0,1081.0,17.683332,2025-12-17"
"67.76605504587155,19.055170319634705,99.00206849315069,55.2,81.0,27.362501,moderate,1151.125,475.83334,14.1375,31.891668000000003,71.375,219.0,1082.0,26.6625,2025-12-18"
"70.64114832535886,18.849370283018867,98.90067216981133,52.36,85.0,29.837499999999995,moderate,1129.2916,481.33334,14.987500000000002,38.695835,85.041664,212.0,1083.0,29.024999999999995,2025-12-19"
"70.62121212121212,18.837997101449275,98.8064231884058,52.75,72.0,26.512499,moderate,1103.0416,480.79166,18.466667,31.9125,103.541664,69.0,1084.0,26.204168,2025-12-20"
"68.32786885245902,18.928172307692307,98.90222769230769,52.88,73.0,21.637499,low,1198.875,473.04166,9.666667,27.629166,75.333336,65.0,1085.0,20.983334,2025-12-21"
"70.98672566371681,19.109051515151517,98.92346969696969,51.78,68.0,23.341667,low,1193.1666,478.70834,13.091667,34.058334,68.958336,264.0,1086.0,22.841667,2025-12-22"
"69.23102310231023,19.095446428571428,98.9516025974026,51.66,67.0,20.133333,low,1145.0834,483.2916599999999,11.545834,31.241667,63.625,308.0,1087.0,19.904167,2025-12-23"
"68.12785388127854,18.695926521739132,98.77626391304348,52.09,78.0,21.708334,low,1145.625,485.95834,10.366667,30.4625,56.333332,230.0,1088.0,21.270834,2025-12-24"
"68.5,18.96007033898305,98.98552881355933,53.49,66.0,30.775,moderate,1166.5834,484.16666,18.025,35.045834,88.458336,236.0,1089.0,30.2875,2025-12-25"
"70.63333333333334,18.888518579234972,98.88470655737706,55.45,69.0,22.1625,low,1351.7084,482.54166,14.341667,25.566666,89.125,183.0,1090.0,21.641668,2025-12-26"
"70.92957746478874,18.844335064935063,98.90633766233766,53.02,79.0,23.7875,low,1384.5416,487.2083400000001,12.108334,29.225000000000005,76.541664,77.0,1091.0,23.387499,2025-12-27"
"70.06060606060606,19.03374776119403,98.93191791044777,52.09,78.0,29.15,moderate,1209.4584,484.79166,13.233334,32.56667,70.875,67.0,1092.0,28.933334,2025-12-28"
"70.91358024691358,19.028004332129964,98.94753249097472,51.89,58.0,25.533333,moderate,1364.6666,485.16666000000004,12.775001,33.0625,64.25,277.0,1093.0,25.112501,2025-12-29"
"69.19196428571429,19.121882666666668,98.94435377777778,51.01,55.0,25.929167,moderate,1414.375,482.875,14.529167,35.604168,84.5,225.0,1094.0,25.704168,2025-12-30"
"71.44897959183673,18.914323214285712,98.81921071428572,50.7,53.0,25.070833,low,1215.3334,479.70834,13.2375,35.454166,65.458336,56.0,1095.0,24.958334,2025-12-31"
",,,,,11.895833015441895,very low,1356.2083740234375,470.5416564941406,5.270833492279053,18.65416717529297,37.54166793823242,162.02353560082946,,11.029167175292969,2026-08-26"
",,,,,11.137499809265137,very low,1405.2916259765625,463.6666564941406,5.270833492279053,14.8125,36.375,167.982407807164,,10.729166984558105,2026-08-27"
",,,,,8.945833206176758,very low,1255.1666259765625,465.7916564941406,4.358333110809326,17.65416717529297,39.75,162.90373801766754,,8.079166412353516,2026-08-28"
",,,,,5.275000095367432,very low,1128.6666259765625,464.125,3.5208332538604736,14.929165840148926,40.41666793823242,162.01489844290893,,5.125,2026-08-29"
",,,,,5.816667079925537,very low,403.9375,468.6666564941406,3.075000047683716,13.46250057220459,34.95833206176758,145.98021364017706,,5.5291666984558105,2026-08-30"
",,,,,4.199999809265137,very low,369.0,,2.4000000953674316,12.5,19.0,,,4.0,2026-08-31"
